year,team_id,game_id,league_id,level_id,split_id,pa,ab,h,k,tb,s,d,t,hr,sb,cs,rbi,r,bb,ibb,hp,sh,sf,ci,gdp,g,gs,ebh,pitches_seen,avg,obp,slg,rc,rc27,iso,woba,ops,sbp,ws,kp,bbp,wpa,babip
0,0,0,0,0,0,5372,5192,1539,80,2099,1159,225,130,25,195,0,0,1336,180,0,0,0,0,0,0,128,0,380,0,0.2964,0.3200,0.4043,719.0873,5.3149,0.1079,0.3152,0.7243,100.0000,0.0000,1.4892,3.3507,0.0000,0.2976
0,0,0,0,0,0,5843,5630,1562,95,2055,1222,209,109,22,246,0,0,1323,213,0,0,0,0,0,0,160,0,340,0,0.2774,0.3038,0.3650,679.9559,4.5130,0.0876,0.2949,0.6688,100.0000,0.0000,1.6259,3.6454,0.0000,0.2793
0,0,0,0,0,0,6782,6650,1955,119,2392,1609,266,69,11,125,56,0,1440,132,0,0,0,0,0,0,300,0,346,0,0.2940,0.3077,0.3597,746.0736,4.2399,0.0657,0.3100,0.6674,69.0608,0.0000,1.7546,1.9463,0.0000,0.2982
0,0,0,0,0,0,9177,9063,2524,133,3070,2105,316,79,24,122,60,0,1950,114,0,0,0,0,0,0,360,0,419,0,0.2785,0.2875,0.3387,888.5715,3.6356,0.0602,0.2902,0.6262,67.0330,0.0000,1.4493,1.2422,0.0000,0.2807
0,0,0,0,0,0,8665,8527,2460,140,3039,2028,305,107,20,83,61,0,1746,138,0,0,0,0,0,0,300,0,432,0,0.2885,0.2998,0.3564,912.9218,4.0223,0.0679,0.3021,0.6562,57.6389,0.0000,1.6157,1.5926,0.0000,0.2916
0,0,0,0,0,0,10181,9983,2803,132,3491,2306,337,129,31,98,38,0,2066,198,0,0,0,0,0,0,360,0,497,0,0.2808,0.2948,0.3497,1045.8072,3.9120,0.0689,0.2969,0.6445,72.0588,0.0000,1.2965,1.9448,0.0000,0.2823
0,0,0,0,0,0,10275,10160,2857,62,3572,2324,380,124,29,13,9,0,1982,115,0,0,0,0,0,0,300,0,533,0,0.2812,0.2892,0.3516,1040.6287,3.8426,0.0704,0.2920,0.6408,59.0909,0.0000,0.6034,1.1192,0.0000,0.2809
0,0,0,0,0,0,12171,12014,3126,3,3755,2635,369,106,16,0,0,0,2002,157,0,0,0,0,0,0,360,0,491,0,0.2602,0.2697,0.3126,1023.8828,3.1104,0.0524,0.2678,0.5823,0.0000,0.0000,0.0246,1.2900,0.0000,0.2593
0,0,0,0,0,0,14378,14228,3853,0,4803,3148,486,193,26,0,0,0,2625,150,0,0,0,0,0,0,576,0,705,0,0.2708,0.2784,0.3376,1348.0683,3.5082,0.0668,0.2806,0.6160,0.0000,0.0000,0.0000,1.0433,0.0000,0.2695
0,0,0,0,0,0,12642,12530,2946,0,3521,2493,347,90,16,0,0,0,1609,112,0,0,0,0,0,0,672,0,453,0,0.2351,0.2419,0.2810,858.7460,2.4193,0.0459,0.2394,0.5229,0.0000,0.0000,0.0000,0.8859,0.0000,0.2341
0,0,0,0,0,0,11886,11697,2997,275,3672,2487,365,125,20,0,0,0,1816,189,0,0,0,0,0,0,576,0,510,0,0.2562,0.2680,0.3139,997.4383,3.0955,0.0577,0.2695,0.5820,0.0000,0.0000,2.3136,1.5901,0.0000,0.2611
0,0,0,0,0,0,14001,13804,3561,314,0,0,393,105,25,0,0,0,2002,197,0,0,0,0,0,0,672,0,523,0,0.2580,0.2684,0.3071,1151.5354,3.0354,0.0491,0.0000,0.5755,0.0000,0.0000,0.0000,0.0000,0.0000,0.2626
0,0,0,0,0,0,10922,10737,2789,401,3454,2312,305,156,16,0,0,0,1574,185,0,0,0,0,0,0,576,0,477,0,0.2598,0.2723,0.3217,953.6024,3.2395,0.0619,0.2735,0.5940,0.0000,0.0000,3.6715,1.6938,0.0000,0.2687
0,0,0,0,0,0,13132,12877,3276,396,0,0,369,147,22,0,0,0,1856,255,0,0,0,0,0,0,672,0,538,0,0.2544,0.2689,0.3110,1094.7122,3.0786,0.0566,0.0000,0.5799,0.0000,0.0000,0.0000,0.0000,0.0000,0.2612
0,0,0,0,0,0,10637,10443,2539,551,3132,2103,291,133,12,0,0,0,1368,194,0,0,0,0,0,0,576,0,436,0,0.2431,0.2569,0.2999,817.6750,2.7932,0.0568,0.2575,0.5568,0.0000,0.0000,5.1800,1.8238,0.0000,0.2558
0,0,0,0,0,0,14995,14693,3870,691,0,0,463,154,32,0,0,0,2196,302,0,0,0,0,0,0,672,0,649,0,0.2634,0.2782,0.3224,1339.8032,3.3424,0.0590,0.0000,0.6006,0.0000,0.0000,0.0000,0.0000,0.0000,0.2747
0,0,0,0,0,0,14069,13829,3399,857,4316,2732,454,176,37,0,0,0,1867,240,0,0,0,0,0,0,576,0,667,0,0.2458,0.2587,0.3121,1132.4897,2.9317,0.0663,0.2589,0.5708,0.0000,0.0000,6.0914,1.7059,0.0000,0.2599
0,0,0,0,0,0,18428,18049,4650,1204,0,0,701,236,31,0,0,0,2579,379,0,0,0,0,0,0,672,0,968,0,0.2576,0.2729,0.3278,1641.3676,3.3075,0.0701,0.0000,0.6007,0.0000,0.0000,0.0000,0.0000,0.0000,0.2747
0,0,0,0,0,0,14467,14120,3462,919,4567,2665,532,222,43,0,0,0,1922,347,0,0,0,0,0,0,576,0,797,0,0.2452,0.2633,0.3234,1226.1942,3.1063,0.0783,0.2669,0.5867,0.0000,0.0000,6.3524,2.3986,0.0000,0.2598
0,0,0,0,0,0,18408,17904,4362,1292,5496,3487,645,201,29,0,0,0,2306,504,0,0,0,0,0,0,672,0,875,0,0.2436,0.2643,0.3070,1487.4607,2.9657,0.0633,0.2615,0.5713,0.0000,0.0000,7.0187,2.7379,0.0000,0.2613
0,0,0,0,0,0,17269,16686,4267,1019,5457,3386,616,221,44,0,0,0,2252,583,0,0,0,0,0,0,576,0,881,0,0.2557,0.2809,0.3270,1575.1701,3.4246,0.0713,0.2806,0.6079,0.0000,0.0000,5.9007,3.3760,0.0000,0.2703
0,0,0,0,0,0,18495,17860,4518,1250,0,0,731,208,49,0,0,0,2462,635,0,0,0,0,0,0,672,0,988,0,0.2530,0.2786,0.3254,1665.3147,3.3701,0.0725,0.0000,0.6040,0.0000,0.0000,0.0000,0.0000,0.0000,0.2699
0,0,0,0,0,0,20892,20098,4715,1670,6188,3665,711,255,84,0,0,0,2709,794,0,0,0,0,0,0,784,0,1050,0,0.2346,0.2637,0.3079,1686.1464,2.9595,0.0733,0.2617,0.5716,0.0000,0.0000,7.9935,3.8005,0.0000,0.2525
0,0,0,0,0,0,24536,23723,6115,1709,8121,4685,950,384,96,0,0,0,3646,813,0,0,0,0,0,0,896,0,1430,0,0.2578,0.2824,0.3423,2352.7359,3.6077,0.0846,0.2841,0.6247,0.0000,0.0000,6.9653,3.3135,0.0000,0.2746
0,0,0,0,0,0,29768,28566,7145,2565,9339,5559,1066,432,88,0,0,0,4278,1202,0,0,0,0,0,0,896,0,1586,0,0.2501,0.2804,0.3269,2706.3033,3.4111,0.0768,0.2764,0.6073,0.0000,0.0000,8.6166,4.0379,0.0000,0.2723
0,0,0,0,0,0,30224,29107,7681,2731,10580,5596,1421,514,150,0,0,0,4752,1117,0,0,0,0,0,0,896,0,2085,0,0.2639,0.2911,0.3635,3164.3050,3.9875,0.0996,0.2950,0.6546,0.0000,0.0000,9.0359,3.6957,0.0000,0.2872
0,0,0,0,0,0,31161,29795,7188,3684,9745,5450,1080,497,161,0,0,0,4452,1366,0,0,0,0,0,0,896,0,1738,0,0.2412,0.2745,0.3271,2772.5929,3.3114,0.0858,0.2748,0.6016,0.0000,0.0000,11.8225,4.3837,0.0000,0.2708
0,0,0,0,0,0,33833,32128,7872,3834,10764,6012,1118,452,290,0,0,0,5061,1705,0,0,0,0,0,0,896,0,1860,0,0.2450,0.2831,0.3350,3172.4149,3.5313,0.0900,0.2828,0.6181,0.0000,0.0000,11.3321,5.0395,0.0000,0.2707
0,0,0,0,0,0,32799,31034,7539,3358,10055,5817,1086,478,158,0,0,0,4523,1765,0,0,0,0,0,0,896,0,1722,0,0.2429,0.2837,0.3240,2982.4484,3.4274,0.0811,0.2835,0.6077,0.0000,0.0000,10.2381,5.3813,0.0000,0.2682
0,0,0,0,0,0,33456,31691,7766,3357,10342,6007,1107,487,165,0,0,0,4769,1765,0,0,0,0,0,0,896,0,1759,0,0.2451,0.2849,0.3263,3076.9781,3.4725,0.0813,0.2850,0.6112,0.0000,0.0000,10.0341,5.2756,0.0000,0.2698
0,0,0,0,0,0,39732,36927,8876,4477,11838,6836,1300,558,182,1644,0,0,5570,2805,0,0,0,0,0,0,1120,0,2040,0,0.2404,0.2940,0.3206,3946.0507,3.7982,0.0802,0.2827,0.6146,100.0000,0.0000,11.2680,7.0598,0.0000,0.2694
0,0,0,0,0,0,38749,36000,9098,4501,12364,6891,1379,597,231,1599,0,0,5942,2749,0,0,0,0,0,0,1120,0,2207,0,0.2527,0.3057,0.3434,4252.8679,4.2684,0.0907,0.2969,0.6492,100.0000,0.0000,11.6158,7.0944,0.0000,0.2836
0,0,0,0,0,0,41318,38215,10487,2941,14281,7911,1621,692,263,3329,0,0,7008,3103,0,0,0,0,0,0,1120,0,2576,0,0.2744,0.3289,0.3737,5531.9306,5.3867,0.0993,0.3108,0.7026,100.0000,0.0000,7.1180,7.5100,0.0000,0.2920
0,0,0,0,0,0,39469,36519,9747,2955,13655,7231,1467,706,343,3016,0,0,6406,2950,0,0,0,0,0,0,1120,0,2516,0,0.2669,0.3217,0.3739,5144.0141,5.1878,0.1070,0.3066,0.6956,100.0000,0.0000,7.4869,7.4742,0.0000,0.2831
0,0,0,0,0,0,40178,37741,9038,4023,11951,7065,1260,486,227,2773,0,0,5415,2437,0,0,0,0,0,0,1120,0,1973,0,0.2395,0.2856,0.3167,4006.0482,3.7684,0.0772,0.2672,0.6023,100.0000,0.0000,10.0129,6.0655,0.0000,0.2631
0,0,0,0,0,0,39988,37698,8962,4209,12171,6909,1191,568,294,2487,0,0,5213,2290,0,0,0,0,0,0,1120,0,2053,0,0.2377,0.2814,0.3229,3956.1636,3.7172,0.0851,0.2670,0.6042,100.0000,0.0000,10.5257,5.7267,0.0000,0.2611
0,0,0,0,0,0,41825,38281,9984,3959,13349,7719,1456,518,291,2127,0,0,6146,3544,0,0,0,0,0,0,1120,0,2265,0,0.2608,0.3234,0.3487,4973.4135,4.7455,0.0879,0.3094,0.6722,100.0000,0.0000,9.4656,8.4734,0.0000,0.2848
0,0,0,0,0,0,41969,38197,10122,3710,13939,7622,1559,565,376,2689,0,0,6840,3772,0,0,0,0,0,0,1120,0,2500,0,0.2650,0.3311,0.3649,5402.1371,5.1953,0.0999,0.3190,0.6960,100.0000,0.0000,8.8399,8.9876,0.0000,0.2857
0,0,0,0,0,0,37015,33586,8497,3693,11060,6740,1122,464,171,2161,0,0,5441,3429,0,0,0,0,0,0,1120,0,1757,0,0.2530,0.3222,0.3293,4212.7665,4.5336,0.0763,0.3060,0.6515,100.0000,0.0000,9.9770,9.2638,0.0000,0.2801
0,0,0,0,0,0,40033,36429,9235,3563,12488,7053,1360,573,249,2289,0,0,5872,3604,0,0,0,0,0,0,1120,0,2182,0,0.2535,0.3207,0.3428,4687.2853,4.6538,0.0893,0.3093,0.6635,100.0000,0.0000,8.9002,9.0026,0.0000,0.2755
0,0,0,0,0,0,39358,35461,9111,3633,12358,7023,1198,621,269,2009,0,0,6126,3897,0,0,0,0,0,0,1120,0,2088,0,0.2569,0.3305,0.3485,4764.5212,4.8821,0.0916,0.3179,0.6790,100.0000,0.0000,9.2307,9.9014,0.0000,0.2802
0,0,0,0,0,0,42483,38757,9798,3651,13183,7583,1335,590,290,1999,0,0,5992,3726,0,0,0,0,0,0,1120,0,2215,0,0.2528,0.3183,0.3401,4835.9657,4.5088,0.0873,0.3077,0.6585,100.0000,0.0000,8.5940,8.7706,0.0000,0.2731
0,0,0,0,0,0,41033,37108,9286,3660,12376,7277,1182,573,254,2060,0,0,5947,3925,0,0,0,0,0,0,1120,0,2009,0,0.2502,0.3220,0.3335,4658.0261,4.5204,0.0833,0.3084,0.6555,100.0000,0.0000,8.9197,9.5655,0.0000,0.2721
0,0,0,0,0,0,46795,42630,10460,3878,0,0,1369,664,306,2198,0,0,6374,4165,0,0,0,0,0,0,1120,0,2339,0,0.2454,0.3125,0.3302,5094.5630,4.2758,0.0848,0.0000,0.6427,100.0000,0.0000,0.0000,0.0000,0.0000,0.2641
0,0,0,0,0,0,38558,34568,9267,2678,12420,7169,1287,567,244,1899,0,0,6210,3990,0,0,0,0,0,0,1120,0,2098,0,0.2681,0.3438,0.3593,4966.4343,5.2999,0.0912,0.3310,0.7031,100.0000,0.0000,6.9454,10.3480,0.0000,0.2851
0,0,0,0,0,0,42256,38192,10764,2244,0,0,1454,707,359,1910,0,0,7038,4064,0,0,0,0,0,0,1120,0,2520,0,0.2818,0.3509,0.3851,5880.8235,5.7891,0.1033,0.0000,0.7360,100.0000,0.0000,0.0000,0.0000,0.0000,0.2924
0,0,0,0,0,0,38354,34488,9728,2823,13463,7294,1447,673,314,2067,0,0,6610,3866,0,0,0,0,0,0,1120,0,2434,0,0.2821,0.3544,0.3904,5508.9832,6.0074,0.1083,0.3413,0.7448,100.0000,0.0000,7.3604,10.0798,0.0000,0.3003
0,0,0,0,0,0,42370,38517,12050,2064,0,0,1831,841,456,2103,0,0,8001,3853,0,0,0,0,0,0,1120,0,3128,0,0.3128,0.3753,0.4396,7141.2765,7.2851,0.1267,0.0000,0.8149,100.0000,0.0000,0.0000,0.0000,0.0000,0.3221
0,0,0,0,0,0,38149,34546,9703,2906,13026,7509,1351,557,286,1947,0,0,6394,3603,0,0,0,0,0,0,1120,0,2194,0,0.2809,0.3488,0.3771,5223.2110,5.6767,0.0962,0.3358,0.7259,100.0000,0.0000,7.6175,9.4445,0.0000,0.3003
0,0,0,0,0,0,41302,37892,11176,2279,0,0,1600,664,341,1998,0,0,7021,3410,0,0,0,0,0,0,1120,0,2605,0,0.2949,0.3532,0.3992,6022.1936,6.0862,0.1043,0.0000,0.7524,100.0000,0.0000,0.0000,0.0000,0.0000,0.3072
0,0,0,0,0,0,38285,34664,9652,2892,12875,7539,1279,558,276,2126,0,0,6239,3621,0,0,0,0,0,0,1120,0,2113,0,0.2784,0.3467,0.3714,5173.2909,5.5845,0.0930,0.3325,0.7181,100.0000,0.0000,7.5539,9.4580,0.0000,0.2977
0,0,0,0,0,0,39914,36769,10600,2213,14192,8224,1431,674,271,1988,0,0,6249,3145,0,0,0,0,0,0,1120,0,2376,0,0.2883,0.3444,0.3860,5524.8123,5.7003,0.0977,0.3349,0.7303,100.0000,0.0000,5.5444,7.8794,0.0000,0.3013
0,0,0,0,0,0,38022,34494,9647,2984,12798,7532,1333,528,254,2042,0,0,6120,3528,0,0,0,0,0,0,1120,0,2115,0,0.2797,0.3465,0.3710,5120.4186,5.5641,0.0913,0.3331,0.7175,100.0000,0.0000,7.8481,9.2788,0.0000,0.3005
0,0,0,0,0,0,41006,37906,10968,2326,0,0,1530,663,256,1711,0,0,6333,3100,0,0,0,0,0,0,1120,0,2449,0,0.2893,0.3431,0.3850,5587.8565,5.6007,0.0956,0.0000,0.7280,100.0000,0.0000,0.0000,0.0000,0.0000,0.3032
0,0,0,0,0,0,40521,36800,9891,3020,12823,7952,1187,511,241,1832,0,0,6028,3721,0,0,0,0,0,0,1120,0,1939,0,0.2688,0.3359,0.3485,4952.5697,4.9693,0.0797,0.3243,0.6844,100.0000,0.0000,7.4529,9.1829,0.0000,0.2877
0,0,0,0,0,0,45006,41723,11180,2810,0,0,1445,616,201,1294,0,0,6034,3283,0,0,0,0,0,0,1120,0,2262,0,0.2680,0.3214,0.3466,5137.3633,4.5414,0.0786,0.0000,0.6679,100.0000,0.0000,0.0000,0.0000,0.0000,0.2836
0,0,0,0,0,0,40182,36777,9871,2962,12898,7865,1244,503,259,1957,0,0,5859,3405,0,0,0,0,0,0,1120,0,2006,0,0.2684,0.3304,0.3507,4890.1817,4.9073,0.0823,0.3186,0.6811,100.0000,0.0000,7.3715,8.4739,0.0000,0.2864
0,0,0,0,0,0,45278,41799,11952,2477,0,0,1493,732,234,1766,0,0,6721,3479,0,0,0,0,0,0,1120,0,2459,0,0.2859,0.3408,0.3735,5941.5587,5.3748,0.0875,0.0000,0.7143,100.0000,0.0000,0.0000,0.0000,0.0000,0.2998
0,0,0,0,0,0,40182,36777,9871,2962,12898,7865,1244,503,259,1957,0,0,5859,3405,0,0,0,0,0,0,1120,0,2006,0,0.2684,0.3304,0.3507,4890.1817,4.9073,0.0823,0.3178,0.6811,100.0000,0.0000,7.3715,8.4739,0.0000,0.2864
0,0,0,0,0,0,42166,39132,10925,2697,0,0,1432,607,254,1686,0,0,5932,3034,0,0,0,0,0,0,1120,0,2293,0,0.2792,0.3310,0.3663,5296.3027,5.0697,0.0871,0.0000,0.6973,100.0000,0.0000,0.0000,0.0000,0.0000,0.2949
0,0,0,0,0,0,40918,38138,10559,2736,14153,8109,1534,688,228,1449,0,0,5874,2780,0,0,0,0,0,0,1098,0,2450,0,0.2769,0.3260,0.3711,5095.0429,4.9881,0.0942,0.3187,0.6971,100.0000,0.0000,6.6865,6.7941,0.0000,0.2937
0,0,0,0,0,0,41652,38967,10398,4241,13576,8224,1397,550,227,1402,0,0,5194,2685,0,0,0,0,0,0,1122,0,2174,0,0.2668,0.3141,0.3484,4712.5247,4.4537,0.0816,0.3043,0.6625,100.0000,0.0000,10.1820,6.4463,0.0000,0.2948
0,0,0,0,0,0,40820,38005,10451,2744,14024,7963,1661,569,258,1315,0,0,5407,2815,0,0,0,0,0,0,1106,0,2488,0,0.2750,0.3250,0.3690,5017.7134,4.9168,0.0940,0.3214,0.6940,100.0000,0.0000,6.7222,6.8961,0.0000,0.2912
0,0,0,0,0,0,40766,38146,9866,3895,12158,8184,1170,414,98,1362,0,0,4476,2620,0,0,0,0,0,0,1124,0,1682,0,0.2586,0.3063,0.3187,4149.3729,3.9616,0.0601,0.2926,0.6250,100.0000,0.0000,9.5545,6.4269,0.0000,0.2860
0,0,0,0,0,0,39700,37434,9553,4199,12890,7202,1549,618,184,1173,0,0,4543,2266,0,0,0,0,0,0,1108,0,2351,0,0.2552,0.2977,0.3443,4194.4410,4.0619,0.0891,0.2939,0.6420,100.0000,0.0000,10.5768,5.7078,0.0000,0.2835
0,0,0,0,0,0,41108,38005,10223,0,13247,8044,1485,543,151,1562,0,0,5349,3103,0,0,0,0,0,0,1120,0,2179,0,0.2690,0.3242,0.3486,4819.1248,4.6835,0.0796,0.3104,0.6727,100.0000,0.0000,0.0000,7.5484,0.0000,0.2661
0,0,0,0,0,0,44090,41479,10138,5026,13308,7890,1482,610,156,1207,0,0,4433,2611,0,0,0,0,0,0,1252,0,2248,0,0.2444,0.2892,0.3208,4225.9075,3.6406,0.0764,0.2823,0.6100,100.0000,0.0000,11.3994,5.9220,0.0000,0.2750
0,0,0,0,0,0,43979,41010,10225,0,13207,8137,1369,544,175,1573,0,0,4874,2969,0,0,0,0,0,0,1246,0,2088,0,0.2493,0.3000,0.3220,4439.1709,3.8934,0.0727,0.2888,0.6221,100.0000,0.0000,0.0000,6.7509,0.0000,0.2461
0,0,0,0,0,0,43604,40622,9783,0,12740,7617,1531,479,156,1331,0,0,4549,2982,0,0,0,0,0,0,1234,0,2166,0,0.2408,0.2927,0.3136,4159.2049,3.6414,0.0728,0.2838,0.6064,100.0000,0.0000,0.0000,6.8388,0.0000,0.2379
0,0,0,0,0,0,44426,41219,10515,0,13670,8365,1327,641,182,1601,0,0,5091,3207,0,0,0,0,0,0,1240,0,2150,0,0.2551,0.3089,0.3316,4736.9841,4.1655,0.0765,0.2991,0.6405,100.0000,0.0000,0.0000,7.2187,0.0000,0.2518
0,0,0,0,0,0,43215,40413,10051,0,12866,8025,1374,515,137,1533,0,0,4495,2802,0,0,0,0,0,0,1226,0,2026,0,0.2487,0.2974,0.3184,4280.3717,3.8064,0.0697,0.2900,0.6158,100.0000,0.0000,0.0000,6.4839,0.0000,0.2462
0,0,0,0,0,0,43016,39649,9693,0,12307,7820,1258,489,126,1461,0,0,4388,3367,0,0,0,0,0,0,1230,0,1873,0,0.2445,0.3036,0.3104,4232.9447,3.8152,0.0659,0.2908,0.6140,100.0000,0.0000,0.0000,7.8273,0.0000,0.2421
0,0,0,0,0,0,43789,40965,10132,0,12679,8248,1325,455,104,1395,0,0,4511,2824,0,0,0,0,0,0,1234,0,1884,0,0.2473,0.2959,0.3095,4183.2474,3.6632,0.0622,0.2874,0.6054,100.0000,0.0000,0.0000,6.4491,0.0000,0.2454
0,0,0,0,0,0,42614,39337,9566,0,12145,7773,1148,504,141,1380,0,0,4187,3277,0,0,0,0,0,0,1232,0,1793,0,0.2432,0.3014,0.3087,4133.3098,3.7486,0.0656,0.2908,0.6101,100.0000,0.0000,0.0000,7.6900,0.0000,0.2405
0,0,0,0,0,0,43404,40601,9702,0,12327,7808,1279,499,116,1361,0,0,4284,2803,0,0,0,0,0,0,1244,0,1894,0,0.2390,0.2881,0.3036,3965.3619,3.4650,0.0647,0.2789,0.5917,100.0000,0.0000,0.0000,6.4579,0.0000,0.2368
0,0,0,0,0,0,43135,40078,9577,0,12278,7680,1244,502,151,1372,0,0,4139,3057,0,0,0,0,0,0,1244,0,1897,0,0.2390,0.2929,0.3064,4037.9184,3.5744,0.0674,0.2830,0.5992,100.0000,0.0000,0.0000,7.0871,0.0000,0.2361
0,0,0,0,0,0,42903,39972,9747,0,12344,7867,1272,499,109,1544,0,0,4264,2931,0,0,0,0,0,0,1240,0,1880,0,0.2438,0.2955,0.3088,4110.1448,3.6716,0.0650,0.2860,0.6043,100.0000,0.0000,0.0000,6.8317,0.0000,0.2418
0,0,0,0,0,0,44223,40649,9907,0,12752,7867,1386,503,151,1508,0,0,4541,3574,0,0,0,0,0,0,1242,0,2040,0,0.2437,0.3048,0.3137,4409.6524,3.8729,0.0700,0.2937,0.6186,100.0000,0.0000,0.0000,8.0818,0.0000,0.2409
0,0,0,0,0,0,44320,40925,9948,0,12822,7935,1299,567,147,1671,0,0,4573,3395,0,0,0,0,0,0,1256,0,2013,0,0.2431,0.3011,0.3133,4387.5409,3.8242,0.0702,0.2907,0.6144,100.0000,0.0000,0.0000,7.6602,0.0000,0.2404
0,0,0,0,0,0,44639,40615,10384,4415,13726,8062,1516,592,214,1594,0,0,5007,4024,0,0,0,0,0,0,1242,0,2322,0,0.2557,0.3228,0.3380,5035.5281,4.4973,0.0823,0.3123,0.6607,100.0000,0.0000,9.8905,9.0145,0.0000,0.2826
0,0,0,0,0,0,44713,41154,11239,0,14738,8777,1623,641,198,1711,0,0,5658,3559,0,0,0,0,0,0,1228,0,2462,0,0.2731,0.3310,0.3581,5478.3213,4.9445,0.0850,0.3209,0.6891,100.0000,0.0000,0.0000,7.9597,0.0000,0.2696
0,0,0,0,0,0,45386,41107,10675,4798,14629,8035,1642,682,316,1691,0,0,5506,4279,0,0,0,0,0,0,1246,0,2640,0,0.2597,0.3295,0.3559,5476.3218,4.8587,0.0962,0.3201,0.6854,100.0000,0.0000,10.5715,9.4280,0.0000,0.2878
0,0,0,0,0,0,44681,40887,10826,0,14227,8408,1591,671,156,1809,0,0,5495,3794,0,0,0,0,0,0,1238,0,2418,0,0.2648,0.3272,0.3480,5285.7643,4.7475,0.0832,0.3155,0.6752,100.0000,0.0000,0.0000,8.4913,0.0000,0.2620
0,0,0,0,0,0,45042,41153,11214,4627,15203,8482,1762,683,287,1576,0,0,5659,3889,0,0,0,0,0,0,1226,0,2732,0,0.2725,0.3353,0.3694,5711.5440,5.1509,0.0969,0.3276,0.7047,100.0000,0.0000,10.2726,8.6342,0.0000,0.3015
0,0,0,0,0,0,43654,39911,10209,4670,13404,7953,1476,621,159,1674,0,0,4823,3743,0,0,0,0,0,0,1228,0,2256,0,0.2558,0.3196,0.3358,4873.2156,4.4299,0.0801,0.3064,0.6555,100.0000,0.0000,10.6978,8.5742,0.0000,0.2865
0,0,0,0,0,0,44831,41301,10812,4605,14626,8263,1594,645,310,1576,0,0,5141,3530,0,0,0,0,0,0,1240,0,2549,0,0.2618,0.3199,0.3541,5234.8316,4.6358,0.0923,0.3132,0.6740,100.0000,0.0000,10.2719,7.8740,0.0000,0.2886
0,0,0,0,0,0,44663,40743,10085,5111,13160,7904,1435,598,148,1657,1370,0,4610,3920,0,0,0,0,0,0,1262,0,2181,0,0.2475,0.3136,0.3230,4254.9988,3.5870,0.0755,0.3087,0.6366,54.7407,0.0000,11.4435,8.7768,0.0000,0.2800
0,0,0,0,0,0,44446,40846,10254,4655,13651,7934,1510,543,267,1435,0,0,4798,3600,0,0,0,0,0,0,1250,0,2320,0,0.2510,0.3117,0.3342,4779.4212,4.2182,0.0832,0.3122,0.6459,100.0000,0.0000,10.4734,8.0997,0.0000,0.2780
0,0,0,0,0,0,44521,40304,10005,4868,13128,7819,1409,617,160,1443,1051,0,4922,4217,0,0,0,0,0,0,1242,0,2186,0,0.2482,0.3194,0.3257,4430.1078,3.8154,0.0775,0.3188,0.6452,57.8589,0.0000,10.9342,9.4719,0.0000,0.2791
0,0,0,0,0,0,44154,40888,10140,4728,13514,7788,1555,572,225,1194,995,0,4522,3266,0,0,0,0,0,0,1248,0,2352,0,0.2480,0.3036,0.3305,4211.7797,3.5825,0.0825,0.3113,0.6341,54.5455,0.0000,10.7080,7.3968,0.0000,0.2759
0,0,0,0,0,0,44899,40837,10147,4707,13223,7911,1540,552,144,1425,0,0,4599,4062,0,0,0,0,0,0,1250,0,2236,0,0.2485,0.3165,0.3238,4753.3550,4.1818,0.0753,0.3027,0.6403,100.0000,0.0000,10.4835,9.0470,0.0000,0.2780
0,0,0,0,0,0,44105,41090,10138,4829,13488,7855,1455,589,239,1328,0,0,4290,3015,0,0,0,0,0,0,1244,0,2283,0,0.2467,0.2982,0.3283,4462.1072,3.8924,0.0815,0.2942,0.6265,100.0000,0.0000,10.9489,6.8360,0.0000,0.2748
0,0,0,0,0,0,44526,40670,10075,4192,13017,7932,1477,533,133,1268,0,0,4540,3856,0,0,0,0,0,0,1244,0,2143,0,0.2477,0.3129,0.3201,4592.6433,4.0530,0.0723,0.3009,0.6329,100.0000,0.0000,9.4147,8.6601,0.0000,0.2735
0,0,0,0,0,0,44439,41385,10316,4488,13564,8077,1432,605,202,1145,0,0,4408,3054,0,0,0,0,0,0,1250,0,2239,0,0.2493,0.3009,0.3278,4498.9197,3.9097,0.0785,0.2969,0.6286,100.0000,0.0000,10.0992,6.8723,0.0000,0.2756
0,0,0,0,0,0,36742,33535,8502,3004,10814,6792,1204,410,96,960,0,0,3703,3207,0,0,0,0,0,0,1016,0,1710,0,0.2535,0.3187,0.3225,3871.0320,4.1752,0.0689,0.3072,0.6412,100.0000,0.0000,8.1759,8.7284,0.0000,0.2762
0,0,0,0,0,0,36321,33780,8583,2921,11069,6850,1119,475,139,1029,0,0,3682,2541,0,0,0,0,0,0,1016,0,1733,0,0.2541,0.3063,0.3277,3756.3109,4.0251,0.0736,0.3019,0.6339,100.0000,0.0000,8.0422,6.9960,0.0000,0.2749
0,0,0,0,0,0,40754,37387,10021,3561,13410,7643,1607,531,240,912,0,0,4586,3367,0,0,0,0,0,0,1120,0,2378,0,0.2680,0.3285,0.3587,4848.6609,4.7838,0.0906,0.3206,0.6872,100.0000,0.0000,8.7378,8.2618,0.0000,0.2912
0,0,0,0,0,0,39899,37284,9603,3288,12573,7564,1315,517,207,1165,0,0,4071,2615,0,0,0,0,0,0,1116,0,2039,0,0.2576,0.3062,0.3372,4243.8557,4.1394,0.0797,0.2999,0.6434,100.0000,0.0000,8.2408,6.5540,0.0000,0.2781
0,0,0,0,0,0,45795,41986,11902,3653,16256,8906,2007,620,369,752,707,0,5869,3809,0,0,0,0,0,0,1234,0,2996,0,0.2835,0.3431,0.3872,5778.6057,5.0671,0.1037,0.3478,0.7302,51.5422,0.0000,7.9769,8.3175,0.0000,0.3038
0,0,0,0,0,0,45213,42197,11376,3632,15051,8867,1604,644,261,969,862,0,4893,3016,0,0,0,0,0,0,1234,0,2509,0,0.2696,0.3183,0.3567,4889.4612,4.1668,0.0871,0.3219,0.6750,52.9219,0.0000,8.0331,6.6706,0.0000,0.2902
0,0,0,0,0,0,46794,42829,12525,3583,17484,9214,2140,694,477,685,545,0,6303,3965,0,0,0,0,0,0,1232,0,3311,0,0.2924,0.3524,0.4082,6430.3049,5.6280,0.1158,0.3547,0.7606,55.6911,0.0000,7.6570,8.4733,0.0000,0.3108
0,0,0,0,0,0,45282,42376,12266,3380,16825,9297,1839,670,460,803,771,0,5632,2906,0,0,0,0,0,0,1226,0,2969,0,0.2895,0.3351,0.3970,5723.9284,5.0046,0.1076,0.3404,0.7321,51.0165,0.0000,7.4643,6.4176,0.0000,0.3064
0,0,0,0,0,0,46078,42281,12041,3573,16818,8899,2032,585,525,681,515,0,5865,3797,0,0,0,0,0,0,1236,0,3142,0,0.2848,0.3437,0.3978,6038.7944,5.3015,0.1130,0.3459,0.7415,56.9398,0.0000,7.7542,8.2404,0.0000,0.3016
0,0,0,0,0,0,46505,43050,12579,3380,17404,9476,1911,662,530,755,634,0,6194,3455,0,0,0,0,0,0,1240,0,3103,0,0.2922,0.3448,0.4043,6190.7636,5.3738,0.1121,0.3484,0.7491,54.3557,0.0000,7.2680,7.4293,0.0000,0.3078
0,0,0,0,0,0,46160,42068,11876,3611,16318,8871,2010,553,442,741,606,0,5887,4092,0,0,0,0,0,0,1232,0,3005,0,0.2823,0.3459,0.3879,5912.9190,5.1837,0.1056,0.3467,0.7338,55.0111,0.0000,7.8228,8.8648,0.0000,0.3008
0,0,0,0,0,0,46710,43216,12348,3408,17050,9310,1912,588,538,824,657,0,5987,3494,0,0,0,0,0,0,1234,0,3038,0,0.2857,0.3392,0.3945,5977.4220,5.1194,0.1088,0.3448,0.7337,55.6381,0.0000,7.2961,7.4802,0.0000,0.3007
0,0,0,0,0,0,46416,42280,12253,3249,16743,9108,2197,551,397,749,581,0,6141,4136,0,0,0,0,0,0,1234,0,3145,0,0.2898,0.3531,0.3960,6201.0844,5.4701,0.1062,0.3531,0.7491,56.3158,0.0000,6.9997,8.9107,0.0000,0.3069
0,0,0,0,0,0,45661,42445,12009,3408,16631,9007,1881,622,499,754,659,0,5581,3216,0,0,0,0,0,0,1228,0,3002,0,0.2829,0.3334,0.3918,5697.1527,4.9469,0.1089,0.3399,0.7253,53.3616,0.0000,7.4637,7.0432,0.0000,0.2987
0,0,0,0,0,0,46884,42595,12418,3308,17349,9110,2218,557,533,711,582,0,6401,4289,0,0,0,0,0,0,1232,0,3308,0,0.2915,0.3563,0.4073,6477.6041,5.6860,0.1158,0.3559,0.7636,54.9884,0.0000,7.0557,9.1481,0.0000,0.3067
0,0,0,0,0,0,46319,42859,12495,3373,17751,9125,2120,614,636,672,517,0,6195,3460,0,0,0,0,0,0,1224,0,3370,0,0.2915,0.3445,0.4142,6332.6630,5.5368,0.1226,0.3509,0.7586,56.5181,0.0000,7.2821,7.4699,0.0000,0.3053
0,0,0,0,0,0,45994,41762,11750,3452,16353,8563,2195,568,424,664,509,0,5831,4232,0,0,0,0,0,0,1232,0,3187,0,0.2814,0.3475,0.3916,5987.6883,5.2969,0.1102,0.3455,0.7391,56.6070,0.0000,7.5053,9.2012,0.0000,0.2989
0,0,0,0,0,0,45482,42009,11755,3359,16198,8779,1948,589,439,608,0,0,5612,3473,0,0,0,0,0,0,1236,0,2976,0,0.2798,0.3348,0.3856,5831.4983,5.2043,0.1058,0.3358,0.7204,100.0000,0.0000,7.3853,7.6360,0.0000,0.2961
0,0,0,0,0,0,46135,42117,12024,3341,16822,8714,2261,610,439,788,511,0,6094,4018,0,0,0,0,0,0,1238,0,3310,0,0.2855,0.3477,0.3994,6152.6258,5.4281,0.1139,0.3465,0.7471,60.6620,0.0000,7.2418,8.7092,0.0000,0.3022
0,0,0,0,0,0,45757,42344,11935,3491,16352,9024,1888,540,483,649,0,0,5651,3413,0,0,0,0,0,0,1234,0,2911,0,0.2819,0.3354,0.3862,5895.7022,5.2348,0.1043,0.3348,0.7216,100.0000,0.0000,7.6294,7.4590,0.0000,0.2985
0,0,0,0,0,0,45945,42117,11831,3719,16720,8528,2200,620,483,697,476,0,5876,3828,0,0,0,0,0,0,1234,0,3303,0,0.2809,0.3408,0.3970,5973.9694,5.2434,0.1161,0.3402,0.7378,59.4203,0.0000,8.0945,8.3317,0.0000,0.2993
0,0,0,0,0,0,46184,42336,11901,3410,16788,8752,2021,518,610,568,0,0,5769,3848,0,0,0,0,0,0,1228,0,3149,0,0.2811,0.3410,0.3965,6166.6897,5.4707,0.1154,0.3403,0.7375,100.0000,0.0000,7.3835,8.3319,0.0000,0.2947
0,0,0,0,0,0,46235,42181,11976,3578,17188,8553,2229,599,595,634,491,0,6138,4054,0,0,0,0,0,0,1226,0,3423,0,0.2839,0.3467,0.4075,6241.7207,5.4902,0.1236,0.3448,0.7542,56.3556,0.0000,7.7387,8.7682,0.0000,0.2994
0,0,0,0,0,0,46991,43030,12668,3465,18321,9092,2253,569,754,692,0,0,6609,3961,0,0,0,0,0,0,1232,0,3576,0,0.2944,0.3539,0.4258,6975.1491,6.2028,0.1314,0.3548,0.7796,100.0000,0.0000,7.3738,8.4293,0.0000,0.3070
0,0,0,0,0,0,46857,42882,12338,4088,18044,8634,2375,656,673,598,423,0,6670,3975,0,0,0,0,0,0,1232,0,3704,0,0.2877,0.3481,0.4208,6574.9542,5.7327,0.1331,0.3459,0.7689,58.5700,0.0000,8.7244,8.4833,0.0000,0.3060
0,0,0,0,0,0,47384,43693,13260,3848,19572,9357,2386,625,892,481,0,0,7025,3691,0,0,0,0,0,0,1236,0,3903,0,0.3035,0.3577,0.4479,7434.4072,6.5958,0.1445,0.3598,0.8057,100.0000,0.0000,8.1209,7.7895,0.0000,0.3175
0,0,0,0,0,0,47838,43670,12154,4047,17281,8717,2323,538,576,624,452,0,6355,4168,0,0,0,0,0,0,1236,0,3437,0,0.2783,0.3412,0.3957,6200.0286,5.2365,0.1174,0.3405,0.7369,57.9926,0.0000,8.4598,8.7127,0.0000,0.2965
0,0,0,0,0,0,46443,42941,11883,3862,16614,8670,2188,532,493,462,0,0,5537,3502,0,0,0,0,0,0,1236,0,3213,0,0.2767,0.3313,0.3869,5884.8660,5.1160,0.1102,0.3315,0.7182,100.0000,0.0000,8.3156,7.5404,0.0000,0.2952
0,0,0,0,0,0,47835,43430,12017,4029,17565,8453,2287,570,707,544,405,0,6436,4405,0,0,0,0,0,0,1230,0,3564,0,0.2767,0.3433,0.4044,6359.6480,5.3966,0.1277,0.3407,0.7477,57.3235,0.0000,8.4227,9.2087,0.0000,0.2923
0,0,0,0,0,0,46904,43763,12091,3857,17341,8645,2293,502,651,445,0,0,5680,3141,0,0,0,0,0,0,1236,0,3446,0,0.2763,0.3247,0.3962,5971.8182,5.0909,0.1200,0.3269,0.7210,100.0000,0.0000,8.2232,6.6967,0.0000,0.2914
0,0,0,0,0,0,47044,42674,11637,3904,16638,8395,2090,545,607,452,376,0,6080,4370,0,0,0,0,0,0,1216,0,3242,0,0.2727,0.3403,0.3899,5983.8115,5.1432,0.1172,0.3396,0.7301,54.5894,0.0000,8.2986,9.2892,0.0000,0.2890
0,0,0,0,0,0,45538,42559,11332,3528,15410,8596,1854,422,460,408,0,0,4908,2979,0,0,0,0,0,0,1236,0,2736,0,0.2663,0.3143,0.3621,5152.9091,4.4554,0.0958,0.3144,0.6764,100.0000,0.0000,7.7474,6.5418,0.0000,0.2819
0,0,0,0,0,0,47547,42932,11968,4279,17135,8626,2205,449,688,547,315,0,6305,4615,0,0,0,0,0,0,1230,0,3342,0,0.2788,0.3488,0.3991,6370.5265,5.4990,0.1204,0.3454,0.7479,63.4571,0.0000,8.9995,9.7062,0.0000,0.2971
0,0,0,0,0,0,46229,42982,11996,4150,16938,8799,2108,433,656,362,0,0,5695,3247,0,0,0,0,0,0,1216,0,3197,0,0.2791,0.3297,0.3941,5925.3655,5.1631,0.1150,0.3321,0.7238,100.0000,0.0000,8.9770,7.0237,0.0000,0.2970
0,0,0,0,0,0,47543,42999,12033,3936,17284,8633,2212,525,663,480,329,0,6220,4544,0,0,0,0,0,0,1222,0,3400,0,0.2798,0.3487,0.4020,6395.9357,5.5181,0.1221,0.3459,0.7506,59.3325,0.0000,8.2788,9.5577,0.0000,0.2961
0,0,0,0,0,0,46722,43438,12041,4072,17004,8864,2053,462,662,403,0,0,5806,3284,0,0,0,0,0,0,1234,0,3177,0,0.2772,0.3280,0.3915,5926.1784,5.0962,0.1143,0.3300,0.7195,100.0000,0.0000,8.7154,7.0288,0.0000,0.2940
0,0,0,0,0,0,48594,43747,12657,4023,18427,8951,2400,548,758,562,320,0,7009,4847,0,0,0,0,0,0,1236,0,3706,0,0.2893,0.3602,0.4212,7065.2146,6.0733,0.1319,0.3598,0.7814,63.7188,0.0000,8.2788,9.9745,0.0000,0.3054
0,0,0,0,0,0,47456,43891,12206,4203,16957,9098,2071,431,606,401,0,0,5837,3565,0,0,0,0,0,0,1240,0,3108,0,0.2781,0.3323,0.3863,6012.6339,5.1236,0.1082,0.3317,0.7187,100.0000,0.0000,8.8566,7.5122,0.0000,0.2968
0,0,0,0,0,0,48076,43303,12178,4443,17968,8539,2294,539,806,562,337,0,6503,4773,0,0,0,0,0,0,1244,0,3639,0,0.2812,0.3526,0.4149,6739.1894,5.7834,0.1337,0.3526,0.7675,62.5139,0.0000,9.2416,9.9280,0.0000,0.2988
0,0,0,0,0,0,46327,42660,11591,4553,16301,8587,1922,458,624,459,0,0,5567,3667,0,0,0,0,0,0,1234,0,3004,0,0.2717,0.3294,0.3821,5761.4290,5.0069,0.1104,0.3279,0.7115,100.0000,0.0000,9.8280,7.9155,0.0000,0.2926
0,0,0,0,0,0,47424,42500,11935,4251,17630,8453,2133,485,864,542,325,0,6581,4924,0,0,0,0,0,0,1226,0,3482,0,0.2808,0.3555,0.4148,6691.1659,5.8485,0.1340,0.3554,0.7703,62.5144,0.0000,8.9638,10.3829,0.0000,0.2961
0,0,0,0,0,0,46221,42513,11358,4093,16004,8384,1913,450,611,354,0,0,5388,3708,0,0,0,0,0,0,1220,0,2974,0,0.2672,0.3260,0.3764,5590.8449,4.8452,0.1093,0.3251,0.7024,100.0000,0.0000,8.8553,8.0223,0.0000,0.2842
0,0,0,0,0,0,47251,42594,11866,4314,17357,8465,2107,498,796,589,345,0,6404,4657,0,0,0,0,0,0,1230,0,3401,0,0.2786,0.3497,0.4075,6462.1953,5.6151,0.1289,0.3492,0.7572,63.0621,0.0000,9.1300,9.8559,0.0000,0.2953
0,0,0,0,0,0,46109,42285,11505,4195,16320,8406,2032,418,649,368,0,0,5472,3824,0,0,0,0,0,0,1232,0,3099,0,0.2721,0.3325,0.3860,5819.7606,5.1051,0.1139,0.3318,0.7184,100.0000,0.0000,9.0980,8.2934,0.0000,0.2899
0,0,0,0,0,0,47514,43017,11674,4727,17516,8111,2167,513,883,478,333,0,6147,4497,0,0,0,0,0,0,1238,0,3563,0,0.2714,0.3403,0.4072,6311.2600,5.3796,0.1358,0.3414,0.7475,58.9396,0.0000,9.9486,9.4646,0.0000,0.2885
0,0,0,0,0,0,46765,42986,11328,4329,16158,8290,1934,416,688,475,0,0,5421,3779,0,0,0,0,0,0,1234,0,3038,0,0.2635,0.3230,0.3759,5616.8837,4.7904,0.1124,0.3207,0.6989,100.0000,0.0000,9.2569,8.0808,0.0000,0.2802
0,0,0,0,0,0,47867,43125,11492,4425,16776,8184,2066,508,734,471,323,0,5902,4742,0,0,0,0,0,0,1244,0,3308,0,0.2665,0.3391,0.3890,6067.5799,5.1266,0.1225,0.3402,0.7282,59.3199,0.0000,9.2444,9.9066,0.0000,0.2834
0,0,0,0,0,0,46878,42729,11039,4414,15440,8191,1892,359,597,411,0,0,5266,4149,0,0,0,0,0,0,1244,0,2848,0,0.2583,0.3240,0.3613,5421.1486,4.6188,0.1030,0.3217,0.6853,100.0000,0.0000,9.4159,8.8506,0.0000,0.2768
0,0,0,0,0,0,46273,41955,10785,4144,14981,8055,1797,400,533,538,390,0,5211,4318,0,0,0,0,0,0,1222,0,2730,0,0.2571,0.3264,0.3571,5209.2917,4.4566,0.1000,0.3259,0.6835,57.9741,0.0000,8.9555,9.3316,0.0000,0.2750
0,0,0,0,0,0,45845,41769,10391,4189,14331,7850,1680,323,538,423,0,0,4784,4076,0,0,0,0,0,0,1226,0,2541,0,0.2488,0.3156,0.3431,4926.1705,4.2388,0.0943,0.3147,0.6587,100.0000,0.0000,9.1373,8.8908,0.0000,0.2660
0,0,0,0,0,0,46538,42213,10522,4498,14407,7952,1728,369,473,626,449,0,4796,4325,0,0,0,0,0,0,1234,0,2570,0,0.2493,0.3190,0.3413,4905.8699,4.1213,0.0920,0.3182,0.6603,58.2326,0.0000,9.6652,9.2935,0.0000,0.2698
0,0,0,0,0,0,46539,42491,10945,4059,14756,8386,1739,388,432,384,0,0,4898,4048,0,0,0,0,0,0,1242,0,2559,0,0.2576,0.3222,0.3473,5157.1874,4.4140,0.0897,0.3218,0.6694,100.0000,0.0000,8.7217,8.6981,0.0000,0.2767
0,0,0,0,0,0,46699,42748,11114,4244,15088,8471,1771,413,459,539,339,0,5058,3951,0,0,0,0,0,0,1238,0,2643,0,0.2600,0.3226,0.3530,5170.1476,4.3660,0.0930,0.3200,0.6756,61.3895,0.0000,9.0880,8.4606,0.0000,0.2801
0,0,0,0,0,0,46902,42918,11191,3941,15588,8339,1882,395,575,381,0,0,5295,3984,0,0,0,0,0,0,1246,0,2852,0,0.2608,0.3235,0.3632,5442.6942,4.6318,0.1025,0.3246,0.6868,100.0000,0.0000,8.4026,8.4943,0.0000,0.2764
0,0,0,0,0,0,45769,41624,10634,4186,14382,8138,1674,392,430,453,373,0,4774,4145,0,0,0,0,0,0,1224,0,2496,0,0.2555,0.3229,0.3455,4940.1542,4.2529,0.0900,0.3203,0.6684,54.8426,0.0000,9.1459,9.0563,0.0000,0.2757
0,0,0,0,0,0,46973,42823,11343,3864,15569,8607,1823,336,577,525,0,0,5512,4150,0,0,0,0,0,0,1236,0,2736,0,0.2649,0.3298,0.3636,5581.0158,4.7868,0.0987,0.3309,0.6934,100.0000,0.0000,8.2260,8.8349,0.0000,0.2805
0,0,0,0,0,0,46640,42239,10793,5228,15381,7912,1827,401,653,406,340,0,5037,4401,0,0,0,0,0,0,1242,0,2881,0,0.2555,0.3258,0.3641,5330.2356,4.5277,0.1086,0.3268,0.6899,54.4236,0.0000,11.2093,9.4361,0.0000,0.2789
0,0,0,0,0,0,46493,42094,10762,4474,14964,8066,1752,382,562,478,0,0,4916,4399,0,0,0,0,0,0,1242,0,2696,0,0.2557,0.3261,0.3555,5333.6602,4.5962,0.0998,0.3236,0.6816,100.0000,0.0000,9.6230,9.4616,0.0000,0.2752
0,0,0,0,0,0,46747,42002,10739,4633,15308,7940,1708,412,679,399,333,0,5161,4745,0,0,0,0,0,0,1246,0,2799,0,0.2557,0.3312,0.3645,5428.5158,4.6389,0.1088,0.3274,0.6957,54.5082,0.0000,9.9108,10.1504,0.0000,0.2742
0,0,0,0,0,0,46911,42434,11264,4529,16566,8126,1860,392,886,361,0,0,5666,4477,0,0,0,0,0,0,1240,0,3138,0,0.2654,0.3356,0.3904,6012.3030,5.2080,0.1249,0.3389,0.7259,100.0000,0.0000,9.6545,9.5436,0.0000,0.2803
0,0,0,0,0,0,47385,42155,11212,4304,16088,8206,1846,450,710,363,288,0,5841,5230,0,0,0,0,0,0,1236,0,3006,0,0.2660,0.3470,0.3816,6012.4721,5.1979,0.1157,0.3429,0.7286,55.7604,0.0000,9.0830,11.0372,0.0000,0.2828
0,0,0,0,0,0,46662,42256,11022,4729,16165,7953,1840,384,845,449,0,0,5487,4406,0,0,0,0,0,0,1238,0,3069,0,0.2608,0.3306,0.3825,5800.6397,5.0143,0.1217,0.3337,0.7132,100.0000,0.0000,10.1346,9.4424,0.0000,0.2774
0,0,0,0,0,0,47296,41669,10961,4369,15787,8064,1737,391,769,366,299,0,5776,5627,0,0,0,0,0,0,1236,0,2897,0,0.2630,0.3507,0.3789,6006.5481,5.2303,0.1158,0.3448,0.7296,55.0376,0.0000,9.2376,11.8974,0.0000,0.2790
0,0,0,0,0,0,47116,42711,11207,4587,16617,8037,1865,370,935,364,0,0,5650,4405,0,0,0,0,0,0,1244,0,3170,0,0.2624,0.3314,0.3891,5948.2992,5.0979,0.1267,0.3367,0.7204,100.0000,0.0000,9.7355,9.3493,0.0000,0.2762
0,0,0,0,0,0,47825,42407,11474,4558,17068,8249,1829,423,973,278,231,0,6253,5418,0,0,0,0,0,0,1240,0,3225,0,0.2706,0.3532,0.4025,6487.1611,5.6204,0.1319,0.3488,0.7557,54.6169,0.0000,9.5306,11.3288,0.0000,0.2848
0,0,0,0,0,0,46953,42416,11085,5007,17010,7730,1885,370,1100,372,0,0,5760,4537,0,0,0,0,0,0,1236,0,3355,0,0.2613,0.3327,0.4010,6116.3326,5.2708,0.1397,0.3365,0.7337,100.0000,0.0000,10.6639,9.6629,0.0000,0.2750
0,0,0,0,0,0,47250,42361,11103,4595,16154,8079,1836,349,839,413,311,0,5716,4889,0,0,0,0,0,0,1234,0,3024,0,0.2621,0.3385,0.3813,5854.2068,5.0069,0.1192,0.3359,0.7198,57.0442,0.0000,9.7249,10.3471,0.0000,0.2780
0,0,0,0,0,0,47066,42704,11088,4746,16640,7951,1746,367,1024,453,293,0,5552,4362,0,0,0,0,0,0,1244,0,3137,0,0.2596,0.3283,0.3897,5799.7858,4.9075,0.1300,0.3330,0.7179,60.7239,0.0000,10.0837,9.2678,0.0000,0.2725
0,0,0,0,0,0,46948,42317,10690,5154,15466,7841,1716,339,794,375,318,0,5191,4631,0,0,0,0,0,0,1242,0,2849,0,0.2526,0.3263,0.3655,5389.5053,4.5552,0.1129,0.3247,0.6918,54.1126,0.0000,10.9781,9.8641,0.0000,0.2721
0,0,0,0,0,0,46025,41878,10582,5240,15651,7665,1672,338,907,396,310,0,5158,4147,0,0,0,0,0,0,1236,0,2917,0,0.2527,0.3200,0.3737,5305.5466,4.5324,0.1210,0.3242,0.6938,56.0907,0.0000,11.3851,9.0103,0.0000,0.2708
0,0,0,0,0,0,46827,42358,11117,4911,16232,8091,1816,331,879,326,302,0,5512,4469,0,0,0,0,0,0,1236,0,3026,0,0.2625,0.3328,0.3832,5732.5885,4.9069,0.1208,0.3290,0.7161,51.9108,0.0000,10.4875,9.5436,0.0000,0.2800
0,0,0,0,0,0,46859,42639,11342,5307,17538,7954,1777,414,1197,342,218,0,5914,4220,0,0,0,0,0,0,1244,0,3388,0,0.2660,0.3321,0.4113,6160.3382,5.2778,0.1453,0.3382,0.7434,61.0714,0.0000,11.3255,9.0057,0.0000,0.2808
0,0,0,0,0,0,46528,41909,10766,5129,15646,7918,1639,386,823,358,287,0,5203,4619,0,0,0,0,0,0,1242,0,2848,0,0.2569,0.3307,0.3733,5527.1179,4.7481,0.1164,0.3267,0.7040,55.5039,0.0000,11.0235,9.9274,0.0000,0.2765
0,0,0,0,0,0,46441,42027,11142,5086,17106,7809,1816,403,1114,337,240,0,5624,4414,0,0,0,0,0,0,1232,0,3333,0,0.2651,0.3350,0.4070,6077.7487,5.2723,0.1419,0.3409,0.7420,58.4055,0.0000,10.9515,9.5045,0.0000,0.2799
0,0,0,0,0,0,46625,41817,10802,5405,15935,7929,1574,338,961,317,247,0,5491,4808,0,0,0,0,0,0,1236,0,2873,0,0.2583,0.3348,0.3811,5716.8219,4.9374,0.1227,0.3298,0.7159,56.2057,0.0000,11.5925,10.3121,0.0000,0.2776
0,0,0,0,0,0,46013,41773,10808,5419,16998,7506,1677,362,1263,377,289,0,5578,4240,0,0,0,0,0,0,1232,0,3302,0,0.2587,0.3270,0.4069,5868.7144,5.0699,0.1482,0.3344,0.7340,56.6066,0.0000,11.7771,9.2148,0.0000,0.2720
0,0,0,0,0,0,47026,42007,10937,5813,16548,7829,1680,353,1075,348,253,0,5756,5019,0,0,0,0,0,0,1236,0,3108,0,0.2604,0.3393,0.3939,6021.9098,5.1908,0.1336,0.3349,0.7332,57.9035,0.0000,12.3612,10.6728,0.0000,0.2808
0,0,0,0,0,0,45831,41849,10716,5694,16776,7466,1659,372,1219,371,242,0,5275,3982,0,0,0,0,0,0,1242,0,3250,0,0.2561,0.3207,0.4009,5678.8919,4.8870,0.1448,0.3268,0.7216,60.5220,0.0000,12.4239,8.6884,0.0000,0.2718
0,0,0,0,0,0,46296,41987,10703,5814,16052,7709,1663,307,1024,368,304,0,5210,4309,0,0,0,0,0,0,1232,0,2994,0,0.2549,0.3243,0.3823,5516.3578,4.7151,0.1274,0.3215,0.7066,54.7619,0.0000,12.5583,9.3075,0.0000,0.2754
0,0,0,0,0,0,46785,42919,11162,6150,17159,7886,1733,365,1178,399,254,0,5426,3866,0,0,0,0,0,0,1238,0,3276,0,0.2601,0.3212,0.3998,5801.4879,4.8933,0.1397,0.3258,0.7210,61.1026,0.0000,13.1452,8.2633,0.0000,0.2805
0,0,0,0,0,0,45746,41684,10595,6037,15969,7625,1623,290,1057,353,280,0,5159,4062,0,0,0,0,0,0,1238,0,2970,0,0.2542,0.3204,0.3831,5408.3241,4.6551,0.1289,0.3188,0.7035,55.7662,0.0000,13.1968,8.8795,0.0000,0.2757
0,0,0,0,0,0,46208,42143,11026,6192,17074,7709,1769,365,1183,388,236,0,5419,4065,0,0,0,0,0,0,1232,0,3317,0,0.2616,0.3266,0.4051,5893.6042,5.0753,0.1435,0.3298,0.7317,62.1795,0.0000,13.4003,8.7972,0.0000,0.2831
0,0,0,0,0,0,46174,41964,10621,6081,16118,7573,1690,267,1091,414,235,0,5391,4210,0,0,0,0,0,0,1236,0,3048,0,0.2531,0.3212,0.3841,5509.1033,4.7104,0.1310,0.3196,0.7053,63.7904,0.0000,13.1697,9.1177,0.0000,0.2739
0,0,0,0,0,0,46304,42330,11015,6525,16928,7744,1788,324,1159,439,271,0,5462,3974,0,0,0,0,0,0,1240,0,3271,0,0.2602,0.3237,0.3999,5781.6464,4.9422,0.1397,0.3262,0.7236,61.8310,0.0000,14.0917,8.5824,0.0000,0.2845
0,0,0,0,0,0,46285,41838,10689,5993,16215,7609,1720,274,1086,422,234,0,5414,4447,0,0,0,0,0,0,1234,0,3080,0,0.2555,0.3270,0.3876,5663.5198,4.8725,0.1321,0.3256,0.7146,64.3293,0.0000,12.9480,9.6079,0.0000,0.2763
0,0,0,0,0,0,46113,42176,10745,6824,16361,7597,1722,384,1042,501,313,0,5250,3937,0,0,0,0,0,0,1238,0,3148,0,0.2548,0.3184,0.3879,5498.2980,4.6766,0.1332,0.3207,0.7063,61.5479,0.0000,14.7984,8.5377,0.0000,0.2828
0,0,0,0,0,0,60806,54904,14037,8330,21673,9873,2226,404,1534,578,311,0,7342,5902,0,0,0,0,0,0,1622,0,4164,0,0.2557,0.3279,0.3947,7588.3399,4.9756,0.1391,0.3265,0.7227,65.0169,0.0000,13.6993,9.7063,0.0000,0.2776
0,0,0,0,0,0,46123,42128,11029,6622,17066,7734,1749,350,1196,468,288,0,5600,3995,0,0,0,0,0,0,1238,0,3295,0,0.2618,0.3257,0.4051,5862.0864,5.0427,0.1433,0.3286,0.7308,61.9048,0.0000,14.3573,8.6616,0.0000,0.2866
0,0,0,0,0,0,60910,55239,14068,8535,21762,9878,2238,400,1552,560,292,0,7183,5671,0,0,0,0,0,0,1618,0,4190,0,0.2547,0.3241,0.3940,7511.7781,4.8915,0.1393,0.3248,0.7180,65.7277,0.0000,14.0125,9.3105,0.0000,0.2772
0,0,0,0,0,0,60714,55449,14453,9032,21781,10476,2075,453,1449,788,409,0,7278,5265,0,0,0,0,0,0,1624,0,3977,0,0.2607,0.3248,0.3928,7492.7278,4.8860,0.1322,0.3244,0.7176,65.8312,0.0000,14.8763,8.6718,0.0000,0.2892
0,0,0,0,0,0,60042,55011,13609,9228,20894,9654,2114,352,1489,552,270,0,6599,5031,0,0,0,0,0,0,1616,0,3955,0,0.2474,0.3104,0.3798,6880.5964,4.4581,0.1324,0.3123,0.6903,67.1533,0.0000,15.3692,8.3791,0.0000,0.2736
0,0,0,0,0,0,59363,54803,13434,9545,19941,9796,1984,439,1215,684,493,0,6181,4560,0,0,0,0,0,0,1622,0,3638,0,0.2451,0.3031,0.3639,6333.2612,4.0848,0.1187,0.3020,0.6670,58.1138,0.0000,16.0790,7.6816,0.0000,0.2774
0,0,0,0,0,0,60407,55180,13637,9956,21065,9644,2109,333,1551,540,300,0,6607,5227,0,0,0,0,0,0,1628,0,3993,0,0.2471,0.3123,0.3818,6977.5403,4.5024,0.1346,0.3137,0.6940,64.2857,0.0000,16.4815,8.6530,0.0000,0.2767
0,0,0,0,0,0,59678,55284,14032,9256,20680,10233,2161,427,1211,636,419,0,6517,4394,0,0,0,0,0,0,1624,0,3799,0,0.2538,0.3088,0.3741,6684.4055,4.3310,0.1203,0.3081,0.6828,60.2844,0.0000,15.5099,7.3628,0.0000,0.2861
0,0,0,0,0,0,59668,54362,13158,9634,20075,9346,2077,365,1370,704,357,0,6388,5306,0,0,0,0,0,0,1620,0,3812,0,0.2420,0.3094,0.3693,6621.7458,4.3018,0.1272,0.3086,0.6787,66.3525,0.0000,16.1460,8.8925,0.0000,0.2719
0,0,0,0,0,0,60107,55377,13794,9649,20714,9932,2122,422,1318,745,429,0,6558,4730,0,0,0,0,0,0,1626,0,3862,0,0.2491,0.3082,0.3741,6722.7289,4.3205,0.1250,0.3091,0.6822,63.4583,0.0000,16.0530,7.8693,0.0000,0.2809
0,0,0,0,0,0,59009,54082,13005,9493,19937,9211,2021,408,1365,718,432,0,6276,4927,0,0,0,0,0,0,1612,0,3794,0,0.2405,0.3039,0.3686,6403.2461,4.1651,0.1282,0.3037,0.6725,62.4348,0.0000,16.0874,8.3496,0.0000,0.2693
0,0,0,0,0,0,59789,55385,14202,9312,21259,10313,2099,412,1378,737,494,0,6624,4404,0,0,0,0,0,0,1618,0,3889,0,0.2564,0.3112,0.3838,6902.9958,4.4720,0.1274,0.3125,0.6950,59.8700,0.0000,15.5748,7.3659,0.0000,0.2869
0,0,0,0,0,0,59172,54179,12766,9945,19036,9255,1949,365,1197,679,470,0,5992,4993,0,0,0,0,0,0,1620,0,3511,0,0.2356,0.3001,0.3514,6044.4473,3.8966,0.1157,0.3007,0.6515,59.0949,0.0000,16.8069,8.4381,0.0000,0.2688
0,0,0,0,0,0,59698,55026,13698,9468,19991,10036,2133,427,1102,694,470,0,6218,4672,0,0,0,0,0,0,1620,0,3662,0,0.2489,0.3077,0.3633,6466.5841,4.1772,0.1144,0.3085,0.6710,59.6220,0.0000,15.8598,7.8261,0.0000,0.2833
0,0,0,0,0,0,58590,53709,12359,9641,18221,9043,1874,338,1104,811,471,0,5532,4881,0,0,0,0,0,0,1624,0,3316,0,0.2301,0.2942,0.3393,5698.9356,3.6793,0.1091,0.2954,0.6335,63.2605,0.0000,16.4550,8.3308,0.0000,0.2620
0,0,0,0,0,0,59188,54913,13351,9502,18737,10106,1995,359,891,704,460,0,5577,4275,0,0,0,0,0,0,1626,0,3245,0,0.2431,0.2978,0.3412,5862.7337,3.7669,0.0981,0.2967,0.6390,60.4811,0.0000,16.0539,7.2227,0.0000,0.2799
0,0,0,0,0,0,72568,65536,16120,10845,24208,11708,2385,378,1649,1033,570,0,7960,7032,0,0,0,0,0,0,1946,0,4412,0,0.2460,0.3190,0.3694,8269.2416,4.4666,0.1234,0.3193,0.6884,64.4417,0.0000,14.9446,9.6902,0.0000,0.2728
0,0,0,0,0,0,72148,65751,16461,11628,24268,12065,2455,471,1470,817,548,0,7890,6397,0,0,0,0,0,0,1946,0,4396,0,0.2504,0.3168,0.3691,8149.9653,4.4153,0.1187,0.3175,0.6859,59.8535,0.0000,16.1169,8.8665,0.0000,0.2847
0,0,0,0,0,0,72483,65675,16404,10957,24880,11793,2492,373,1746,863,562,0,8109,6808,0,0,0,0,0,0,1946,0,4611,0,0.2498,0.3202,0.3788,8468.0370,4.5881,0.1291,0.3203,0.6991,60.5614,0.0000,15.1166,9.3925,0.0000,0.2767
0,0,0,0,0,0,73384,66465,17151,11417,26051,12171,2743,554,1683,1045,516,0,8771,6919,0,0,0,0,0,0,1942,0,4980,0,0.2580,0.3280,0.3920,9113.3862,4.9380,0.1339,0.3288,0.7200,66.9443,0.0000,15.5579,9.4285,0.0000,0.2899
0,0,0,0,0,0,71118,64641,15957,10414,23537,11696,2426,351,1484,865,547,0,7472,6477,0,0,0,0,0,0,1932,0,4261,0,0.2469,0.3154,0.3641,7900.3521,4.3328,0.1173,0.3154,0.6796,61.2606,0.0000,14.6433,9.1074,0.0000,0.2744
0,0,0,0,0,0,71962,65903,16590,10542,24146,12249,2505,457,1379,900,492,0,7601,6059,0,0,0,0,0,0,1944,0,4341,0,0.2517,0.3147,0.3664,8063.6615,4.3714,0.1147,0.3153,0.6811,64.6552,0.0000,14.6494,8.4197,0.0000,0.2818
0,0,0,0,0,0,67454,61712,14751,10174,21168,11000,2260,316,1175,853,539,0,6441,5742,0,0,0,0,0,0,1858,0,3751,0,0.2390,0.3038,0.3430,6834.6843,3.8850,0.1040,0.3022,0.6468,61.2787,0.0000,15.0829,8.5125,0.0000,0.2696
0,0,0,0,0,0,69101,63116,15683,10544,23012,11502,2392,430,1359,954,566,0,7265,5985,0,0,0,0,0,0,1860,0,4181,0,0.2485,0.3136,0.3646,7654.0763,4.3055,0.1161,0.3156,0.6782,62.7632,0.0000,15.2588,8.6612,0.0000,0.2797
0,0,0,0,0,0,72923,66276,17193,9851,25281,12613,2624,404,1552,1058,661,0,8314,6647,0,0,0,0,0,0,1944,0,4580,0,0.2594,0.3269,0.3815,8759.9093,4.7547,0.1220,0.3271,0.7084,61.5474,0.0000,13.5088,9.1151,0.0000,0.2850
0,0,0,0,0,0,72540,66087,16817,10507,24839,12281,2600,386,1550,976,552,0,8062,6453,0,0,0,0,0,0,1942,0,4536,0,0.2545,0.3208,0.3759,8463.4415,4.5866,0.1214,0.3218,0.6966,63.8743,0.0000,14.4844,8.8958,0.0000,0.2826
0,0,0,0,0,0,72179,66044,17062,9524,24533,12729,2564,400,1369,1234,758,0,7976,6135,0,0,0,0,0,0,1946,0,4333,0,0.2583,0.3214,0.3715,8322.1864,4.5175,0.1131,0.3233,0.6928,61.9478,0.0000,13.1950,8.4997,0.0000,0.2845
0,0,0,0,0,0,73040,66212,16907,9971,24283,12538,2642,447,1280,1254,625,0,8070,6828,0,0,0,0,0,0,1944,0,4369,0,0.2553,0.3250,0.3667,8451.2106,4.5701,0.1114,0.3237,0.6917,66.7376,0.0000,13.6514,9.3483,0.0000,0.2843
0,0,0,0,0,0,72043,65371,16861,9487,24776,12305,2662,429,1465,1348,811,0,8281,6672,0,0,0,0,0,0,1926,0,4556,0,0.2579,0.3267,0.3790,8582.4271,4.6983,0.1211,0.3286,0.7057,62.4363,0.0000,13.1685,9.2611,0.0000,0.2829
0,0,0,0,0,0,72832,66102,17002,9793,24398,12530,2781,458,1233,1176,558,0,8014,6730,0,0,0,0,0,0,1942,0,4472,0,0.2572,0.3258,0.3691,8514.3959,4.6294,0.1119,0.3244,0.6949,67.8201,0.0000,13.4460,9.2404,0.0000,0.2863
0,0,0,0,0,0,71839,65711,16820,9143,23708,12643,2588,467,1122,1690,867,0,7753,6128,0,0,0,0,0,0,1934,0,4177,0,0.2560,0.3194,0.3608,8046.9153,4.3665,0.1048,0.3190,0.6802,66.0931,0.0000,12.7271,8.5302,0.0000,0.2831
0,0,0,0,0,0,72077,65814,16778,9602,23767,12514,2652,499,1113,1364,677,0,7739,6263,0,0,0,0,0,0,1944,0,4264,0,0.2549,0.3197,0.3611,8099.7352,4.3991,0.1062,0.3193,0.6808,66.8300,0.0000,13.3219,8.6893,0.0000,0.2843
0,0,0,0,0,0,84544,77274,20572,11234,31307,14507,3408,644,2013,1462,936,0,10247,7270,0,0,0,0,0,0,2262,0,6065,0,0.2662,0.3293,0.4051,10806.9039,5.0624,0.1389,0.3312,0.7345,60.9675,0.0000,13.2878,8.5991,0.0000,0.2899
0,0,0,0,0,0,73187,66700,17465,10488,26443,12275,3033,526,1631,1555,843,0,8556,6487,0,0,0,0,0,0,1944,0,5190,0,0.2618,0.3273,0.3964,9137.3239,4.9265,0.1346,0.3272,0.7237,64.8457,0.0000,14.3304,8.8636,0.0000,0.2901
0,0,0,0,0,0,83698,76411,19952,10153,29393,14409,3325,538,1680,1471,892,0,9509,7287,0,0,0,0,0,0,2262,0,5543,0,0.2611,0.3254,0.3847,10089.7067,4.7501,0.1236,0.3266,0.7101,62.2514,0.0000,12.1305,8.7063,0.0000,0.2829
0,0,0,0,0,0,71435,65156,16556,9905,24209,11937,2861,482,1276,1533,725,0,7742,6279,0,0,0,0,0,0,1942,0,4619,0,0.2541,0.3197,0.3716,8245.0011,4.5132,0.1175,0.3187,0.6912,67.8919,0.0000,13.8658,8.7898,0.0000,0.2831
0,0,0,0,0,0,84117,76704,20682,10115,31325,14599,3529,548,2006,1497,831,0,10527,7413,0,0,0,0,0,0,2256,0,6083,0,0.2696,0.3340,0.4084,11030.0686,5.2383,0.1388,0.3362,0.7424,64.3041,0.0000,12.0249,8.8127,0.0000,0.2892
0,0,0,0,0,0,72276,66088,17229,9920,25432,12398,2886,518,1427,1486,767,0,8186,6188,0,0,0,0,0,0,1942,0,4831,0,0.2607,0.3240,0.3848,8716.2826,4.7423,0.1241,0.3224,0.7088,65.9565,0.0000,13.7252,8.5616,0.0000,0.2887
0,0,0,0,0,0,85109,77888,20958,10363,31085,15072,3489,553,1844,1455,775,0,10201,7221,0,0,0,0,0,0,2264,0,5886,0,0.2691,0.3311,0.3991,10857.1023,5.0800,0.1300,0.3328,0.7302,65.2466,0.0000,12.1762,8.4844,0.0000,0.2910
0,0,0,0,0,0,72241,66272,17186,9849,24817,12564,2856,523,1243,1839,835,0,7852,5969,0,0,0,0,0,0,1946,0,4622,0,0.2593,0.3205,0.3745,8442.5591,4.5662,0.1151,0.3181,0.6950,68.7734,0.0000,13.6335,8.2626,0.0000,0.2889
0,0,0,0,0,0,55574,50813,13016,6905,18931,9530,2119,305,1062,913,557,0,6112,4761,0,0,0,0,0,0,1500,0,3486,0,0.2562,0.3199,0.3726,6396.5728,4.5030,0.1164,0.3215,0.6924,62.1088,0.0000,12.4249,8.5670,0.0000,0.2790
0,0,0,0,0,0,47761,43654,11141,6332,15887,8187,1881,354,719,1108,543,0,5035,4107,0,0,0,0,0,0,1288,0,2954,0,0.2552,0.3193,0.3639,5397.5641,4.4087,0.1087,0.3175,0.6832,67.1108,0.0000,13.2577,8.5991,0.0000,0.2847
0,0,0,0,0,0,85224,77886,20566,10921,31337,14474,3493,519,2080,1394,795,0,10163,7338,0,0,0,0,0,0,2270,0,6092,0,0.2641,0.3274,0.4023,10805.4800,5.0202,0.1383,0.3307,0.7298,63.6820,0.0000,12.8145,8.6103,0.0000,0.2849
0,0,0,0,0,0,72227,66263,17085,10300,24695,12518,2823,445,1299,1782,822,0,7947,5964,0,0,0,0,0,0,1944,0,4567,0,0.2578,0.3191,0.3727,8361.9459,4.5155,0.1148,0.3153,0.6918,68.4332,0.0000,14.2606,8.2573,0.0000,0.2888
0,0,0,0,0,0,84915,77821,20662,10967,31179,14500,3710,549,1903,1539,749,0,10177,7094,0,0,0,0,0,0,2270,0,6162,0,0.2655,0.3269,0.4007,10757.5482,5.0158,0.1351,0.3295,0.7275,67.2640,0.0000,12.9153,8.3542,0.0000,0.2888
0,0,0,0,0,0,72141,65717,16781,10749,24696,12146,2753,484,1398,1786,870,0,7993,6424,0,0,0,0,0,0,1948,0,4635,0,0.2554,0.3217,0.3758,8450.5750,4.5811,0.1204,0.3181,0.6975,67.2440,0.0000,14.9000,8.9048,0.0000,0.2872
0,0,0,0,0,0,85081,77910,20539,11571,30990,14582,3443,534,1980,1304,738,0,10027,7171,0,0,0,0,0,0,2268,0,5957,0,0.2636,0.3257,0.3978,10630.3366,4.9393,0.1341,0.3289,0.7235,63.8590,0.0000,13.6000,8.4284,0.0000,0.2884
0,0,0,0,0,0,72068,65919,16842,10929,24348,12343,2770,451,1278,1728,773,0,7894,6149,0,0,0,0,0,0,1942,0,4499,0,0.2555,0.3190,0.3694,8276.1958,4.4826,0.1139,0.3150,0.6884,69.0924,0.0000,15.1648,8.5322,0.0000,0.2898
0,0,0,0,0,0,84722,77257,20182,11777,31334,13914,3562,528,2178,1461,715,0,10317,7465,0,0,0,0,0,0,2264,0,6268,0,0.2612,0.3263,0.4056,10819.1542,5.0548,0.1443,0.3294,0.7319,67.1415,0.0000,13.9008,8.8112,0.0000,0.2844
0,0,0,0,0,0,72191,65818,16596,10674,24603,11874,2861,437,1424,1636,716,0,7899,6373,0,0,0,0,0,0,1942,0,4722,0,0.2521,0.3182,0.3738,8356.9199,4.5183,0.1217,0.3137,0.6920,69.5578,0.0000,14.7858,8.8280,0.0000,0.2824
0,0,0,0,0,0,85043,77376,20237,13058,31563,13959,3520,468,2290,1470,762,0,10449,7667,0,0,0,0,0,0,2268,0,6278,0,0.2615,0.3281,0.4079,10953.7022,5.1079,0.1464,0.3310,0.7360,65.8602,0.0000,15.3546,9.0154,0.0000,0.2893
0,0,0,0,0,0,72290,65730,16643,11648,24977,11742,2991,387,1523,1842,858,0,8096,6560,0,0,0,0,0,0,1938,0,4901,0,0.2532,0.3210,0.3800,8543.7216,4.6187,0.1268,0.3174,0.7010,68.2222,0.0000,16.1129,9.0746,0.0000,0.2877
0,0,0,0,0,0,85631,77819,20620,13442,33111,13858,3667,461,2634,1734,772,0,11112,7812,0,0,0,0,0,0,2268,0,6762,0,0.2650,0.3320,0.4255,11642.6470,5.4226,0.1605,0.3340,0.7575,69.1939,0.0000,15.6976,9.1229,0.0000,0.2913
0,0,0,0,0,0,72853,66276,17275,11657,26743,11890,3126,435,1824,1851,757,0,8771,6577,0,0,0,0,0,0,1942,0,5385,0,0.2607,0.3274,0.4035,9324.9680,5.0600,0.1429,0.3241,0.7309,70.9739,0.0000,16.0007,9.0278,0.0000,0.2927
0,0,0,0,0,0,84196,77005,19967,12323,30078,14083,3558,425,1901,1512,689,0,9858,7191,0,0,0,0,0,0,2262,0,5884,0,0.2593,0.3226,0.3906,10290.6741,4.8131,0.1313,0.3235,0.7132,68.6960,0.0000,14.6361,8.5408,0.0000,0.2878
0,0,0,0,0,0,71356,65563,16277,11032,23772,11755,2828,415,1279,1789,729,0,7522,5793,0,0,0,0,0,0,1938,0,4522,0,0.2483,0.3093,0.3626,7838.3702,4.2315,0.1143,0.3060,0.6719,71.0485,0.0000,15.4605,8.1184,0.0000,0.2816
0,0,0,0,0,0,84281,77004,20078,12296,29550,14499,3404,457,1718,1587,726,0,9732,7277,0,0,0,0,0,0,2266,0,5579,0,0.2607,0.3246,0.3837,10195.0008,4.7746,0.1230,0.3242,0.7083,68.6122,0.0000,14.5893,8.6342,0.0000,0.2915
0,0,0,0,0,0,72068,65817,16215,11354,24035,11536,2903,411,1365,1529,715,0,7673,6251,0,0,0,0,0,0,1946,0,4679,0,0.2464,0.3117,0.3652,7984.5438,4.2845,0.1188,0.3108,0.6769,68.1373,0.0000,15.7546,8.6738,0.0000,0.2797
0,0,0,0,0,0,84431,76800,19900,12689,29767,14085,3559,460,1796,1503,783,0,9746,7631,0,0,0,0,0,0,2266,0,5815,0,0.2591,0.3261,0.3876,10306.4339,4.8242,0.1285,0.3252,0.7137,65.7480,0.0000,15.0288,9.0381,0.0000,0.2905
0,0,0,0,0,0,72189,65968,16917,11164,25257,12024,2967,405,1521,1787,727,0,8173,6221,0,0,0,0,0,0,1944,0,4893,0,0.2564,0.3205,0.3829,8631.6298,4.6819,0.1264,0.3204,0.7034,71.0819,0.0000,15.4650,8.6177,0.0000,0.2889
0,0,0,0,0,0,85333,77603,20195,12944,30640,14109,3680,453,1953,1469,758,0,10172,7730,0,0,0,0,0,0,2268,0,6086,0,0.2602,0.3272,0.3948,10637.7304,4.9379,0.1346,0.3285,0.7221,65.9632,0.0000,15.1688,9.0586,0.0000,0.2909
0,0,0,0,0,0,71619,65365,16363,11446,24354,11673,2819,441,1430,1651,809,0,7955,6254,0,0,0,0,0,0,1940,0,4690,0,0.2503,0.3158,0.3726,8172.3470,4.4298,0.1223,0.3143,0.6884,67.1138,0.0000,15.9818,8.7323,0.0000,0.2845
0,0,0,0,0,0,84851,77147,20006,12196,29702,14248,3596,386,1776,1704,860,0,9802,7704,0,0,0,0,0,0,2268,0,5758,0,0.2593,0.3266,0.3850,10313.0378,4.8008,0.1257,0.3265,0.7116,66.4587,0.0000,14.3734,9.0794,0.0000,0.2886
0,0,0,0,0,0,71726,65748,16538,11342,24209,11850,2967,459,1262,1560,741,0,7539,5978,0,0,0,0,0,0,1944,0,4688,0,0.2515,0.3139,0.3682,8067.6366,4.3608,0.1167,0.3132,0.6821,67.7966,0.0000,15.8130,8.3345,0.0000,0.2874
0,0,0,0,0,0,85512,77506,20661,12952,31598,14299,3861,427,2074,1549,872,0,10674,8006,0,0,0,0,0,0,2268,0,6362,0,0.2666,0.3352,0.4077,11209.0898,5.2436,0.1411,0.3350,0.7429,63.9818,0.0000,15.1464,9.3624,0.0000,0.2975
0,0,0,0,0,0,84593,77489,20427,13358,30909,14370,3588,513,1956,1714,788,0,10190,7104,0,0,0,0,0,0,2270,0,6057,0,0.2636,0.3255,0.3989,10637.1719,4.9646,0.1353,0.3264,0.7243,68.5052,0.0000,15.7909,8.3979,0.0000,0.2971
0,0,0,0,0,0,61136,55198,15048,9619,23959,10010,2939,325,1774,1117,503,0,8330,5938,0,0,0,0,0,0,1594,0,5038,0,0.2726,0.3433,0.4341,8739.0872,5.8041,0.1614,0.3436,0.7773,68.9506,0.0000,15.7338,9.7128,0.0000,0.3030
0,0,0,0,0,0,60261,55068,14695,10147,22829,10002,2784,377,1532,1141,529,0,7422,5193,0,0,0,0,0,0,1606,0,4693,0,0.2669,0.3300,0.4146,7958.2288,5.2533,0.1477,0.3298,0.7446,68.3234,0.0000,16.8384,8.6175,0.0000,0.3034
0,0,0,0,0,0,77094,69522,18791,12116,29686,12630,3591,406,2164,1331,586,0,10225,7572,0,0,0,0,0,0,2020,0,6161,0,0.2703,0.3420,0.4270,10815.4266,5.6904,0.1567,0.3419,0.7690,69.4314,0.0000,15.7159,9.8218,0.0000,0.3010
0,0,0,0,0,0,75717,69049,18184,13309,28138,12482,3367,418,1917,1602,671,0,9329,6668,0,0,0,0,0,0,2014,0,5702,0,0.2633,0.3282,0.4075,9805.8670,5.1373,0.1442,0.3277,0.7357,70.4795,0.0000,17.5773,8.8065,0.0000,0.3022
0,0,0,0,0,0,87682,79090,21922,14056,35195,14554,4205,421,2742,1454,634,0,12208,8592,0,0,0,0,0,0,2266,0,7368,0,0.2772,0.3480,0.4450,13012.5659,6.0783,0.1678,0.3491,0.7930,69.6360,0.0000,16.0307,9.7990,0.0000,0.3079
0,0,0,0,0,0,85212,77711,20398,15252,31708,13962,3782,434,2220,1785,709,0,10623,7501,0,0,0,0,0,0,2268,0,6436,0,0.2625,0.3274,0.4080,11036.0729,5.1355,0.1455,0.3257,0.7354,71.5718,0.0000,17.8989,8.8028,0.0000,0.3018
0,0,0,0,0,0,86197,78235,21171,14617,33495,14199,4097,398,2477,1491,723,0,11164,7962,0,0,0,0,0,0,2264,0,6972,0,0.2706,0.3380,0.4281,11977.5851,5.5963,0.1575,0.3392,0.7661,67.3442,0.0000,16.9577,9.2370,0.0000,0.3058
0,0,0,0,0,0,84907,77203,20300,15320,31666,13745,3907,485,2163,1817,841,0,10440,7704,0,0,0,0,0,0,2268,0,6555,0,0.2629,0.3298,0.4102,11073.4901,5.1778,0.1472,0.3288,0.7400,68.3597,0.0000,18.0433,9.0735,0.0000,0.3037
0,0,0,0,0,0,86153,78416,21276,14438,33837,14121,4248,408,2499,1675,754,0,11365,7737,0,0,0,0,0,0,2268,0,7155,0,0.2713,0.3368,0.4315,12044.3832,5.6171,0.1602,0.3383,0.7683,68.9584,0.0000,16.7586,8.9805,0.0000,0.3054
0,0,0,0,0,0,97410,88700,23213,17455,36383,15664,4493,491,2565,1609,751,0,11932,8710,0,0,0,0,0,0,2596,0,7549,0,0.2617,0.3277,0.4102,12635.2939,5.1504,0.1485,0.3263,0.7379,68.1780,0.0000,17.9191,8.9416,0.0000,0.3006
0,0,0,0,0,0,86415,78126,21447,13966,34311,14272,4121,419,2635,1462,689,0,11725,8289,0,0,0,0,0,0,2265,0,7175,0,0.2745,0.3441,0.4392,12513.0436,5.8892,0.1647,0.3447,0.7833,67.9684,0.0000,16.1615,9.5921,0.0000,0.3058
0,0,0,0,0,0,98612,89010,23880,17153,38202,15856,4619,512,2893,1959,830,0,12966,9602,0,0,0,0,0,0,2591,0,8024,0,0.2683,0.3395,0.4292,13813.2277,5.6543,0.1609,0.3391,0.7687,70.2402,0.0000,17.3944,9.7372,0.0000,0.3043
0,0,0,0,0,0,88429,78547,21652,14012,34825,14275,4269,420,2688,1297,587,0,11995,8502,0,675,0,705,0,0,2265,0,7377,0,0.2757,0.3486,0.4434,13081.8939,6.0703,0.1677,0.3490,0.7920,68.8429,0.0000,15.8455,9.6145,0.0000,0.3032
0,0,0,0,0,0,100185,88743,23594,17344,38305,15425,4632,532,3005,1627,736,0,12976,9735,0,898,0,809,0,0,2593,0,8169,0,0.2659,0.3416,0.4316,14152.6678,5.7295,0.1658,0.3416,0.7733,68.8532,0.0000,17.3120,9.7170,0.0000,0.2975
0,0,0,0,0,0,86979,78134,20852,14496,33450,13706,4200,440,2506,1647,673,0,11013,7239,0,921,0,685,0,0,2266,0,7146,0,0.2669,0.3336,0.4281,11984.8306,5.5183,0.1612,0.3332,0.7617,70.9914,0.0000,16.6661,8.3227,0.0000,0.2968
0,0,0,0,0,0,98375,88100,23027,17908,37472,14974,4613,488,2952,1456,735,0,12186,8567,0,969,0,739,0,0,2592,0,8053,0,0.2614,0.3310,0.4253,13295.0482,5.3942,0.1640,0.3311,0.7563,66.4537,0.0000,18.2038,8.7085,0.0000,0.2953
0,0,0,0,0,0,86674,77788,20519,14233,32995,13404,4218,433,2464,1236,579,0,10892,7325,0,851,0,710,0,0,2264,0,7115,0,0.2638,0.3311,0.4242,11721.0055,5.4043,0.1604,0.3334,0.7552,68.0992,0.0000,16.4213,8.4512,0.0000,0.2921
0,0,0,0,0,0,98299,87794,22753,17161,35996,15188,4482,488,2595,1514,703,0,11516,8921,0,895,0,689,0,0,2588,0,7565,0,0.2592,0.3313,0.4100,12867.6801,5.2297,0.1508,0.3291,0.7413,68.2905,0.0000,17.4580,9.0754,0.0000,0.2933
0,0,0,0,0,0,87092,78311,20931,13805,33484,13819,4170,443,2499,1279,547,0,11033,7223,0,882,0,676,0,0,2270,0,7112,0,0.2673,0.3334,0.4276,11974.9514,5.5172,0.1603,0.3345,0.7610,70.0438,0.0000,15.8511,8.2935,0.0000,0.2941
0,0,0,0,0,0,98719,88426,23126,16996,36889,15270,4657,491,2708,1294,585,0,11945,8666,0,967,0,660,0,0,2590,0,7856,0,0.2615,0.3318,0.4172,13170.1132,5.3436,0.1556,0.3305,0.7490,68.8664,0.0000,17.2165,8.7785,0.0000,0.2943
0,0,0,0,0,0,87782,78731,21251,14529,34106,14010,4232,404,2605,1253,573,0,11358,7486,0,906,0,659,0,0,2266,0,7241,0,0.2699,0.3377,0.4332,12346.4080,5.6778,0.1633,0.3380,0.7709,68.6199,0.0000,16.5512,8.5279,0.0000,0.2995
0,0,0,0,0,0,99006,88622,23271,17299,37484,15244,4687,494,2846,1336,527,0,12018,8736,0,944,0,704,0,0,2590,0,8027,0,0.2626,0.3328,0.4230,13447.4811,5.4532,0.1604,0.3321,0.7558,71.7123,0.0000,17.4727,8.8237,0.0000,0.2952
0,0,0,0,0,0,86489,78215,20933,13764,33193,13967,4109,420,2437,1216,509,0,10790,6811,0,817,0,646,0,0,2268,0,6966,0,0.2676,0.3302,0.4244,11723.1795,5.4165,0.1567,0.3315,0.7546,70.4928,0.0000,15.9142,7.8750,0.0000,0.2952
0,0,0,0,0,0,98165,88120,23058,16880,36488,15256,4754,468,2580,1349,560,0,11535,8396,0,980,0,669,0,0,2594,0,7802,0,0.2617,0.3304,0.4141,12979.8500,5.2866,0.1524,0.3285,0.7445,70.6653,0.0000,17.1955,8.5529,0.0000,0.2954
0,0,0,0,0,0,87208,78497,21572,14229,34293,14334,4301,391,2546,1252,500,0,11262,7247,0,787,0,677,0,0,2268,0,7238,0,0.2748,0.3395,0.4369,12477.3585,5.7982,0.1621,0.3392,0.7764,71.4612,0.0000,16.3162,8.3100,0.0000,0.3049
0,0,0,0,0,0,99193,88844,23501,17426,37977,15266,4834,561,2840,1515,610,0,12337,8600,0,1030,0,719,0,0,2590,0,8235,0,0.2645,0.3340,0.4275,13652.7284,5.5289,0.1629,0.3334,0.7615,71.2941,0.0000,17.5678,8.6700,0.0000,0.2982
0,0,0,0,0,0,87307,78294,21181,14740,33102,14197,4299,433,2252,1354,496,0,11114,7503,0,821,0,689,0,0,2268,0,6984,0,0.2705,0.3379,0.4228,12070.6972,5.5904,0.1523,0.3360,0.7607,73.1892,0.0000,16.8830,8.5938,0.0000,0.3054
0,0,0,0,0,0,99751,89489,23796,17449,37819,15688,4898,505,2705,1564,506,0,12208,8576,0,934,0,752,0,0,2594,0,8108,0,0.2659,0.3339,0.4226,13644.6369,5.5026,0.1567,0.3338,0.7565,75.5556,0.0000,17.4926,8.5974,0.0000,0.3009
0,0,0,0,0,0,87142,78119,20901,14834,32812,13938,4285,408,2270,1317,488,0,10844,7521,0,816,0,686,0,0,2268,0,6963,0,0.2676,0.3355,0.4200,11884.1537,5.4951,0.1525,0.3347,0.7555,72.9640,0.0000,17.0228,8.6307,0.0000,0.3020
0,0,0,0,0,0,98946,88595,23071,18050,36580,15256,4729,478,2608,1482,547,0,11741,8816,0,856,0,679,0,0,2588,0,7815,0,0.2604,0.3309,0.4129,13086.6624,5.2935,0.1525,0.3301,0.7438,73.0409,0.0000,18.2423,8.9099,0.0000,0.2982
0,0,0,0,0,0,87032,77965,20783,15309,33370,13704,4131,388,2560,1541,542,0,10938,7694,0,725,0,648,0,0,2270,0,7079,0,0.2666,0.3355,0.4280,12084.5474,5.5897,0.1614,0.3369,0.7635,73.9798,0.0000,17.5901,8.8404,0.0000,0.3000
0,0,0,0,0,0,98393,87884,22741,18282,35915,15092,4606,561,2482,1429,591,0,11481,8926,0,865,0,718,0,0,2590,0,7649,0,0.2588,0.3306,0.4087,12847.7854,5.2202,0.1499,0.3279,0.7393,70.7426,0.0000,18.5806,9.0718,0.0000,0.2986
0,0,0,0,0,0,86187,77467,20131,15214,31510,13538,4016,368,2209,1505,540,0,10097,7367,0,727,0,626,0,0,2268,0,6593,0,0.2599,0.3275,0.4068,11153.5855,5.1476,0.1469,0.3269,0.7342,73.5941,0.0000,17.6523,8.5477,0.0000,0.2954
0,0,0,0,0,0,97794,87886,22423,19092,35101,15051,4470,498,2404,1454,588,0,11211,8411,0,822,0,675,0,0,2592,0,7372,0,0.2551,0.3237,0.3994,12265.5158,4.9631,0.1443,0.3224,0.7231,71.2047,0.0000,19.5227,8.6007,0.0000,0.2985
0,0,0,0,0,0,85944,77586,20004,15588,31644,13317,4005,411,2271,1600,619,0,10117,6986,0,738,0,634,0,0,2268,0,6687,0,0.2578,0.3226,0.4079,10981.2268,5.0394,0.1500,0.3236,0.7305,72.1046,0.0000,18.1374,8.1285,0.0000,0.2938
0,0,0,0,0,0,97607,88119,22263,18900,34474,15101,4394,487,2281,1679,642,0,10691,8032,0,816,0,640,0,0,2590,0,7162,0,0.2526,0.3187,0.3912,11855.9487,4.7679,0.1386,0.3158,0.7100,72.3395,0.0000,19.3634,8.2289,0.0000,0.2957
0,0,0,0,0,0,85653,77437,19780,16618,31826,13103,3808,369,2500,1501,501,0,10088,6896,0,725,0,595,0,0,2268,0,6677,0,0.2554,0.3199,0.4110,10959.7973,5.0366,0.1556,0.3202,0.7309,74.9750,0.0000,19.4015,8.0511,0.0000,0.2933
0,0,0,0,0,0,97024,87814,22283,19808,35154,14838,4453,558,2434,1728,635,0,10929,7813,0,769,0,628,0,0,2592,0,7445,0,0.2538,0.3181,0.4003,12029.9472,4.8628,0.1466,0.3154,0.7184,73.1274,0.0000,20.4156,8.0526,0.0000,0.2998
0,0,0,0,0,0,92282,83380,21325,18336,33716,14290,4183,348,2504,1428,513,0,10525,7534,0,698,0,670,0,0,2432,0,7035,0,0.2558,0.3203,0.4044,11628.4519,4.9649,0.1486,0.3207,0.7247,73.5703,0.0000,19.8695,8.1641,0.0000,0.2978
0,0,0,0,0,0,91183,82690,20768,18374,32126,14148,4039,424,2157,1265,494,0,9730,7106,0,838,0,549,0,0,2430,0,6620,0,0.2512,0.3149,0.3885,10872.9865,4.6624,0.1374,0.3124,0.7034,71.9159,0.0000,20.1507,7.7931,0.0000,0.2968
0,0,0,0,0,0,91723,83123,21033,18245,32428,14350,4132,390,2161,1394,492,0,10161,7091,0,830,0,679,0,0,2430,0,6683,0,0.2530,0.3157,0.3901,11036.0867,4.7102,0.1371,0.3149,0.7058,73.9130,0.0000,19.8914,7.7309,0.0000,0.2977
0,0,0,0,0,0,90840,82491,20562,19196,31560,14073,4005,459,2025,1370,543,0,9600,6929,0,822,0,598,0,0,2430,0,6489,0,0.2493,0.3117,0.3826,10576.8789,4.5279,0.1333,0.3102,0.6943,71.6153,0.0000,21.1317,7.6277,0.0000,0.2996
0,0,0,0,0,0,91366,82836,21159,18281,34145,13900,4166,459,2634,1185,533,0,10651,7047,0,826,0,657,0,0,2428,0,7259,0,0.2554,0.3178,0.4122,11587.8195,4.9767,0.1568,0.3194,0.7300,68.9756,0.0000,20.0085,7.7129,0.0000,0.2960
0,0,0,0,0,0,91029,82652,20947,19165,32808,14116,4076,480,2275,1320,531,0,9996,7026,0,776,0,575,0,0,2430,0,6831,0,0.2534,0.3158,0.3969,11104.4056,4.7734,0.1435,0.3131,0.7128,71.3128,0.0000,21.0537,7.7184,0.0000,0.3022
0,0,0,0,0,0,91668,82926,21299,19096,35054,13821,4154,371,2953,1149,448,0,10970,7365,0,770,0,607,0,0,2428,0,7478,0,0.2568,0.3211,0.4227,12041.8383,5.1870,0.1659,0.3225,0.7438,71.9474,0.0000,20.8317,8.0344,0.0000,0.2984
0,0,0,0,0,0,91846,82635,20977,19886,34052,13718,4100,502,2657,1388,553,0,10774,7723,0,881,0,607,0,0,2428,0,7259,0,0.2539,0.3221,0.4121,11797.0505,5.0705,0.1582,0.3194,0.7341,71.5095,0.0000,21.6515,8.4086,0.0000,0.3018
0,0,0,0,0,0,92317,83034,21230,19794,35602,13532,4194,334,3170,1272,458,0,11443,7785,0,884,0,614,0,0,2430,0,7698,0,0.2557,0.3239,0.4288,12385.4773,5.3185,0.1731,0.3243,0.7526,73.5260,0.0000,21.4413,8.4329,0.0000,0.2976
0,0,0,0,0,0,92010,82533,20985,20310,34915,13386,4203,461,2935,1255,476,0,11139,8044,0,879,0,554,0,0,2430,0,7599,0,0.2543,0.3251,0.4230,12211.5642,5.2688,0.1688,0.3232,0.7481,72.5014,0.0000,22.0737,8.7425,0.0000,0.3016
0,0,0,0,0,0,91976,82710,20616,20206,34368,13054,4272,390,2900,1259,468,0,10999,7637,0,1003,0,626,0,0,2430,0,7562,0,0.2493,0.3181,0.4155,11766.9103,5.0280,0.1663,0.3195,0.7336,72.9010,0.0000,21.9688,8.3033,0.0000,0.2941
0,0,0,0,0,0,92299,82722,20404,21001,33366,13269,3993,457,2685,1215,490,0,10631,8049,0,919,0,609,0,0,2432,0,7135,0,0.2467,0.3182,0.4034,11467.2358,4.8822,0.1567,0.3155,0.7216,71.2610,0.0000,22.7532,8.7206,0.0000,0.2971
