year,team_id,league_id,sub_league_id,level_id,split_id,position,g,gs,tc,a,po,e,dp,tp,pb,sba,rto,er,ip,ipf,pct,range,rtop,cera,zr,plays,plays_base,roe,eff,opps_0,opps_made_0,opps_1,opps_made_1,opps_2,opps_made_2,opps_3,opps_made_3,opps_4,opps_made_4,opps_5,opps_made_5
1871,0,150,0,0,0,0,0,0,0,0,0,0,0,0,0,0,0,0,0,0,0.0000,0.0000,0.0000,0.0000,0.0000,0,0,0,0.0000,0,0,0,0,0,0,0,0,0,0,0,0
1871,0,150,1,0,0,0,0,0,0,0,0,0,0,0,0,0,0,0,0,0,0.0000,0.0000,0.0000,0.0000,0.0000,0,0,0,0.0000,0,0,0,0,0,0,0,0,0,0,0,0
1872,0,150,0,0,0,0,0,0,0,0,0,0,0,0,0,0,0,0,0,0,0.0000,0.0000,0.0000,0.0000,0.0000,0,0,0,0.0000,0,0,0,0,0,0,0,0,0,0,0,0
1872,0,150,1,0,0,0,0,0,0,0,0,0,0,0,0,0,0,0,0,0,0.0000,0.0000,0.0000,0.0000,0.0000,0,0,0,0.0000,0,0,0,0,0,0,0,0,0,0,0,0
1873,0,150,0,0,0,0,0,0,0,0,0,0,0,0,0,0,0,0,0,0,0.0000,0.0000,0.0000,0.0000,0.0000,0,0,0,0.0000,0,0,0,0,0,0,0,0,0,0,0,0
1873,0,150,1,0,0,0,0,0,0,0,0,0,0,0,0,0,0,0,0,0,0.0000,0.0000,0.0000,0.0000,0.0000,0,0,0,0.0000,0,0,0,0,0,0,0,0,0,0,0,0
1874,0,150,0,0,0,0,0,0,0,0,0,0,0,0,0,0,0,0,0,0,0.0000,0.0000,0.0000,0.0000,0.0000,0,0,0,0.0000,0,0,0,0,0,0,0,0,0,0,0,0
1874,0,150,1,0,0,0,0,0,0,0,0,0,0,0,0,0,0,0,0,0,0.0000,0.0000,0.0000,0.0000,0.0000,0,0,0,0.0000,0,0,0,0,0,0,0,0,0,0,0,0
1875,0,150,0,0,0,0,0,0,0,0,0,0,0,0,0,0,0,0,0,0,0.0000,0.0000,0.0000,0.0000,0.0000,0,0,0,0.0000,0,0,0,0,0,0,0,0,0,0,0,0
1875,0,150,1,0,0,0,0,0,0,0,0,0,0,0,0,0,0,0,0,0,0.0000,0.0000,0.0000,0.0000,0.0000,0,0,0,0.0000,0,0,0,0,0,0,0,0,0,0,0,0
1876,0,150,0,0,0,0,0,0,0,0,0,0,0,0,0,0,0,0,0,0,0.0000,0.0000,0.0000,0.0000,0.0000,0,0,0,0.0000,0,0,0,0,0,0,0,0,0,0,0,0
1876,0,150,1,0,0,0,0,0,0,0,0,0,0,0,0,0,0,0,0,0,0.0000,0.0000,0.0000,0.0000,0.0000,0,0,0,0.0000,0,0,0,0,0,0,0,0,0,0,0,0
1877,0,150,0,0,0,0,0,0,0,0,0,0,0,0,0,0,0,0,0,0,0.0000,0.0000,0.0000,0.0000,0.0000,0,0,0,0.0000,0,0,0,0,0,0,0,0,0,0,0,0
1877,0,150,1,0,0,0,0,0,0,0,0,0,0,0,0,0,0,0,0,0,0.0000,0.0000,0.0000,0.0000,0.0000,0,0,0,0.0000,0,0,0,0,0,0,0,0,0,0,0,0
1878,0,150,0,0,0,0,0,0,0,0,0,0,0,0,0,0,0,0,0,0,0.0000,0.0000,0.0000,0.0000,0.0000,0,0,0,0.0000,0,0,0,0,0,0,0,0,0,0,0,0
1878,0,150,1,0,0,0,0,0,0,0,0,0,0,0,0,0,0,0,0,0,0.0000,0.0000,0.0000,0.0000,0.0000,0,0,0,0.0000,0,0,0,0,0,0,0,0,0,0,0,0
1879,0,150,0,0,0,0,0,0,0,0,0,0,0,0,0,0,0,0,0,0,0.0000,0.0000,0.0000,0.0000,0.0000,0,0,0,0.0000,0,0,0,0,0,0,0,0,0,0,0,0
1879,0,150,1,0,0,0,0,0,0,0,0,0,0,0,0,0,0,0,0,0,0.0000,0.0000,0.0000,0.0000,0.0000,0,0,0,0.0000,0,0,0,0,0,0,0,0,0,0,0,0
1880,0,150,0,0,0,0,0,0,0,0,0,0,0,0,0,0,0,0,0,0,0.0000,0.0000,0.0000,0.0000,0.0000,0,0,0,0.0000,0,0,0,0,0,0,0,0,0,0,0,0
1880,0,150,1,0,0,0,0,0,0,0,0,0,0,0,0,0,0,0,0,0,0.0000,0.0000,0.0000,0.0000,0.0000,0,0,0,0.0000,0,0,0,0,0,0,0,0,0,0,0,0
1881,0,150,0,0,0,0,0,0,0,0,0,0,0,0,0,0,0,0,0,0,0.0000,0.0000,0.0000,0.0000,0.0000,0,0,0,0.0000,0,0,0,0,0,0,0,0,0,0,0,0
1881,0,150,1,0,0,0,0,0,0,0,0,0,0,0,0,0,0,0,0,0,0.0000,0.0000,0.0000,0.0000,0.0000,0,0,0,0.0000,0,0,0,0,0,0,0,0,0,0,0,0
1882,0,150,0,0,0,0,0,0,0,0,0,0,0,0,0,0,0,0,0,0,0.0000,0.0000,0.0000,0.0000,0.0000,0,0,0,0.0000,0,0,0,0,0,0,0,0,0,0,0,0
1882,0,150,1,0,0,0,0,0,0,0,0,0,0,0,0,0,0,0,0,0,0.0000,0.0000,0.0000,0.0000,0.0000,0,0,0,0.0000,0,0,0,0,0,0,0,0,0,0,0,0
1883,0,150,0,0,0,0,0,0,0,0,0,0,0,0,0,0,0,0,0,0,0.0000,0.0000,0.0000,0.0000,0.0000,0,0,0,0.0000,0,0,0,0,0,0,0,0,0,0,0,0
1883,0,150,1,0,0,0,0,0,0,0,0,0,0,0,0,0,0,0,0,0,0.0000,0.0000,0.0000,0.0000,0.0000,0,0,0,0.0000,0,0,0,0,0,0,0,0,0,0,0,0
1884,0,150,0,0,0,0,0,0,0,0,0,0,0,0,0,0,0,0,0,0,0.0000,0.0000,0.0000,0.0000,0.0000,0,0,0,0.0000,0,0,0,0,0,0,0,0,0,0,0,0
1884,0,150,1,0,0,0,0,0,0,0,0,0,0,0,0,0,0,0,0,0,0.0000,0.0000,0.0000,0.0000,0.0000,0,0,0,0.0000,0,0,0,0,0,0,0,0,0,0,0,0
1885,0,150,0,0,0,0,0,0,0,0,0,0,0,0,0,0,0,0,0,0,0.0000,0.0000,0.0000,0.0000,0.0000,0,0,0,0.0000,0,0,0,0,0,0,0,0,0,0,0,0
1885,0,150,1,0,0,0,0,0,0,0,0,0,0,0,0,0,0,0,0,0,0.0000,0.0000,0.0000,0.0000,0.0000,0,0,0,0.0000,0,0,0,0,0,0,0,0,0,0,0,0
1886,0,150,0,0,0,0,0,0,0,0,0,0,0,0,0,0,0,0,0,0,0.0000,0.0000,0.0000,0.0000,0.0000,0,0,0,0.0000,0,0,0,0,0,0,0,0,0,0,0,0
1886,0,150,1,0,0,0,0,0,0,0,0,0,0,0,0,0,0,0,0,0,0.0000,0.0000,0.0000,0.0000,0.0000,0,0,0,0.0000,0,0,0,0,0,0,0,0,0,0,0,0
1887,0,150,0,0,0,0,0,0,0,0,0,0,0,0,0,0,0,0,0,0,0.0000,0.0000,0.0000,0.0000,0.0000,0,0,0,0.0000,0,0,0,0,0,0,0,0,0,0,0,0
1887,0,150,1,0,0,0,0,0,0,0,0,0,0,0,0,0,0,0,0,0,0.0000,0.0000,0.0000,0.0000,0.0000,0,0,0,0.0000,0,0,0,0,0,0,0,0,0,0,0,0
1888,0,150,0,0,0,0,0,0,0,0,0,0,0,0,0,0,0,0,0,0,0.0000,0.0000,0.0000,0.0000,0.0000,0,0,0,0.0000,0,0,0,0,0,0,0,0,0,0,0,0
1888,0,150,1,0,0,0,0,0,0,0,0,0,0,0,0,0,0,0,0,0,0.0000,0.0000,0.0000,0.0000,0.0000,0,0,0,0.0000,0,0,0,0,0,0,0,0,0,0,0,0
1889,0,150,0,0,0,0,0,0,0,0,0,0,0,0,0,0,0,0,0,0,0.0000,0.0000,0.0000,0.0000,0.0000,0,0,0,0.0000,0,0,0,0,0,0,0,0,0,0,0,0
1889,0,150,1,0,0,0,0,0,0,0,0,0,0,0,0,0,0,0,0,0,0.0000,0.0000,0.0000,0.0000,0.0000,0,0,0,0.0000,0,0,0,0,0,0,0,0,0,0,0,0
1890,0,150,0,0,0,0,0,0,0,0,0,0,0,0,0,0,0,0,0,0,0.0000,0.0000,0.0000,0.0000,0.0000,0,0,0,0.0000,0,0,0,0,0,0,0,0,0,0,0,0
1890,0,150,1,0,0,0,0,0,0,0,0,0,0,0,0,0,0,0,0,0,0.0000,0.0000,0.0000,0.0000,0.0000,0,0,0,0.0000,0,0,0,0,0,0,0,0,0,0,0,0
1891,0,150,0,0,0,0,0,0,0,0,0,0,0,0,0,0,0,0,0,0,0.0000,0.0000,0.0000,0.0000,0.0000,0,0,0,0.0000,0,0,0,0,0,0,0,0,0,0,0,0
1891,0,150,1,0,0,0,0,0,0,0,0,0,0,0,0,0,0,0,0,0,0.0000,0.0000,0.0000,0.0000,0.0000,0,0,0,0.0000,0,0,0,0,0,0,0,0,0,0,0,0
1892,0,150,0,0,0,0,0,0,0,0,0,0,0,0,0,0,0,0,0,0,0.0000,0.0000,0.0000,0.0000,0.0000,0,0,0,0.0000,0,0,0,0,0,0,0,0,0,0,0,0
1892,0,150,1,0,0,0,0,0,0,0,0,0,0,0,0,0,0,0,0,0,0.0000,0.0000,0.0000,0.0000,0.0000,0,0,0,0.0000,0,0,0,0,0,0,0,0,0,0,0,0
1893,0,150,0,0,0,0,0,0,0,0,0,0,0,0,0,0,0,0,0,0,0.0000,0.0000,0.0000,0.0000,0.0000,0,0,0,0.0000,0,0,0,0,0,0,0,0,0,0,0,0
1893,0,150,1,0,0,0,0,0,0,0,0,0,0,0,0,0,0,0,0,0,0.0000,0.0000,0.0000,0.0000,0.0000,0,0,0,0.0000,0,0,0,0,0,0,0,0,0,0,0,0
1894,0,150,0,0,0,0,0,0,0,0,0,0,0,0,0,0,0,0,0,0,0.0000,0.0000,0.0000,0.0000,0.0000,0,0,0,0.0000,0,0,0,0,0,0,0,0,0,0,0,0
1894,0,150,1,0,0,0,0,0,0,0,0,0,0,0,0,0,0,0,0,0,0.0000,0.0000,0.0000,0.0000,0.0000,0,0,0,0.0000,0,0,0,0,0,0,0,0,0,0,0,0
1895,0,150,0,0,0,0,0,0,0,0,0,0,0,0,0,0,0,0,0,0,0.0000,0.0000,0.0000,0.0000,0.0000,0,0,0,0.0000,0,0,0,0,0,0,0,0,0,0,0,0
1895,0,150,1,0,0,0,0,0,0,0,0,0,0,0,0,0,0,0,0,0,0.0000,0.0000,0.0000,0.0000,0.0000,0,0,0,0.0000,0,0,0,0,0,0,0,0,0,0,0,0
1896,0,150,0,0,0,0,0,0,0,0,0,0,0,0,0,0,0,0,0,0,0.0000,0.0000,0.0000,0.0000,0.0000,0,0,0,0.0000,0,0,0,0,0,0,0,0,0,0,0,0
1896,0,150,1,0,0,0,0,0,0,0,0,0,0,0,0,0,0,0,0,0,0.0000,0.0000,0.0000,0.0000,0.0000,0,0,0,0.0000,0,0,0,0,0,0,0,0,0,0,0,0
1897,0,150,0,0,0,0,0,0,0,0,0,0,0,0,0,0,0,0,0,0,0.0000,0.0000,0.0000,0.0000,0.0000,0,0,0,0.0000,0,0,0,0,0,0,0,0,0,0,0,0
1897,0,150,1,0,0,0,0,0,0,0,0,0,0,0,0,0,0,0,0,0,0.0000,0.0000,0.0000,0.0000,0.0000,0,0,0,0.0000,0,0,0,0,0,0,0,0,0,0,0,0
1898,0,150,0,0,0,0,0,0,0,0,0,0,0,0,0,0,0,0,0,0,0.0000,0.0000,0.0000,0.0000,0.0000,0,0,0,0.0000,0,0,0,0,0,0,0,0,0,0,0,0
1898,0,150,1,0,0,0,0,0,0,0,0,0,0,0,0,0,0,0,0,0,0.0000,0.0000,0.0000,0.0000,0.0000,0,0,0,0.0000,0,0,0,0,0,0,0,0,0,0,0,0
1899,0,150,0,0,0,0,0,0,0,0,0,0,0,0,0,0,0,0,0,0,0.0000,0.0000,0.0000,0.0000,0.0000,0,0,0,0.0000,0,0,0,0,0,0,0,0,0,0,0,0
1899,0,150,1,0,0,0,0,0,0,0,0,0,0,0,0,0,0,0,0,0,0.0000,0.0000,0.0000,0.0000,0.0000,0,0,0,0.0000,0,0,0,0,0,0,0,0,0,0,0,0
1900,0,150,0,0,0,0,0,0,0,0,0,0,0,0,0,0,0,0,0,0,0.0000,0.0000,0.0000,0.0000,0.0000,0,0,0,0.0000,0,0,0,0,0,0,0,0,0,0,0,0
1900,0,150,1,0,0,0,0,0,0,0,0,0,0,0,0,0,0,0,0,0,0.0000,0.0000,0.0000,0.0000,0.0000,0,0,0,0.0000,0,0,0,0,0,0,0,0,0,0,0,0
1901,0,150,0,0,0,0,0,0,0,0,0,0,0,0,0,0,0,0,0,0,0.0000,0.0000,0.0000,0.0000,0.0000,0,0,0,0.0000,0,0,0,0,0,0,0,0,0,0,0,0
1901,0,150,1,0,0,0,0,0,0,0,0,0,0,0,0,0,0,0,0,0,0.0000,0.0000,0.0000,0.0000,0.0000,0,0,0,0.0000,0,0,0,0,0,0,0,0,0,0,0,0
1902,0,150,0,0,0,0,0,0,0,0,0,0,0,0,0,0,0,0,0,0,0.0000,0.0000,0.0000,0.0000,0.0000,0,0,0,0.0000,0,0,0,0,0,0,0,0,0,0,0,0
1902,0,150,1,0,0,0,0,0,0,0,0,0,0,0,0,0,0,0,0,0,0.0000,0.0000,0.0000,0.0000,0.0000,0,0,0,0.0000,0,0,0,0,0,0,0,0,0,0,0,0
1903,0,150,0,0,0,0,0,0,0,0,0,0,0,0,0,0,0,0,0,0,0.0000,0.0000,0.0000,0.0000,0.0000,0,0,0,0.0000,0,0,0,0,0,0,0,0,0,0,0,0
1903,0,150,1,0,0,0,0,0,0,0,0,0,0,0,0,0,0,0,0,0,0.0000,0.0000,0.0000,0.0000,0.0000,0,0,0,0.0000,0,0,0,0,0,0,0,0,0,0,0,0
1904,0,150,0,0,0,0,0,0,0,0,0,0,0,0,0,0,0,0,0,0,0.0000,0.0000,0.0000,0.0000,0.0000,0,0,0,0.0000,0,0,0,0,0,0,0,0,0,0,0,0
1904,0,150,1,0,0,0,0,0,0,0,0,0,0,0,0,0,0,0,0,0,0.0000,0.0000,0.0000,0.0000,0.0000,0,0,0,0.0000,0,0,0,0,0,0,0,0,0,0,0,0
1905,0,150,0,0,0,0,0,0,0,0,0,0,0,0,0,0,0,0,0,0,0.0000,0.0000,0.0000,0.0000,0.0000,0,0,0,0.0000,0,0,0,0,0,0,0,0,0,0,0,0
1905,0,150,1,0,0,0,0,0,0,0,0,0,0,0,0,0,0,0,0,0,0.0000,0.0000,0.0000,0.0000,0.0000,0,0,0,0.0000,0,0,0,0,0,0,0,0,0,0,0,0
1906,0,150,0,0,0,0,0,0,0,0,0,0,0,0,0,0,0,0,0,0,0.0000,0.0000,0.0000,0.0000,0.0000,0,0,0,0.0000,0,0,0,0,0,0,0,0,0,0,0,0
1906,0,150,1,0,0,0,0,0,0,0,0,0,0,0,0,0,0,0,0,0,0.0000,0.0000,0.0000,0.0000,0.0000,0,0,0,0.0000,0,0,0,0,0,0,0,0,0,0,0,0
1907,0,150,0,0,0,0,0,0,0,0,0,0,0,0,0,0,0,0,0,0,0.0000,0.0000,0.0000,0.0000,0.0000,0,0,0,0.0000,0,0,0,0,0,0,0,0,0,0,0,0
1907,0,150,1,0,0,0,0,0,0,0,0,0,0,0,0,0,0,0,0,0,0.0000,0.0000,0.0000,0.0000,0.0000,0,0,0,0.0000,0,0,0,0,0,0,0,0,0,0,0,0
1908,0,150,0,0,0,0,0,0,0,0,0,0,0,0,0,0,0,0,0,0,0.0000,0.0000,0.0000,0.0000,0.0000,0,0,0,0.0000,0,0,0,0,0,0,0,0,0,0,0,0
1908,0,150,1,0,0,0,0,0,0,0,0,0,0,0,0,0,0,0,0,0,0.0000,0.0000,0.0000,0.0000,0.0000,0,0,0,0.0000,0,0,0,0,0,0,0,0,0,0,0,0
1909,0,150,0,0,0,0,0,0,0,0,0,0,0,0,0,0,0,0,0,0,0.0000,0.0000,0.0000,0.0000,0.0000,0,0,0,0.0000,0,0,0,0,0,0,0,0,0,0,0,0
1909,0,150,1,0,0,0,0,0,0,0,0,0,0,0,0,0,0,0,0,0,0.0000,0.0000,0.0000,0.0000,0.0000,0,0,0,0.0000,0,0,0,0,0,0,0,0,0,0,0,0
1910,0,150,0,0,0,0,0,0,0,0,0,0,0,0,0,0,0,0,0,0,0.0000,0.0000,0.0000,0.0000,0.0000,0,0,0,0.0000,0,0,0,0,0,0,0,0,0,0,0,0
1910,0,150,1,0,0,0,0,0,0,0,0,0,0,0,0,0,0,0,0,0,0.0000,0.0000,0.0000,0.0000,0.0000,0,0,0,0.0000,0,0,0,0,0,0,0,0,0,0,0,0
1911,0,150,0,0,0,0,0,0,0,0,0,0,0,0,0,0,0,0,0,0,0.0000,0.0000,0.0000,0.0000,0.0000,0,0,0,0.0000,0,0,0,0,0,0,0,0,0,0,0,0
1911,0,150,1,0,0,0,0,0,0,0,0,0,0,0,0,0,0,0,0,0,0.0000,0.0000,0.0000,0.0000,0.0000,0,0,0,0.0000,0,0,0,0,0,0,0,0,0,0,0,0
1912,0,150,0,0,0,0,0,0,0,0,0,0,0,0,0,0,0,0,0,0,0.0000,0.0000,0.0000,0.0000,0.0000,0,0,0,0.0000,0,0,0,0,0,0,0,0,0,0,0,0
1912,0,150,1,0,0,0,0,0,0,0,0,0,0,0,0,0,0,0,0,0,0.0000,0.0000,0.0000,0.0000,0.0000,0,0,0,0.0000,0,0,0,0,0,0,0,0,0,0,0,0
1913,0,150,0,0,0,0,0,0,0,0,0,0,0,0,0,0,0,0,0,0,0.0000,0.0000,0.0000,0.0000,0.0000,0,0,0,0.0000,0,0,0,0,0,0,0,0,0,0,0,0
1913,0,150,1,0,0,0,0,0,0,0,0,0,0,0,0,0,0,0,0,0,0.0000,0.0000,0.0000,0.0000,0.0000,0,0,0,0.0000,0,0,0,0,0,0,0,0,0,0,0,0
1914,0,150,0,0,0,0,0,0,0,0,0,0,0,0,0,0,0,0,0,0,0.0000,0.0000,0.0000,0.0000,0.0000,0,0,0,0.0000,0,0,0,0,0,0,0,0,0,0,0,0
1914,0,150,1,0,0,0,0,0,0,0,0,0,0,0,0,0,0,0,0,0,0.0000,0.0000,0.0000,0.0000,0.0000,0,0,0,0.0000,0,0,0,0,0,0,0,0,0,0,0,0
1915,0,150,0,0,0,0,0,0,0,0,0,0,0,0,0,0,0,0,0,0,0.0000,0.0000,0.0000,0.0000,0.0000,0,0,0,0.0000,0,0,0,0,0,0,0,0,0,0,0,0
1915,0,150,1,0,0,0,0,0,0,0,0,0,0,0,0,0,0,0,0,0,0.0000,0.0000,0.0000,0.0000,0.0000,0,0,0,0.0000,0,0,0,0,0,0,0,0,0,0,0,0
1916,0,150,0,0,0,0,0,0,0,0,0,0,0,0,0,0,0,0,0,0,0.0000,0.0000,0.0000,0.0000,0.0000,0,0,0,0.0000,0,0,0,0,0,0,0,0,0,0,0,0
1916,0,150,1,0,0,0,0,0,0,0,0,0,0,0,0,0,0,0,0,0,0.0000,0.0000,0.0000,0.0000,0.0000,0,0,0,0.0000,0,0,0,0,0,0,0,0,0,0,0,0
1917,0,150,0,0,0,0,0,0,0,0,0,0,0,0,0,0,0,0,0,0,0.0000,0.0000,0.0000,0.0000,0.0000,0,0,0,0.0000,0,0,0,0,0,0,0,0,0,0,0,0
1917,0,150,1,0,0,0,0,0,0,0,0,0,0,0,0,0,0,0,0,0,0.0000,0.0000,0.0000,0.0000,0.0000,0,0,0,0.0000,0,0,0,0,0,0,0,0,0,0,0,0
1918,0,150,0,0,0,0,0,0,0,0,0,0,0,0,0,0,0,0,0,0,0.0000,0.0000,0.0000,0.0000,0.0000,0,0,0,0.0000,0,0,0,0,0,0,0,0,0,0,0,0
1918,0,150,1,0,0,0,0,0,0,0,0,0,0,0,0,0,0,0,0,0,0.0000,0.0000,0.0000,0.0000,0.0000,0,0,0,0.0000,0,0,0,0,0,0,0,0,0,0,0,0
1919,0,150,0,0,0,0,0,0,0,0,0,0,0,0,0,0,0,0,0,0,0.0000,0.0000,0.0000,0.0000,0.0000,0,0,0,0.0000,0,0,0,0,0,0,0,0,0,0,0,0
1919,0,150,1,0,0,0,0,0,0,0,0,0,0,0,0,0,0,0,0,0,0.0000,0.0000,0.0000,0.0000,0.0000,0,0,0,0.0000,0,0,0,0,0,0,0,0,0,0,0,0
1920,0,150,0,0,0,0,0,0,0,0,0,0,0,0,0,0,0,0,0,0,0.0000,0.0000,0.0000,0.0000,0.0000,0,0,0,0.0000,0,0,0,0,0,0,0,0,0,0,0,0
1920,0,150,1,0,0,0,0,0,0,0,0,0,0,0,0,0,0,0,0,0,0.0000,0.0000,0.0000,0.0000,0.0000,0,0,0,0.0000,0,0,0,0,0,0,0,0,0,0,0,0
1921,0,150,0,0,0,0,0,0,0,0,0,0,0,0,0,0,0,0,0,0,0.0000,0.0000,0.0000,0.0000,0.0000,0,0,0,0.0000,0,0,0,0,0,0,0,0,0,0,0,0
1921,0,150,1,0,0,0,0,0,0,0,0,0,0,0,0,0,0,0,0,0,0.0000,0.0000,0.0000,0.0000,0.0000,0,0,0,0.0000,0,0,0,0,0,0,0,0,0,0,0,0
1922,0,150,0,0,0,0,0,0,0,0,0,0,0,0,0,0,0,0,0,0,0.0000,0.0000,0.0000,0.0000,0.0000,0,0,0,0.0000,0,0,0,0,0,0,0,0,0,0,0,0
1922,0,150,1,0,0,0,0,0,0,0,0,0,0,0,0,0,0,0,0,0,0.0000,0.0000,0.0000,0.0000,0.0000,0,0,0,0.0000,0,0,0,0,0,0,0,0,0,0,0,0
1923,0,150,0,0,0,0,0,0,0,0,0,0,0,0,0,0,0,0,0,0,0.0000,0.0000,0.0000,0.0000,0.0000,0,0,0,0.0000,0,0,0,0,0,0,0,0,0,0,0,0
1923,0,150,1,0,0,0,0,0,0,0,0,0,0,0,0,0,0,0,0,0,0.0000,0.0000,0.0000,0.0000,0.0000,0,0,0,0.0000,0,0,0,0,0,0,0,0,0,0,0,0
1924,0,150,0,0,0,0,0,0,0,0,0,0,0,0,0,0,0,0,0,0,0.0000,0.0000,0.0000,0.0000,0.0000,0,0,0,0.0000,0,0,0,0,0,0,0,0,0,0,0,0
1924,0,150,1,0,0,0,0,0,0,0,0,0,0,0,0,0,0,0,0,0,0.0000,0.0000,0.0000,0.0000,0.0000,0,0,0,0.0000,0,0,0,0,0,0,0,0,0,0,0,0
1925,0,150,0,0,0,0,0,0,0,0,0,0,0,0,0,0,0,0,0,0,0.0000,0.0000,0.0000,0.0000,0.0000,0,0,0,0.0000,0,0,0,0,0,0,0,0,0,0,0,0
1925,0,150,1,0,0,0,0,0,0,0,0,0,0,0,0,0,0,0,0,0,0.0000,0.0000,0.0000,0.0000,0.0000,0,0,0,0.0000,0,0,0,0,0,0,0,0,0,0,0,0
1926,0,150,0,0,0,0,0,0,0,0,0,0,0,0,0,0,0,0,0,0,0.0000,0.0000,0.0000,0.0000,0.0000,0,0,0,0.0000,0,0,0,0,0,0,0,0,0,0,0,0
1926,0,150,1,0,0,0,0,0,0,0,0,0,0,0,0,0,0,0,0,0,0.0000,0.0000,0.0000,0.0000,0.0000,0,0,0,0.0000,0,0,0,0,0,0,0,0,0,0,0,0
1927,0,150,0,0,0,0,0,0,0,0,0,0,0,0,0,0,0,0,0,0,0.0000,0.0000,0.0000,0.0000,0.0000,0,0,0,0.0000,0,0,0,0,0,0,0,0,0,0,0,0
1927,0,150,1,0,0,0,0,0,0,0,0,0,0,0,0,0,0,0,0,0,0.0000,0.0000,0.0000,0.0000,0.0000,0,0,0,0.0000,0,0,0,0,0,0,0,0,0,0,0,0
1928,0,150,0,0,0,0,0,0,0,0,0,0,0,0,0,0,0,0,0,0,0.0000,0.0000,0.0000,0.0000,0.0000,0,0,0,0.0000,0,0,0,0,0,0,0,0,0,0,0,0
1928,0,150,1,0,0,0,0,0,0,0,0,0,0,0,0,0,0,0,0,0,0.0000,0.0000,0.0000,0.0000,0.0000,0,0,0,0.0000,0,0,0,0,0,0,0,0,0,0,0,0
1929,0,150,0,0,0,0,0,0,0,0,0,0,0,0,0,0,0,0,0,0,0.0000,0.0000,0.0000,0.0000,0.0000,0,0,0,0.0000,0,0,0,0,0,0,0,0,0,0,0,0
1929,0,150,1,0,0,0,0,0,0,0,0,0,0,0,0,0,0,0,0,0,0.0000,0.0000,0.0000,0.0000,0.0000,0,0,0,0.0000,0,0,0,0,0,0,0,0,0,0,0,0
1930,0,150,0,0,0,0,0,0,0,0,0,0,0,0,0,0,0,0,0,0,0.0000,0.0000,0.0000,0.0000,0.0000,0,0,0,0.0000,0,0,0,0,0,0,0,0,0,0,0,0
1930,0,150,1,0,0,0,0,0,0,0,0,0,0,0,0,0,0,0,0,0,0.0000,0.0000,0.0000,0.0000,0.0000,0,0,0,0.0000,0,0,0,0,0,0,0,0,0,0,0,0
1931,0,150,0,0,0,0,0,0,0,0,0,0,0,0,0,0,0,0,0,0,0.0000,0.0000,0.0000,0.0000,0.0000,0,0,0,0.0000,0,0,0,0,0,0,0,0,0,0,0,0
1931,0,150,1,0,0,0,0,0,0,0,0,0,0,0,0,0,0,0,0,0,0.0000,0.0000,0.0000,0.0000,0.0000,0,0,0,0.0000,0,0,0,0,0,0,0,0,0,0,0,0
1932,0,150,0,0,0,0,0,0,0,0,0,0,0,0,0,0,0,0,0,0,0.0000,0.0000,0.0000,0.0000,0.0000,0,0,0,0.0000,0,0,0,0,0,0,0,0,0,0,0,0
1932,0,150,1,0,0,0,0,0,0,0,0,0,0,0,0,0,0,0,0,0,0.0000,0.0000,0.0000,0.0000,0.0000,0,0,0,0.0000,0,0,0,0,0,0,0,0,0,0,0,0
1933,0,150,0,0,0,0,0,0,0,0,0,0,0,0,0,0,0,0,0,0,0.0000,0.0000,0.0000,0.0000,0.0000,0,0,0,0.0000,0,0,0,0,0,0,0,0,0,0,0,0
1933,0,150,1,0,0,0,0,0,0,0,0,0,0,0,0,0,0,0,0,0,0.0000,0.0000,0.0000,0.0000,0.0000,0,0,0,0.0000,0,0,0,0,0,0,0,0,0,0,0,0
1934,0,150,0,0,0,0,0,0,0,0,0,0,0,0,0,0,0,0,0,0,0.0000,0.0000,0.0000,0.0000,0.0000,0,0,0,0.0000,0,0,0,0,0,0,0,0,0,0,0,0
1934,0,150,1,0,0,0,0,0,0,0,0,0,0,0,0,0,0,0,0,0,0.0000,0.0000,0.0000,0.0000,0.0000,0,0,0,0.0000,0,0,0,0,0,0,0,0,0,0,0,0
1935,0,150,0,0,0,0,0,0,0,0,0,0,0,0,0,0,0,0,0,0,0.0000,0.0000,0.0000,0.0000,0.0000,0,0,0,0.0000,0,0,0,0,0,0,0,0,0,0,0,0
1935,0,150,1,0,0,0,0,0,0,0,0,0,0,0,0,0,0,0,0,0,0.0000,0.0000,0.0000,0.0000,0.0000,0,0,0,0.0000,0,0,0,0,0,0,0,0,0,0,0,0
1936,0,150,0,0,0,0,0,0,0,0,0,0,0,0,0,0,0,0,0,0,0.0000,0.0000,0.0000,0.0000,0.0000,0,0,0,0.0000,0,0,0,0,0,0,0,0,0,0,0,0
1936,0,150,1,0,0,0,0,0,0,0,0,0,0,0,0,0,0,0,0,0,0.0000,0.0000,0.0000,0.0000,0.0000,0,0,0,0.0000,0,0,0,0,0,0,0,0,0,0,0,0
1937,0,150,0,0,0,0,0,0,0,0,0,0,0,0,0,0,0,0,0,0,0.0000,0.0000,0.0000,0.0000,0.0000,0,0,0,0.0000,0,0,0,0,0,0,0,0,0,0,0,0
1937,0,150,1,0,0,0,0,0,0,0,0,0,0,0,0,0,0,0,0,0,0.0000,0.0000,0.0000,0.0000,0.0000,0,0,0,0.0000,0,0,0,0,0,0,0,0,0,0,0,0
1938,0,150,0,0,0,0,0,0,0,0,0,0,0,0,0,0,0,0,0,0,0.0000,0.0000,0.0000,0.0000,0.0000,0,0,0,0.0000,0,0,0,0,0,0,0,0,0,0,0,0
1938,0,150,1,0,0,0,0,0,0,0,0,0,0,0,0,0,0,0,0,0,0.0000,0.0000,0.0000,0.0000,0.0000,0,0,0,0.0000,0,0,0,0,0,0,0,0,0,0,0,0
1939,0,150,0,0,0,0,0,0,0,0,0,0,0,0,0,0,0,0,0,0,0.0000,0.0000,0.0000,0.0000,0.0000,0,0,0,0.0000,0,0,0,0,0,0,0,0,0,0,0,0
1939,0,150,1,0,0,0,0,0,0,0,0,0,0,0,0,0,0,0,0,0,0.0000,0.0000,0.0000,0.0000,0.0000,0,0,0,0.0000,0,0,0,0,0,0,0,0,0,0,0,0
1940,0,150,0,0,0,0,0,0,0,0,0,0,0,0,0,0,0,0,0,0,0.0000,0.0000,0.0000,0.0000,0.0000,0,0,0,0.0000,0,0,0,0,0,0,0,0,0,0,0,0
1940,0,150,1,0,0,0,0,0,0,0,0,0,0,0,0,0,0,0,0,0,0.0000,0.0000,0.0000,0.0000,0.0000,0,0,0,0.0000,0,0,0,0,0,0,0,0,0,0,0,0
1941,0,150,0,0,0,0,0,0,0,0,0,0,0,0,0,0,0,0,0,0,0.0000,0.0000,0.0000,0.0000,0.0000,0,0,0,0.0000,0,0,0,0,0,0,0,0,0,0,0,0
1941,0,150,1,0,0,0,0,0,0,0,0,0,0,0,0,0,0,0,0,0,0.0000,0.0000,0.0000,0.0000,0.0000,0,0,0,0.0000,0,0,0,0,0,0,0,0,0,0,0,0
1942,0,150,0,0,0,0,0,0,0,0,0,0,0,0,0,0,0,0,0,0,0.0000,0.0000,0.0000,0.0000,0.0000,0,0,0,0.0000,0,0,0,0,0,0,0,0,0,0,0,0
1942,0,150,1,0,0,0,0,0,0,0,0,0,0,0,0,0,0,0,0,0,0.0000,0.0000,0.0000,0.0000,0.0000,0,0,0,0.0000,0,0,0,0,0,0,0,0,0,0,0,0
1943,0,150,0,0,0,0,0,0,0,0,0,0,0,0,0,0,0,0,0,0,0.0000,0.0000,0.0000,0.0000,0.0000,0,0,0,0.0000,0,0,0,0,0,0,0,0,0,0,0,0
1943,0,150,1,0,0,0,0,0,0,0,0,0,0,0,0,0,0,0,0,0,0.0000,0.0000,0.0000,0.0000,0.0000,0,0,0,0.0000,0,0,0,0,0,0,0,0,0,0,0,0
1944,0,150,0,0,0,0,0,0,0,0,0,0,0,0,0,0,0,0,0,0,0.0000,0.0000,0.0000,0.0000,0.0000,0,0,0,0.0000,0,0,0,0,0,0,0,0,0,0,0,0
1944,0,150,1,0,0,0,0,0,0,0,0,0,0,0,0,0,0,0,0,0,0.0000,0.0000,0.0000,0.0000,0.0000,0,0,0,0.0000,0,0,0,0,0,0,0,0,0,0,0,0
1945,0,150,0,0,0,0,0,0,0,0,0,0,0,0,0,0,0,0,0,0,0.0000,0.0000,0.0000,0.0000,0.0000,0,0,0,0.0000,0,0,0,0,0,0,0,0,0,0,0,0
1945,0,150,1,0,0,0,0,0,0,0,0,0,0,0,0,0,0,0,0,0,0.0000,0.0000,0.0000,0.0000,0.0000,0,0,0,0.0000,0,0,0,0,0,0,0,0,0,0,0,0
1946,0,150,0,0,0,0,0,0,0,0,0,0,0,0,0,0,0,0,0,0,0.0000,0.0000,0.0000,0.0000,0.0000,0,0,0,0.0000,0,0,0,0,0,0,0,0,0,0,0,0
1946,0,150,1,0,0,0,0,0,0,0,0,0,0,0,0,0,0,0,0,0,0.0000,0.0000,0.0000,0.0000,0.0000,0,0,0,0.0000,0,0,0,0,0,0,0,0,0,0,0,0
1947,0,150,0,0,0,0,0,0,0,0,0,0,0,0,0,0,0,0,0,0,0.0000,0.0000,0.0000,0.0000,0.0000,0,0,0,0.0000,0,0,0,0,0,0,0,0,0,0,0,0
1947,0,150,1,0,0,0,0,0,0,0,0,0,0,0,0,0,0,0,0,0,0.0000,0.0000,0.0000,0.0000,0.0000,0,0,0,0.0000,0,0,0,0,0,0,0,0,0,0,0,0
1948,0,150,0,0,0,0,0,0,0,0,0,0,0,0,0,0,0,0,0,0,0.0000,0.0000,0.0000,0.0000,0.0000,0,0,0,0.0000,0,0,0,0,0,0,0,0,0,0,0,0
1948,0,150,1,0,0,0,0,0,0,0,0,0,0,0,0,0,0,0,0,0,0.0000,0.0000,0.0000,0.0000,0.0000,0,0,0,0.0000,0,0,0,0,0,0,0,0,0,0,0,0
1949,0,150,0,0,0,0,0,0,0,0,0,0,0,0,0,0,0,0,0,0,0.0000,0.0000,0.0000,0.0000,0.0000,0,0,0,0.0000,0,0,0,0,0,0,0,0,0,0,0,0
1949,0,150,1,0,0,0,0,0,0,0,0,0,0,0,0,0,0,0,0,0,0.0000,0.0000,0.0000,0.0000,0.0000,0,0,0,0.0000,0,0,0,0,0,0,0,0,0,0,0,0
1950,0,150,0,0,0,0,0,0,0,0,0,0,0,0,0,0,0,0,0,0,0.0000,0.0000,0.0000,0.0000,0.0000,0,0,0,0.0000,0,0,0,0,0,0,0,0,0,0,0,0
1950,0,150,1,0,0,0,0,0,0,0,0,0,0,0,0,0,0,0,0,0,0.0000,0.0000,0.0000,0.0000,0.0000,0,0,0,0.0000,0,0,0,0,0,0,0,0,0,0,0,0
1951,0,150,0,0,0,0,0,0,0,0,0,0,0,0,0,0,0,0,0,0,0.0000,0.0000,0.0000,0.0000,0.0000,0,0,0,0.0000,0,0,0,0,0,0,0,0,0,0,0,0
1951,0,150,1,0,0,0,0,0,0,0,0,0,0,0,0,0,0,0,0,0,0.0000,0.0000,0.0000,0.0000,0.0000,0,0,0,0.0000,0,0,0,0,0,0,0,0,0,0,0,0
1952,0,150,0,0,0,0,0,0,0,0,0,0,0,0,0,0,0,0,0,0,0.0000,0.0000,0.0000,0.0000,0.0000,0,0,0,0.0000,0,0,0,0,0,0,0,0,0,0,0,0
1952,0,150,1,0,0,0,0,0,0,0,0,0,0,0,0,0,0,0,0,0,0.0000,0.0000,0.0000,0.0000,0.0000,0,0,0,0.0000,0,0,0,0,0,0,0,0,0,0,0,0
1953,0,150,0,0,0,0,0,0,0,0,0,0,0,0,0,0,0,0,0,0,0.0000,0.0000,0.0000,0.0000,0.0000,0,0,0,0.0000,0,0,0,0,0,0,0,0,0,0,0,0
1953,0,150,1,0,0,0,0,0,0,0,0,0,0,0,0,0,0,0,0,0,0.0000,0.0000,0.0000,0.0000,0.0000,0,0,0,0.0000,0,0,0,0,0,0,0,0,0,0,0,0
1954,0,150,0,0,0,0,0,0,0,0,0,0,0,0,0,0,0,0,0,0,0.0000,0.0000,0.0000,0.0000,0.0000,0,0,0,0.0000,0,0,0,0,0,0,0,0,0,0,0,0
1954,0,150,1,0,0,0,0,0,0,0,0,0,0,0,0,0,0,0,0,0,0.0000,0.0000,0.0000,0.0000,0.0000,0,0,0,0.0000,0,0,0,0,0,0,0,0,0,0,0,0
1955,0,150,0,0,0,0,0,0,0,0,0,0,0,0,0,0,0,0,0,0,0.0000,0.0000,0.0000,0.0000,0.0000,0,0,0,0.0000,0,0,0,0,0,0,0,0,0,0,0,0
1955,0,150,1,0,0,0,0,0,0,0,0,0,0,0,0,0,0,0,0,0,0.0000,0.0000,0.0000,0.0000,0.0000,0,0,0,0.0000,0,0,0,0,0,0,0,0,0,0,0,0
1956,0,150,0,0,0,0,0,0,0,0,0,0,0,0,0,0,0,0,0,0,0.0000,0.0000,0.0000,0.0000,0.0000,0,0,0,0.0000,0,0,0,0,0,0,0,0,0,0,0,0
1956,0,150,1,0,0,0,0,0,0,0,0,0,0,0,0,0,0,0,0,0,0.0000,0.0000,0.0000,0.0000,0.0000,0,0,0,0.0000,0,0,0,0,0,0,0,0,0,0,0,0
1957,0,150,0,0,0,0,0,0,0,0,0,0,0,0,0,0,0,0,0,0,0.0000,0.0000,0.0000,0.0000,0.0000,0,0,0,0.0000,0,0,0,0,0,0,0,0,0,0,0,0
1957,0,150,1,0,0,0,0,0,0,0,0,0,0,0,0,0,0,0,0,0,0.0000,0.0000,0.0000,0.0000,0.0000,0,0,0,0.0000,0,0,0,0,0,0,0,0,0,0,0,0
1958,0,150,0,0,0,0,0,0,0,0,0,0,0,0,0,0,0,0,0,0,0.0000,0.0000,0.0000,0.0000,0.0000,0,0,0,0.0000,0,0,0,0,0,0,0,0,0,0,0,0
1958,0,150,1,0,0,0,0,0,0,0,0,0,0,0,0,0,0,0,0,0,0.0000,0.0000,0.0000,0.0000,0.0000,0,0,0,0.0000,0,0,0,0,0,0,0,0,0,0,0,0
1959,0,150,0,0,0,0,0,0,0,0,0,0,0,0,0,0,0,0,0,0,0.0000,0.0000,0.0000,0.0000,0.0000,0,0,0,0.0000,0,0,0,0,0,0,0,0,0,0,0,0
1959,0,150,1,0,0,0,0,0,0,0,0,0,0,0,0,0,0,0,0,0,0.0000,0.0000,0.0000,0.0000,0.0000,0,0,0,0.0000,0,0,0,0,0,0,0,0,0,0,0,0
1960,0,150,0,0,0,0,0,0,0,0,0,0,0,0,0,0,0,0,0,0,0.0000,0.0000,0.0000,0.0000,0.0000,0,0,0,0.0000,0,0,0,0,0,0,0,0,0,0,0,0
1960,0,150,1,0,0,0,0,0,0,0,0,0,0,0,0,0,0,0,0,0,0.0000,0.0000,0.0000,0.0000,0.0000,0,0,0,0.0000,0,0,0,0,0,0,0,0,0,0,0,0
1961,0,150,0,0,0,0,0,0,0,0,0,0,0,0,0,0,0,0,0,0,0.0000,0.0000,0.0000,0.0000,0.0000,0,0,0,0.0000,0,0,0,0,0,0,0,0,0,0,0,0
1961,0,150,1,0,0,0,0,0,0,0,0,0,0,0,0,0,0,0,0,0,0.0000,0.0000,0.0000,0.0000,0.0000,0,0,0,0.0000,0,0,0,0,0,0,0,0,0,0,0,0
1962,0,150,0,0,0,0,0,0,0,0,0,0,0,0,0,0,0,0,0,0,0.0000,0.0000,0.0000,0.0000,0.0000,0,0,0,0.0000,0,0,0,0,0,0,0,0,0,0,0,0
1962,0,150,1,0,0,0,0,0,0,0,0,0,0,0,0,0,0,0,0,0,0.0000,0.0000,0.0000,0.0000,0.0000,0,0,0,0.0000,0,0,0,0,0,0,0,0,0,0,0,0
1963,0,150,0,0,0,0,0,0,0,0,0,0,0,0,0,0,0,0,0,0,0.0000,0.0000,0.0000,0.0000,0.0000,0,0,0,0.0000,0,0,0,0,0,0,0,0,0,0,0,0
1963,0,150,1,0,0,0,0,0,0,0,0,0,0,0,0,0,0,0,0,0,0.0000,0.0000,0.0000,0.0000,0.0000,0,0,0,0.0000,0,0,0,0,0,0,0,0,0,0,0,0
1964,0,150,0,0,0,0,0,0,0,0,0,0,0,0,0,0,0,0,0,0,0.0000,0.0000,0.0000,0.0000,0.0000,0,0,0,0.0000,0,0,0,0,0,0,0,0,0,0,0,0
1964,0,150,1,0,0,0,0,0,0,0,0,0,0,0,0,0,0,0,0,0,0.0000,0.0000,0.0000,0.0000,0.0000,0,0,0,0.0000,0,0,0,0,0,0,0,0,0,0,0,0
1965,0,150,0,0,0,0,0,0,0,0,0,0,0,0,0,0,0,0,0,0,0.0000,0.0000,0.0000,0.0000,0.0000,0,0,0,0.0000,0,0,0,0,0,0,0,0,0,0,0,0
1965,0,150,1,0,0,0,0,0,0,0,0,0,0,0,0,0,0,0,0,0,0.0000,0.0000,0.0000,0.0000,0.0000,0,0,0,0.0000,0,0,0,0,0,0,0,0,0,0,0,0
1966,0,150,0,0,0,0,0,0,0,0,0,0,0,0,0,0,0,0,0,0,0.0000,0.0000,0.0000,0.0000,0.0000,0,0,0,0.0000,0,0,0,0,0,0,0,0,0,0,0,0
1966,0,150,1,0,0,0,0,0,0,0,0,0,0,0,0,0,0,0,0,0,0.0000,0.0000,0.0000,0.0000,0.0000,0,0,0,0.0000,0,0,0,0,0,0,0,0,0,0,0,0
1967,0,150,0,0,0,0,0,0,0,0,0,0,0,0,0,0,0,0,0,0,0.0000,0.0000,0.0000,0.0000,0.0000,0,0,0,0.0000,0,0,0,0,0,0,0,0,0,0,0,0
1967,0,150,1,0,0,0,0,0,0,0,0,0,0,0,0,0,0,0,0,0,0.0000,0.0000,0.0000,0.0000,0.0000,0,0,0,0.0000,0,0,0,0,0,0,0,0,0,0,0,0
1968,0,150,0,0,0,0,0,0,0,0,0,0,0,0,0,0,0,0,0,0,0.0000,0.0000,0.0000,0.0000,0.0000,0,0,0,0.0000,0,0,0,0,0,0,0,0,0,0,0,0
1968,0,150,1,0,0,0,0,0,0,0,0,0,0,0,0,0,0,0,0,0,0.0000,0.0000,0.0000,0.0000,0.0000,0,0,0,0.0000,0,0,0,0,0,0,0,0,0,0,0,0
1969,0,150,0,0,0,0,0,0,0,0,0,0,0,0,0,0,0,0,0,0,0.0000,0.0000,0.0000,0.0000,0.0000,0,0,0,0.0000,0,0,0,0,0,0,0,0,0,0,0,0
1969,0,150,1,0,0,0,0,0,0,0,0,0,0,0,0,0,0,0,0,0,0.0000,0.0000,0.0000,0.0000,0.0000,0,0,0,0.0000,0,0,0,0,0,0,0,0,0,0,0,0
1970,0,150,0,0,0,0,0,0,0,0,0,0,0,0,0,0,0,0,0,0,0.0000,0.0000,0.0000,0.0000,0.0000,0,0,0,0.0000,0,0,0,0,0,0,0,0,0,0,0,0
1970,0,150,1,0,0,0,0,0,0,0,0,0,0,0,0,0,0,0,0,0,0.0000,0.0000,0.0000,0.0000,0.0000,0,0,0,0.0000,0,0,0,0,0,0,0,0,0,0,0,0
1971,0,150,0,0,0,0,0,0,0,0,0,0,0,0,0,0,0,0,0,0,0.0000,0.0000,0.0000,0.0000,0.0000,0,0,0,0.0000,0,0,0,0,0,0,0,0,0,0,0,0
1971,0,150,1,0,0,0,0,0,0,0,0,0,0,0,0,0,0,0,0,0,0.0000,0.0000,0.0000,0.0000,0.0000,0,0,0,0.0000,0,0,0,0,0,0,0,0,0,0,0,0
1972,0,150,0,0,0,0,0,0,0,0,0,0,0,0,0,0,0,0,0,0,0.0000,0.0000,0.0000,0.0000,0.0000,0,0,0,0.0000,0,0,0,0,0,0,0,0,0,0,0,0
1972,0,150,1,0,0,0,0,0,0,0,0,0,0,0,0,0,0,0,0,0,0.0000,0.0000,0.0000,0.0000,0.0000,0,0,0,0.0000,0,0,0,0,0,0,0,0,0,0,0,0
1973,0,150,0,0,0,0,0,0,0,0,0,0,0,0,0,0,0,0,0,0,0.0000,0.0000,0.0000,0.0000,0.0000,0,0,0,0.0000,0,0,0,0,0,0,0,0,0,0,0,0
1973,0,150,1,0,0,0,0,0,0,0,0,0,0,0,0,0,0,0,0,0,0.0000,0.0000,0.0000,0.0000,0.0000,0,0,0,0.0000,0,0,0,0,0,0,0,0,0,0,0,0
1974,0,150,0,0,0,0,0,0,0,0,0,0,0,0,0,0,0,0,0,0,0.0000,0.0000,0.0000,0.0000,0.0000,0,0,0,0.0000,0,0,0,0,0,0,0,0,0,0,0,0
1974,0,150,1,0,0,0,0,0,0,0,0,0,0,0,0,0,0,0,0,0,0.0000,0.0000,0.0000,0.0000,0.0000,0,0,0,0.0000,0,0,0,0,0,0,0,0,0,0,0,0
1975,0,150,0,0,0,0,0,0,0,0,0,0,0,0,0,0,0,0,0,0,0.0000,0.0000,0.0000,0.0000,0.0000,0,0,0,0.0000,0,0,0,0,0,0,0,0,0,0,0,0
1975,0,150,1,0,0,0,0,0,0,0,0,0,0,0,0,0,0,0,0,0,0.0000,0.0000,0.0000,0.0000,0.0000,0,0,0,0.0000,0,0,0,0,0,0,0,0,0,0,0,0
1976,0,150,0,0,0,0,0,0,0,0,0,0,0,0,0,0,0,0,0,0,0.0000,0.0000,0.0000,0.0000,0.0000,0,0,0,0.0000,0,0,0,0,0,0,0,0,0,0,0,0
1976,0,150,1,0,0,0,0,0,0,0,0,0,0,0,0,0,0,0,0,0,0.0000,0.0000,0.0000,0.0000,0.0000,0,0,0,0.0000,0,0,0,0,0,0,0,0,0,0,0,0
1977,0,150,0,0,0,0,0,0,0,0,0,0,0,0,0,0,0,0,0,0,0.0000,0.0000,0.0000,0.0000,0.0000,0,0,0,0.0000,0,0,0,0,0,0,0,0,0,0,0,0
1977,0,150,1,0,0,0,0,0,0,0,0,0,0,0,0,0,0,0,0,0,0.0000,0.0000,0.0000,0.0000,0.0000,0,0,0,0.0000,0,0,0,0,0,0,0,0,0,0,0,0
1978,0,150,0,0,0,0,0,0,0,0,0,0,0,0,0,0,0,0,0,0,0.0000,0.0000,0.0000,0.0000,0.0000,0,0,0,0.0000,0,0,0,0,0,0,0,0,0,0,0,0
1978,0,150,1,0,0,0,0,0,0,0,0,0,0,0,0,0,0,0,0,0,0.0000,0.0000,0.0000,0.0000,0.0000,0,0,0,0.0000,0,0,0,0,0,0,0,0,0,0,0,0
1979,0,150,0,0,0,0,0,0,0,0,0,0,0,0,0,0,0,0,0,0,0.0000,0.0000,0.0000,0.0000,0.0000,0,0,0,0.0000,0,0,0,0,0,0,0,0,0,0,0,0
1979,0,150,1,0,0,0,0,0,0,0,0,0,0,0,0,0,0,0,0,0,0.0000,0.0000,0.0000,0.0000,0.0000,0,0,0,0.0000,0,0,0,0,0,0,0,0,0,0,0,0
1980,0,150,0,0,0,0,0,0,0,0,0,0,0,0,0,0,0,0,0,0,0.0000,0.0000,0.0000,0.0000,0.0000,0,0,0,0.0000,0,0,0,0,0,0,0,0,0,0,0,0
1980,0,150,1,0,0,0,0,0,0,0,0,0,0,0,0,0,0,0,0,0,0.0000,0.0000,0.0000,0.0000,0.0000,0,0,0,0.0000,0,0,0,0,0,0,0,0,0,0,0,0
1981,0,150,0,0,0,0,0,0,0,0,0,0,0,0,0,0,0,0,0,0,0.0000,0.0000,0.0000,0.0000,0.0000,0,0,0,0.0000,0,0,0,0,0,0,0,0,0,0,0,0
1981,0,150,1,0,0,0,0,0,0,0,0,0,0,0,0,0,0,0,0,0,0.0000,0.0000,0.0000,0.0000,0.0000,0,0,0,0.0000,0,0,0,0,0,0,0,0,0,0,0,0
1982,0,150,0,0,0,0,0,0,0,0,0,0,0,0,0,0,0,0,0,0,0.0000,0.0000,0.0000,0.0000,0.0000,0,0,0,0.0000,0,0,0,0,0,0,0,0,0,0,0,0
1982,0,150,1,0,0,0,0,0,0,0,0,0,0,0,0,0,0,0,0,0,0.0000,0.0000,0.0000,0.0000,0.0000,0,0,0,0.0000,0,0,0,0,0,0,0,0,0,0,0,0
1983,0,150,0,0,0,0,0,0,0,0,0,0,0,0,0,0,0,0,0,0,0.0000,0.0000,0.0000,0.0000,0.0000,0,0,0,0.0000,0,0,0,0,0,0,0,0,0,0,0,0
1983,0,150,1,0,0,0,0,0,0,0,0,0,0,0,0,0,0,0,0,0,0.0000,0.0000,0.0000,0.0000,0.0000,0,0,0,0.0000,0,0,0,0,0,0,0,0,0,0,0,0
1984,0,150,0,0,0,0,0,0,0,0,0,0,0,0,0,0,0,0,0,0,0.0000,0.0000,0.0000,0.0000,0.0000,0,0,0,0.0000,0,0,0,0,0,0,0,0,0,0,0,0
1984,0,150,1,0,0,0,0,0,0,0,0,0,0,0,0,0,0,0,0,0,0.0000,0.0000,0.0000,0.0000,0.0000,0,0,0,0.0000,0,0,0,0,0,0,0,0,0,0,0,0
1985,0,150,0,0,0,0,0,0,0,0,0,0,0,0,0,0,0,0,0,0,0.0000,0.0000,0.0000,0.0000,0.0000,0,0,0,0.0000,0,0,0,0,0,0,0,0,0,0,0,0
1985,0,150,1,0,0,0,0,0,0,0,0,0,0,0,0,0,0,0,0,0,0.0000,0.0000,0.0000,0.0000,0.0000,0,0,0,0.0000,0,0,0,0,0,0,0,0,0,0,0,0
1986,0,150,0,0,0,0,0,0,0,0,0,0,0,0,0,0,0,0,0,0,0.0000,0.0000,0.0000,0.0000,0.0000,0,0,0,0.0000,0,0,0,0,0,0,0,0,0,0,0,0
1986,0,150,1,0,0,0,0,0,0,0,0,0,0,0,0,0,0,0,0,0,0.0000,0.0000,0.0000,0.0000,0.0000,0,0,0,0.0000,0,0,0,0,0,0,0,0,0,0,0,0
1987,0,150,0,0,0,0,0,0,0,0,0,0,0,0,0,0,0,0,0,0,0.0000,0.0000,0.0000,0.0000,0.0000,0,0,0,0.0000,0,0,0,0,0,0,0,0,0,0,0,0
1987,0,150,1,0,0,0,0,0,0,0,0,0,0,0,0,0,0,0,0,0,0.0000,0.0000,0.0000,0.0000,0.0000,0,0,0,0.0000,0,0,0,0,0,0,0,0,0,0,0,0
1988,0,150,0,0,0,0,0,0,0,0,0,0,0,0,0,0,0,0,0,0,0.0000,0.0000,0.0000,0.0000,0.0000,0,0,0,0.0000,0,0,0,0,0,0,0,0,0,0,0,0
1988,0,150,1,0,0,0,0,0,0,0,0,0,0,0,0,0,0,0,0,0,0.0000,0.0000,0.0000,0.0000,0.0000,0,0,0,0.0000,0,0,0,0,0,0,0,0,0,0,0,0
1989,0,150,0,0,0,0,0,0,0,0,0,0,0,0,0,0,0,0,0,0,0.0000,0.0000,0.0000,0.0000,0.0000,0,0,0,0.0000,0,0,0,0,0,0,0,0,0,0,0,0
1989,0,150,1,0,0,0,0,0,0,0,0,0,0,0,0,0,0,0,0,0,0.0000,0.0000,0.0000,0.0000,0.0000,0,0,0,0.0000,0,0,0,0,0,0,0,0,0,0,0,0
1990,0,150,0,0,0,0,0,0,0,0,0,0,0,0,0,0,0,0,0,0,0.0000,0.0000,0.0000,0.0000,0.0000,0,0,0,0.0000,0,0,0,0,0,0,0,0,0,0,0,0
1990,0,150,1,0,0,0,0,0,0,0,0,0,0,0,0,0,0,0,0,0,0.0000,0.0000,0.0000,0.0000,0.0000,0,0,0,0.0000,0,0,0,0,0,0,0,0,0,0,0,0
1991,0,150,0,0,0,0,0,0,0,0,0,0,0,0,0,0,0,0,0,0,0.0000,0.0000,0.0000,0.0000,0.0000,0,0,0,0.0000,0,0,0,0,0,0,0,0,0,0,0,0
1991,0,150,1,0,0,0,0,0,0,0,0,0,0,0,0,0,0,0,0,0,0.0000,0.0000,0.0000,0.0000,0.0000,0,0,0,0.0000,0,0,0,0,0,0,0,0,0,0,0,0
1992,0,150,0,0,0,0,0,0,0,0,0,0,0,0,0,0,0,0,0,0,0.0000,0.0000,0.0000,0.0000,0.0000,0,0,0,0.0000,0,0,0,0,0,0,0,0,0,0,0,0
1992,0,150,1,0,0,0,0,0,0,0,0,0,0,0,0,0,0,0,0,0,0.0000,0.0000,0.0000,0.0000,0.0000,0,0,0,0.0000,0,0,0,0,0,0,0,0,0,0,0,0
1993,0,150,0,0,0,0,0,0,0,0,0,0,0,0,0,0,0,0,0,0,0.0000,0.0000,0.0000,0.0000,0.0000,0,0,0,0.0000,0,0,0,0,0,0,0,0,0,0,0,0
1993,0,150,1,0,0,0,0,0,0,0,0,0,0,0,0,0,0,0,0,0,0.0000,0.0000,0.0000,0.0000,0.0000,0,0,0,0.0000,0,0,0,0,0,0,0,0,0,0,0,0
1994,0,150,0,0,0,0,0,0,0,0,0,0,0,0,0,0,0,0,0,0,0.0000,0.0000,0.0000,0.0000,0.0000,0,0,0,0.0000,0,0,0,0,0,0,0,0,0,0,0,0
1994,0,150,1,0,0,0,0,0,0,0,0,0,0,0,0,0,0,0,0,0,0.0000,0.0000,0.0000,0.0000,0.0000,0,0,0,0.0000,0,0,0,0,0,0,0,0,0,0,0,0
1995,0,150,0,0,0,0,0,0,0,0,0,0,0,0,0,0,0,0,0,0,0.0000,0.0000,0.0000,0.0000,0.0000,0,0,0,0.0000,0,0,0,0,0,0,0,0,0,0,0,0
1995,0,150,1,0,0,0,0,0,0,0,0,0,0,0,0,0,0,0,0,0,0.0000,0.0000,0.0000,0.0000,0.0000,0,0,0,0.0000,0,0,0,0,0,0,0,0,0,0,0,0
1996,0,150,0,0,0,0,0,0,0,0,0,0,0,0,0,0,0,0,0,0,0.0000,0.0000,0.0000,0.0000,0.0000,0,0,0,0.0000,0,0,0,0,0,0,0,0,0,0,0,0
1996,0,150,1,0,0,0,0,0,0,0,0,0,0,0,0,0,0,0,0,0,0.0000,0.0000,0.0000,0.0000,0.0000,0,0,0,0.0000,0,0,0,0,0,0,0,0,0,0,0,0
1997,0,150,0,0,0,0,0,0,0,0,0,0,0,0,0,0,0,0,0,0,0.0000,0.0000,0.0000,0.0000,0.0000,0,0,0,0.0000,0,0,0,0,0,0,0,0,0,0,0,0
1997,0,150,1,0,0,0,0,0,0,0,0,0,0,0,0,0,0,0,0,0,0.0000,0.0000,0.0000,0.0000,0.0000,0,0,0,0.0000,0,0,0,0,0,0,0,0,0,0,0,0
1998,0,150,0,0,0,0,0,0,0,0,0,0,0,0,0,0,0,0,0,0,0.0000,0.0000,0.0000,0.0000,0.0000,0,0,0,0.0000,0,0,0,0,0,0,0,0,0,0,0,0
1998,0,150,1,0,0,0,0,0,0,0,0,0,0,0,0,0,0,0,0,0,0.0000,0.0000,0.0000,0.0000,0.0000,0,0,0,0.0000,0,0,0,0,0,0,0,0,0,0,0,0
1999,0,150,0,0,0,0,0,0,0,0,0,0,0,0,0,0,0,0,0,0,0.0000,0.0000,0.0000,0.0000,0.0000,0,0,0,0.0000,0,0,0,0,0,0,0,0,0,0,0,0
1999,0,150,1,0,0,0,0,0,0,0,0,0,0,0,0,0,0,0,0,0,0.0000,0.0000,0.0000,0.0000,0.0000,0,0,0,0.0000,0,0,0,0,0,0,0,0,0,0,0,0
2000,0,150,0,0,0,0,0,0,0,0,0,0,0,0,0,0,0,0,0,0,0.0000,0.0000,0.0000,0.0000,0.0000,0,0,0,0.0000,0,0,0,0,0,0,0,0,0,0,0,0
2000,0,150,1,0,0,0,0,0,0,0,0,0,0,0,0,0,0,0,0,0,0.0000,0.0000,0.0000,0.0000,0.0000,0,0,0,0.0000,0,0,0,0,0,0,0,0,0,0,0,0
2001,0,150,0,0,0,0,0,0,0,0,0,0,0,0,0,0,0,0,0,0,0.0000,0.0000,0.0000,0.0000,0.0000,0,0,0,0.0000,0,0,0,0,0,0,0,0,0,0,0,0
2001,0,150,1,0,0,0,0,0,0,0,0,0,0,0,0,0,0,0,0,0,0.0000,0.0000,0.0000,0.0000,0.0000,0,0,0,0.0000,0,0,0,0,0,0,0,0,0,0,0,0
2002,0,150,0,0,0,0,0,0,0,0,0,0,0,0,0,0,0,0,0,0,0.0000,0.0000,0.0000,0.0000,0.0000,0,0,0,0.0000,0,0,0,0,0,0,0,0,0,0,0,0
2002,0,150,1,0,0,0,0,0,0,0,0,0,0,0,0,0,0,0,0,0,0.0000,0.0000,0.0000,0.0000,0.0000,0,0,0,0.0000,0,0,0,0,0,0,0,0,0,0,0,0
2003,0,150,0,0,0,0,0,0,0,0,0,0,0,0,0,0,0,0,0,0,0.0000,0.0000,0.0000,0.0000,0.0000,0,0,0,0.0000,0,0,0,0,0,0,0,0,0,0,0,0
2003,0,150,1,0,0,0,0,0,0,0,0,0,0,0,0,0,0,0,0,0,0.0000,0.0000,0.0000,0.0000,0.0000,0,0,0,0.0000,0,0,0,0,0,0,0,0,0,0,0,0
2004,0,150,0,0,0,0,0,0,0,0,0,0,0,0,0,0,0,0,0,0,0.0000,0.0000,0.0000,0.0000,0.0000,0,0,0,0.0000,0,0,0,0,0,0,0,0,0,0,0,0
2004,0,150,1,0,0,0,0,0,0,0,0,0,0,0,0,0,0,0,0,0,0.0000,0.0000,0.0000,0.0000,0.0000,0,0,0,0.0000,0,0,0,0,0,0,0,0,0,0,0,0
2005,0,150,0,0,0,0,0,0,0,0,0,0,0,0,0,0,0,0,0,0,0.0000,0.0000,0.0000,0.0000,0.0000,0,0,0,0.0000,0,0,0,0,0,0,0,0,0,0,0,0
2005,0,150,1,0,0,0,0,0,0,0,0,0,0,0,0,0,0,0,0,0,0.0000,0.0000,0.0000,0.0000,0.0000,0,0,0,0.0000,0,0,0,0,0,0,0,0,0,0,0,0
2006,0,150,0,0,0,0,0,0,0,0,0,0,0,0,0,0,0,0,0,0,0.0000,0.0000,0.0000,0.0000,0.0000,0,0,0,0.0000,0,0,0,0,0,0,0,0,0,0,0,0
2006,0,150,1,0,0,0,0,0,0,0,0,0,0,0,0,0,0,0,0,0,0.0000,0.0000,0.0000,0.0000,0.0000,0,0,0,0.0000,0,0,0,0,0,0,0,0,0,0,0,0
2007,0,150,0,0,0,0,0,0,0,0,0,0,0,0,0,0,0,0,0,0,0.0000,0.0000,0.0000,0.0000,0.0000,0,0,0,0.0000,0,0,0,0,0,0,0,0,0,0,0,0
2007,0,150,1,0,0,0,0,0,0,0,0,0,0,0,0,0,0,0,0,0,0.0000,0.0000,0.0000,0.0000,0.0000,0,0,0,0.0000,0,0,0,0,0,0,0,0,0,0,0,0
2008,0,150,0,0,0,0,0,0,0,0,0,0,0,0,0,0,0,0,0,0,0.0000,0.0000,0.0000,0.0000,0.0000,0,0,0,0.0000,0,0,0,0,0,0,0,0,0,0,0,0
2008,0,150,1,0,0,0,0,0,0,0,0,0,0,0,0,0,0,0,0,0,0.0000,0.0000,0.0000,0.0000,0.0000,0,0,0,0.0000,0,0,0,0,0,0,0,0,0,0,0,0
2009,0,150,0,0,0,0,0,0,0,0,0,0,0,0,0,0,0,0,0,0,0.0000,0.0000,0.0000,0.0000,0.0000,0,0,0,0.0000,0,0,0,0,0,0,0,0,0,0,0,0
2009,0,150,1,0,0,0,0,0,0,0,0,0,0,0,0,0,0,0,0,0,0.0000,0.0000,0.0000,0.0000,0.0000,0,0,0,0.0000,0,0,0,0,0,0,0,0,0,0,0,0
2010,0,150,0,0,0,0,0,0,0,0,0,0,0,0,0,0,0,0,0,0,0.0000,0.0000,0.0000,0.0000,0.0000,0,0,0,0.0000,0,0,0,0,0,0,0,0,0,0,0,0
2010,0,150,1,0,0,0,0,0,0,0,0,0,0,0,0,0,0,0,0,0,0.0000,0.0000,0.0000,0.0000,0.0000,0,0,0,0.0000,0,0,0,0,0,0,0,0,0,0,0,0
2011,0,150,0,0,0,0,0,0,0,0,0,0,0,0,0,0,0,0,0,0,0.0000,0.0000,0.0000,0.0000,0.0000,0,0,0,0.0000,0,0,0,0,0,0,0,0,0,0,0,0
2011,0,150,1,0,0,0,0,0,0,0,0,0,0,0,0,0,0,0,0,0,0.0000,0.0000,0.0000,0.0000,0.0000,0,0,0,0.0000,0,0,0,0,0,0,0,0,0,0,0,0
2012,0,150,0,0,0,0,0,0,0,0,0,0,0,0,0,0,0,0,0,0,0.0000,0.0000,0.0000,0.0000,0.0000,0,0,0,0.0000,0,0,0,0,0,0,0,0,0,0,0,0
2012,0,150,1,0,0,0,0,0,0,0,0,0,0,0,0,0,0,0,0,0,0.0000,0.0000,0.0000,0.0000,0.0000,0,0,0,0.0000,0,0,0,0,0,0,0,0,0,0,0,0
2013,0,150,0,0,0,0,0,0,0,0,0,0,0,0,0,0,0,0,0,0,0.0000,0.0000,0.0000,0.0000,0.0000,0,0,0,0.0000,0,0,0,0,0,0,0,0,0,0,0,0
2013,0,150,1,0,0,0,0,0,0,0,0,0,0,0,0,0,0,0,0,0,0.0000,0.0000,0.0000,0.0000,0.0000,0,0,0,0.0000,0,0,0,0,0,0,0,0,0,0,0,0
2014,0,150,0,0,0,0,0,0,0,0,0,0,0,0,0,0,0,0,0,0,0.0000,0.0000,0.0000,0.0000,0.0000,0,0,0,0.0000,0,0,0,0,0,0,0,0,0,0,0,0
2014,0,150,1,0,0,0,0,0,0,0,0,0,0,0,0,0,0,0,0,0,0.0000,0.0000,0.0000,0.0000,0.0000,0,0,0,0.0000,0,0,0,0,0,0,0,0,0,0,0,0
2015,0,150,0,0,0,0,0,0,0,0,0,0,0,0,0,0,0,0,0,0,0.0000,0.0000,0.0000,0.0000,0.0000,0,0,0,0.0000,0,0,0,0,0,0,0,0,0,0,0,0
2015,0,150,1,0,0,0,0,0,0,0,0,0,0,0,0,0,0,0,0,0,0.0000,0.0000,0.0000,0.0000,0.0000,0,0,0,0.0000,0,0,0,0,0,0,0,0,0,0,0,0
2016,0,150,0,0,0,0,0,0,0,0,0,0,0,0,0,0,0,0,0,0,0.0000,0.0000,0.0000,0.0000,0.0000,0,0,0,0.0000,0,0,0,0,0,0,0,0,0,0,0,0
2016,0,150,1,0,0,0,0,0,0,0,0,0,0,0,0,0,0,0,0,0,0.0000,0.0000,0.0000,0.0000,0.0000,0,0,0,0.0000,0,0,0,0,0,0,0,0,0,0,0,0
2017,0,150,0,0,0,0,0,0,0,0,0,0,0,0,0,0,0,0,0,0,0.0000,0.0000,0.0000,0.0000,0.0000,0,0,0,0.0000,0,0,0,0,0,0,0,0,0,0,0,0
2017,0,150,1,0,0,0,0,0,0,0,0,0,0,0,0,0,0,0,0,0,0.0000,0.0000,0.0000,0.0000,0.0000,0,0,0,0.0000,0,0,0,0,0,0,0,0,0,0,0,0
2018,0,150,0,0,0,0,0,0,0,0,0,0,0,0,0,0,0,0,0,0,0.0000,0.0000,0.0000,0.0000,0.0000,0,0,0,0.0000,0,0,0,0,0,0,0,0,0,0,0,0
2018,0,150,1,0,0,0,0,0,0,0,0,0,0,0,0,0,0,0,0,0,0.0000,0.0000,0.0000,0.0000,0.0000,0,0,0,0.0000,0,0,0,0,0,0,0,0,0,0,0,0
