year,team_id,game_id,league_id,level_id,split_id,ab,ip,bf,tb,ha,k,rs,bb,r,er,gb,fb,pi,ipf,g,gs,w,l,s,sa,da,sh,sf,ta,hra,bk,ci,iw,wp,hp,gf,dp,qs,svo,bs,ra,ir,irs,cg,sho,sb,cs,hld,r9,avg,obp,slg,ops,h9,k9,hr9,bb9,cgp,fip,qsp,winp,rsg,svp,bsvp,irsp,gfp,era,pig,ws,whip,gbfbp,kbb,babip,wpa,ra9war
0,0,0,0,0,0,4596,1061,4789,1479,1413,86,0,193,1213,499,0,0,0,0,128,0,0,0,3,0,0,0,0,0,22,0,0,0,0,0,0,0,0,0,0,0,0,0,104,1,0,0,0,13.6230,0.3074,0.3354,0.3218,0.6572,11.9859,0.7295,0.1866,1.6371,0.0000,0.0000,0.0000,0.0000,0.0000,1.0000,0.0000,0.0000,0.0000,4.2328,0.0000,0.0000,1.5137,0.0000,0.4456,0.3099,0.0000,''
0,0,0,0,0,0,5255,1189,5455,1763,1688,89,0,200,1446,556,0,0,0,0,160,0,0,0,1,0,0,0,0,0,25,0,0,0,0,0,0,0,0,0,0,0,0,0,127,3,0,0,0,14.2910,0.3212,0.3461,0.3355,0.6816,12.7771,0.6737,0.1892,1.5139,0.0000,0.0000,0.0000,0.0000,0.0000,1.0000,0.0000,0.0000,0.0000,4.2086,0.0000,0.0000,1.5879,0.0000,0.4450,0.3235,0.0000,''
0,0,0,0,0,0,6048,1386,6154,1935,1890,0,0,106,1392,557,0,0,0,0,300,0,0,0,1,0,0,0,0,0,15,0,0,0,0,0,0,0,0,0,0,0,0,0,140,4,0,0,0,12.9610,0.3125,0.3243,0.3199,0.6443,12.2727,0.0000,0.0974,0.6883,0.0000,0.0000,0.0000,0.0000,0.0000,1.0000,0.0000,0.0000,0.0000,3.6169,0.0000,0.0000,1.4401,0.0000,0.0000,0.3108,0.0000,''
0,0,0,0,0,0,8283,1898,8423,2649,2589,0,0,140,1998,800,0,0,0,0,360,0,0,0,1,0,0,0,0,0,20,0,0,0,0,0,0,0,0,0,0,0,0,0,189,6,0,0,0,12.9405,0.3126,0.3240,0.3198,0.6438,12.2766,0.0000,0.0948,0.6639,0.0000,0.0000,0.0000,0.0000,0.0000,1.0000,0.0000,0.0000,0.0000,3.7935,0.0000,0.0000,1.4378,0.0000,0.0000,0.3109,0.0000,''
0,0,0,0,0,0,8168,1823,8316,2798,2699,87,0,148,2060,734,0,0,0,0,300,0,0,0,4,0,0,0,0,0,33,0,0,0,0,0,0,0,0,0,0,0,0,0,181,4,0,0,0,14.0554,0.3304,0.3424,0.3426,0.6849,13.3247,0.4295,0.1629,0.7307,0.0000,0.0000,0.0000,0.0000,0.0000,1.0000,0.0000,0.0000,0.0000,3.6237,0.0000,0.0000,1.5617,0.0000,0.5878,0.3313,0.0000,''
0,0,0,0,0,0,9278,2119,9478,2999,2921,153,0,200,2123,802,0,0,0,0,360,0,0,0,0,0,0,0,0,0,26,0,0,0,0,0,0,0,0,0,0,0,0,0,222,4,0,0,0,13.2558,0.3148,0.3293,0.3232,0.6525,12.4063,0.6498,0.1104,0.8495,0.0000,0.0000,0.0000,0.0000,0.0000,0.0000,0.0000,0.0000,0.0000,3.4063,0.0000,0.0000,1.4729,0.0000,0.7650,0.3182,0.0000,''
0,0,0,0,0,0,9665,2206,9790,3122,3047,7,0,125,2128,839,0,0,0,0,300,0,0,0,4,0,0,0,0,0,25,0,0,0,0,0,0,0,0,0,0,0,0,0,232,4,0,0,0,12.9411,0.3153,0.3240,0.3230,0.6470,12.4311,0.0286,0.1020,0.5100,0.0000,0.0000,0.0000,0.0000,0.0000,1.0000,0.0000,0.0000,0.0000,3.4229,0.0000,0.0000,1.4379,0.0000,0.0560,0.3137,0.0000,''
0,0,0,0,0,0,11482,2668,11644,3586,3478,0,0,162,2429,971,0,0,0,0,360,0,0,0,0,0,0,0,0,0,36,0,0,0,0,0,0,0,0,0,0,0,0,0,286,11,0,0,0,12.2789,0.3029,0.3126,0.3123,0.6249,11.7324,0.0000,0.1214,0.5465,0.0000,0.0000,0.0000,0.0000,0.0000,0.0000,0.0000,0.0000,0.0000,3.2755,0.0000,0.0000,1.3643,0.0000,0.0000,0.3007,0.0000,''
0,0,0,0,0,0,12919,3182,13049,3430,3373,0,0,130,1883,755,0,0,0,0,576,0,0,0,18,0,0,0,0,0,19,0,0,0,0,0,0,0,0,0,0,0,0,0,321,34,0,0,0,9.9079,0.2611,0.2684,0.2655,0.5340,9.5402,0.0000,0.0537,0.3677,0.0000,0.0000,0.0000,0.0000,0.0000,1.0000,0.0000,0.0000,0.0000,2.1354,0.0000,0.0000,1.1009,0.0000,0.0000,0.2600,0.0000,''
0,0,0,0,0,0,12450,3008,12582,3495,3426,0,0,132,2351,938,0,0,0,0,672,0,0,0,0,0,0,0,0,0,23,0,0,0,0,0,0,0,0,0,0,0,0,0,300,16,0,0,0,10.6456,0.2752,0.2828,0.2807,0.5635,10.2507,0.0000,0.0688,0.3949,0.0000,0.0000,0.0000,0.0000,0.0000,0.0000,0.0000,0.0000,0.0000,2.8065,0.0000,0.0000,1.1828,0.0000,0.0000,0.2738,0.0000,''
0,0,0,0,0,0,11299,2745,11535,3124,3064,316,0,236,1900,737,0,0,0,0,576,0,0,0,9,0,0,0,0,0,20,0,0,0,0,0,0,0,0,0,0,0,0,0,270,31,0,0,0,10.8197,0.2712,0.2861,0.2765,0.5626,10.0459,1.0361,0.0656,0.7738,0.0000,0.0000,0.0000,0.0000,0.0000,1.0000,0.0000,0.0000,0.0000,2.4164,0.0000,0.0000,1.2022,0.0000,1.3390,0.2777,0.0000,''
0,0,0,0,0,0,13648,3280,13809,3904,3808,273,0,161,2267,917,0,0,0,0,672,0,0,0,4,0,0,0,0,0,32,0,0,0,0,0,0,0,0,0,0,0,0,0,333,23,0,0,0,10.8905,0.2790,0.2874,0.2860,0.5735,10.4488,0.7491,0.0878,0.4418,0.0000,0.0000,0.0000,0.0000,0.0000,1.0000,0.0000,0.0000,0.0000,2.5162,0.0000,0.0000,1.2101,0.0000,1.6957,0.2830,0.0000,''
0,0,0,0,0,0,10636,2545,10888,3052,3001,430,0,252,1852,798,0,0,0,0,576,0,0,0,2,0,0,0,0,0,17,0,0,0,0,0,0,0,0,0,0,0,0,0,261,13,0,0,0,11.5037,0.2822,0.2988,0.2869,0.5857,10.6126,1.5206,0.0601,0.8912,0.0000,0.0000,0.0000,0.0000,0.0000,1.0000,0.0000,0.0000,0.0000,2.8220,0.0000,0.0000,1.2782,0.0000,1.7063,0.2929,0.0000,''
0,0,0,0,0,0,12925,3062,13145,3826,3739,355,0,220,2235,1022,0,0,0,0,672,0,0,0,4,0,0,0,0,0,29,0,0,0,0,0,0,0,0,0,0,0,0,0,304,17,0,0,0,11.6365,0.2893,0.3012,0.2960,0.5972,10.9899,1.0434,0.0852,0.6466,0.0000,0.0000,0.0000,0.0000,0.0000,1.0000,0.0000,0.0000,0.0000,3.0039,0.0000,0.0000,1.2929,0.0000,1.6136,0.2958,0.0000,''
0,0,0,0,0,0,10688,2544,10939,3113,3056,485,0,251,1905,825,0,0,0,0,576,0,0,0,2,0,0,0,0,0,19,0,0,0,0,0,0,0,0,0,0,0,0,0,253,12,0,0,0,11.6993,0.2859,0.3023,0.2913,0.5936,10.8113,1.7158,0.0672,0.8880,0.0000,0.0000,0.0000,0.0000,0.0000,1.0000,0.0000,0.0000,0.0000,2.9186,0.0000,0.0000,1.2999,0.0000,1.9323,0.2982,0.0000,''
0,0,0,0,0,0,14378,3497,14660,3974,3887,746,0,282,2163,922,0,0,0,0,672,0,0,0,0,0,0,0,0,0,29,0,0,0,0,0,0,0,0,0,0,0,0,0,376,24,0,0,0,10.7295,0.2703,0.2844,0.2764,0.5608,10.0037,1.9199,0.0746,0.7258,0.0000,0.0000,0.0000,0.0000,0.0000,0.0000,0.0000,0.0000,0.0000,2.3729,0.0000,0.0000,1.1922,0.0000,2.6454,0.2836,0.0000,''
0,0,0,0,0,0,13863,3346,14224,3888,3825,803,0,361,2211,1023,0,0,0,0,576,0,0,0,2,0,0,0,0,0,21,0,0,0,0,0,0,0,0,0,0,0,0,0,341,23,0,0,0,11.2594,0.2759,0.2943,0.2805,0.5748,10.2884,2.1599,0.0565,0.9710,0.0000,0.0000,0.0000,0.0000,0.0000,1.0000,0.0000,0.0000,0.0000,2.7516,0.0000,0.0000,1.2510,0.0000,2.2244,0.2917,0.0000,''
0,0,0,0,0,0,17639,4310,17960,4856,4709,1231,0,321,2688,1205,0,0,0,0,672,0,0,0,2,0,0,0,0,0,49,0,0,0,0,0,0,0,0,0,0,0,0,0,457,26,0,0,0,10.5035,0.2670,0.2801,0.2753,0.5554,9.8332,2.5705,0.1023,0.6703,0.0000,0.0000,0.0000,0.0000,0.0000,1.0000,0.0000,0.0000,0.0000,2.5162,0.0000,0.0000,1.1671,0.0000,3.8349,0.2849,0.0000,''
0,0,0,0,0,0,14113,3468,14541,3778,3709,927,0,428,2103,999,0,0,0,0,576,0,0,0,8,0,0,0,0,0,23,0,0,0,0,0,0,0,0,0,0,0,0,0,339,20,0,0,0,10.7362,0.2628,0.2845,0.2677,0.5522,9.6254,2.4057,0.0597,1.1107,0.0000,0.0000,0.0000,0.0000,0.0000,1.0000,0.0000,0.0000,0.0000,2.5926,0.0000,0.0000,1.1929,0.0000,2.1659,0.2800,0.0000,''
0,0,0,0,0,0,17860,4420,18346,4753,4600,1257,0,486,2578,1212,0,0,0,0,672,0,0,0,6,0,0,0,0,0,51,0,0,0,0,0,0,0,0,0,0,0,0,0,457,36,0,0,0,10.3561,0.2576,0.2772,0.2661,0.5434,9.3665,2.5595,0.1038,0.9896,0.0000,0.0000,0.0000,0.0000,0.0000,1.0000,0.0000,0.0000,0.0000,2.4679,0.0000,0.0000,1.1507,0.0000,2.5864,0.2748,0.0000,''
0,0,0,0,0,0,16718,4062,17377,4655,4532,1054,0,659,2597,1312,0,0,0,0,576,0,0,0,5,0,0,0,0,0,41,0,0,0,0,0,0,0,0,0,0,0,0,0,422,25,0,0,0,11.5015,0.2711,0.2987,0.2784,0.5772,10.0414,2.3353,0.0908,1.4601,0.0000,0.0000,0.0000,0.0000,0.0000,1.0000,0.0000,0.0000,0.0000,2.9069,0.0000,0.0000,1.2779,0.0000,1.5994,0.2875,0.0000,''
0,0,0,0,0,0,17991,4382,18614,5016,4845,1129,0,623,2703,1312,0,0,0,0,672,0,0,0,0,0,0,0,0,0,57,0,0,0,0,0,0,0,0,0,0,0,0,0,463,34,0,0,0,11.2305,0.2693,0.2938,0.2788,0.5726,9.9509,2.3188,0.1171,1.2796,0.0000,0.0000,0.0000,0.0000,0.0000,0.0000,0.0000,0.0000,0.0000,2.6947,0.0000,0.0000,1.2478,0.0000,1.8122,0.2849,0.0000,''
0,0,0,0,0,0,20239,4972,21073,5632,5323,1549,0,834,3303,1676,0,0,0,0,784,0,0,0,1,0,0,0,0,0,103,0,0,0,0,0,0,0,0,0,0,0,0,0,522,23,0,0,0,11.1450,0.2630,0.2922,0.2783,0.5704,9.6354,2.8039,0.1864,1.5097,0.0000,0.0000,0.0000,0.0000,0.0000,1.0000,0.0000,0.0000,0.0000,3.0338,0.0000,0.0000,1.2383,0.0000,1.8573,0.2808,0.0000,''
0,0,0,0,0,0,22846,5705,23625,5980,5731,1834,0,779,3204,1657,0,0,0,0,896,0,0,0,1,0,0,0,0,0,83,0,0,0,0,0,0,0,0,0,0,0,0,0,614,45,0,0,0,10.2699,0.2509,0.2756,0.2618,0.5373,9.0410,2.8933,0.1309,1.2289,0.0000,0.0000,0.0000,0.0000,0.0000,1.0000,0.0000,0.0000,0.0000,2.6140,0.0000,0.0000,1.1411,0.0000,2.3543,0.2699,0.0000,''
0,0,0,0,0,0,28021,6956,29301,7468,7153,2659,0,1280,4417,2445,0,0,0,0,896,0,0,0,5,0,0,0,0,0,105,0,0,0,0,0,0,0,0,0,0,0,0,0,735,38,0,0,0,10.9110,0.2553,0.2878,0.2665,0.5543,9.2549,3.4403,0.1359,1.6561,0.0000,0.0000,0.0000,0.0000,0.0000,1.0000,0.0000,0.0000,0.0000,3.1635,0.0000,0.0000,1.2123,0.0000,2.0773,0.2791,0.0000,''
0,0,0,0,0,0,28418,6915,29457,8072,7673,2637,0,1039,4613,2514,0,0,0,0,896,0,0,0,8,0,0,0,0,0,133,0,0,0,0,0,0,0,0,0,0,0,0,0,714,37,0,0,0,11.3388,0.2700,0.2958,0.2840,0.5798,9.9866,3.4321,0.1731,1.3523,0.0000,0.0000,0.0000,0.0000,0.0000,1.0000,0.0000,0.0000,0.0000,3.2720,0.0000,0.0000,1.2599,0.0000,2.5380,0.2940,0.0000,''
0,0,0,0,0,0,29244,7384,30602,7584,7092,3928,0,1358,4381,2439,0,0,0,0,896,0,0,0,1,0,0,0,0,0,164,0,0,0,0,0,0,0,0,0,0,0,0,0,799,49,0,0,0,10.2993,0.2425,0.2761,0.2593,0.5355,8.6441,4.7876,0.1999,1.6552,0.0000,0.0000,0.0000,0.0000,0.0000,1.0000,0.0000,0.0000,0.0000,2.9728,0.0000,0.0000,1.1444,0.0000,2.8925,0.2754,0.0000,''
0,0,0,0,0,0,31714,7939,33392,8728,7897,3855,0,1678,4831,2805,0,0,0,0,896,0,0,0,5,0,0,0,0,0,277,0,0,0,0,0,0,0,0,0,0,0,0,0,863,67,0,0,0,10.8546,0.2490,0.2867,0.2752,0.5620,8.9524,4.3702,0.3140,1.9023,0.0000,0.0000,0.0000,0.0000,0.0000,1.0000,0.0000,0.0000,0.0000,3.1799,0.0000,0.0000,1.2061,0.0000,2.2974,0.2763,0.0000,''
0,0,0,0,0,0,31326,7785,33042,8424,7971,3315,0,1716,4995,2833,0,0,0,0,896,0,0,0,7,0,0,0,0,0,151,0,0,0,0,0,0,0,0,0,0,0,0,0,851,41,0,0,0,11.1988,0.2545,0.2932,0.2689,0.5621,9.2150,3.8324,0.1746,1.9838,0.0000,0.0000,0.0000,0.0000,0.0000,1.0000,0.0000,0.0000,0.0000,3.2751,0.0000,0.0000,1.2443,0.0000,1.9318,0.2807,0.0000,''
0,0,0,0,0,0,31133,7932,32946,7853,7337,3389,0,1813,4297,2462,0,0,0,0,896,0,0,0,7,0,0,0,0,0,172,0,0,0,0,0,0,0,0,0,0,0,0,0,859,72,0,0,0,10.3820,0.2357,0.2777,0.2522,0.5300,8.3249,3.8453,0.1952,2.0571,0.0000,0.0000,0.0000,0.0000,0.0000,1.0000,0.0000,0.0000,0.0000,2.7935,0.0000,0.0000,1.1536,0.0000,1.8693,0.2599,0.0000,''
0,0,0,0,0,0,37110,9258,39943,9915,9336,4714,0,2833,6184,3716,0,0,0,0,1120,0,0,0,4,0,0,0,0,0,193,0,0,0,0,0,0,0,0,0,0,0,0,0,1022,49,0,0,0,11.8299,0.2516,0.3047,0.2672,0.5718,9.0758,4.5826,0.1876,2.7541,0.0000,0.0000,0.0000,0.0000,0.0000,1.0000,0.0000,0.0000,0.0000,3.6124,0.0000,0.0000,1.3144,0.0000,1.6640,0.2839,0.0000,''
0,0,0,0,0,0,35689,9017,38429,9298,8638,4337,0,2740,5328,3123,0,0,0,0,1120,0,0,0,7,0,0,0,0,0,220,0,0,0,0,0,0,0,0,0,0,0,0,0,983,54,0,0,0,11.3565,0.2420,0.2961,0.2605,0.5566,8.6217,4.3288,0.2196,2.7348,0.0000,0.0000,0.0000,0.0000,0.0000,1.0000,0.0000,0.0000,0.0000,3.1171,0.0000,0.0000,1.2618,0.0000,1.5828,0.2704,0.0000,''
0,0,0,0,0,0,38444,9332,41557,11249,10448,3146,0,3113,7103,4462,0,0,0,0,1120,0,0,0,6,0,0,0,0,0,267,0,0,0,0,0,0,0,0,0,0,0,0,0,1033,33,0,0,0,13.0785,0.2718,0.3263,0.2926,0.6189,10.0763,3.0341,0.2575,3.0023,0.0000,0.0000,0.0000,0.0000,0.0000,1.0000,0.0000,0.0000,0.0000,4.3033,0.0000,0.0000,1.4532,0.0000,1.0106,0.2906,0.0000,''
0,0,0,0,0,0,36879,9034,39818,10794,9777,2769,0,2939,6311,4048,0,0,0,0,1120,0,0,0,11,0,0,0,0,0,339,0,0,0,0,0,0,0,0,0,0,0,0,0,984,41,0,0,0,12.6681,0.2651,0.3194,0.2927,0.6120,9.7402,2.7586,0.3377,2.9279,0.0000,0.0000,0.0000,0.0000,0.0000,1.0000,0.0000,0.0000,0.0000,4.0328,0.0000,0.0000,1.4076,0.0000,0.9422,0.2795,0.0000,''
0,0,0,0,0,0,37881,9587,40308,9960,9120,4053,0,2427,5674,3368,0,0,0,0,1120,0,0,0,2,0,0,0,0,0,280,0,0,0,0,0,0,0,0,0,0,0,0,0,1054,62,0,0,0,10.8400,0.2408,0.2865,0.2629,0.5494,8.5616,3.8048,0.2629,2.2784,0.0000,0.0000,0.0000,0.0000,0.0000,1.0000,0.0000,0.0000,0.0000,3.1618,0.0000,0.0000,1.2044,0.0000,1.6700,0.2635,0.0000,''
0,0,0,0,0,0,37887,9669,40186,9603,8880,4181,0,2299,4954,2934,0,0,0,0,1120,0,0,0,7,0,0,0,0,0,241,0,0,0,0,0,0,0,0,0,0,0,0,0,1048,92,0,0,0,10.4055,0.2344,0.2782,0.2535,0.5316,8.2656,3.8917,0.2243,2.1399,0.0000,0.0000,0.0000,0.0000,0.0000,1.0000,0.0000,0.0000,0.0000,2.7310,0.0000,0.0000,1.1562,0.0000,1.8186,0.2582,0.0000,''
0,0,0,0,0,0,38708,9521,42546,11114,10145,3928,0,3838,6783,4285,0,0,0,0,1120,0,0,0,13,0,0,0,0,0,323,0,0,0,0,0,0,0,0,0,0,0,0,0,974,47,0,0,0,13.2178,0.2621,0.3287,0.2871,0.6158,9.5899,3.7131,0.3053,3.6280,0.0000,0.0000,0.0000,0.0000,0.0000,1.0000,0.0000,0.0000,0.0000,4.0505,0.0000,0.0000,1.4686,0.0000,1.0234,0.2851,0.0000,''
0,0,0,0,0,0,38458,9496,41936,11002,9970,3757,0,3478,6203,4022,0,0,0,0,1120,0,0,0,23,0,0,0,0,0,344,0,0,0,0,0,0,0,0,0,0,0,0,0,955,44,0,0,0,12.7456,0.2592,0.3207,0.2861,0.6068,9.4492,3.5608,0.3260,3.2963,0.0000,0.0000,0.0000,0.0000,0.0000,1.0000,0.0000,0.0000,0.0000,3.8119,0.0000,0.0000,1.4162,0.0000,1.0802,0.2802,0.0000,''
0,0,0,0,0,0,34018,8496,37376,9058,8530,3776,0,3358,5452,3636,0,0,0,0,1120,0,0,0,15,0,0,0,0,0,176,0,0,0,0,0,0,0,0,0,0,0,0,0,873,47,0,0,0,12.5932,0.2507,0.3181,0.2663,0.5843,9.0360,4.0000,0.1864,3.5572,0.0000,0.0000,0.0000,0.0000,0.0000,1.0000,0.0000,0.0000,0.0000,3.8517,0.0000,0.0000,1.3992,0.0000,1.1245,0.2779,0.0000,''
0,0,0,0,0,0,36759,9185,40489,9939,9204,3631,0,3730,5911,3669,0,0,0,0,1120,0,0,0,10,0,0,0,0,0,245,0,0,0,0,0,0,0,0,0,0,0,0,0,949,52,0,0,0,12.6735,0.2504,0.3194,0.2704,0.5898,9.0186,3.5579,0.2401,3.6549,0.0000,0.0000,0.0000,0.0000,0.0000,1.0000,0.0000,0.0000,0.0000,3.5951,0.0000,0.0000,1.4082,0.0000,0.9735,0.2725,0.0000,''
0,0,0,0,0,0,35513,8838,39318,9788,8999,3611,0,3805,5908,3576,0,0,0,0,1120,0,0,0,19,0,0,0,0,0,263,0,0,0,0,0,0,0,0,0,0,0,0,0,858,38,0,0,0,13.0387,0.2534,0.3257,0.2756,0.6013,9.1640,3.6772,0.2678,3.8747,0.0000,0.0000,0.0000,0.0000,0.0000,1.0000,0.0000,0.0000,0.0000,3.6415,0.0000,0.0000,1.4487,0.0000,0.9490,0.2761,0.0000,''
0,0,0,0,0,0,39044,9739,42834,10739,9827,3727,0,3790,6116,3722,0,0,0,0,1120,0,0,0,24,0,0,0,0,0,304,0,0,0,0,0,0,0,0,0,0,0,0,0,958,59,0,0,0,12.5837,0.2517,0.3179,0.2750,0.5930,9.0813,3.4442,0.2809,3.5024,0.0000,0.0000,0.0000,0.0000,0.0000,1.0000,0.0000,0.0000,0.0000,3.4396,0.0000,0.0000,1.3982,0.0000,0.9834,0.2720,0.0000,''
0,0,0,0,0,0,36836,9258,40569,9878,9062,3602,0,3733,5667,3426,0,0,0,0,1120,0,0,0,19,0,0,0,0,0,272,0,0,0,0,0,0,0,0,0,0,0,0,0,911,53,0,0,0,12.4384,0.2460,0.3154,0.2682,0.5836,8.8095,3.5016,0.2644,3.6290,0.0000,0.0000,0.0000,0.0000,0.0000,1.0000,0.0000,0.0000,0.0000,3.3305,0.0000,0.0000,1.3820,0.0000,0.9649,0.2667,0.0000,''
0,0,0,0,0,0,42689,10808,46915,11081,10265,4137,0,4226,6082,3896,0,0,0,0,1120,0,0,0,17,0,0,0,0,0,272,0,0,0,0,0,0,0,0,0,0,0,0,0,1076,63,0,0,0,12.0669,0.2405,0.3089,0.2596,0.5685,8.5478,3.4449,0.2265,3.5191,0.0000,0.0000,0.0000,0.0000,0.0000,1.0000,0.0000,0.0000,0.0000,3.2443,0.0000,0.0000,1.3408,0.0000,0.9789,0.2611,0.0000,''
0,0,0,0,0,0,34633,8445,38357,10147,9298,2783,0,3724,6067,4009,0,0,0,0,1120,0,0,0,17,0,0,0,0,0,283,0,0,0,0,0,0,0,0,0,0,0,0,0,801,35,0,0,0,13.8778,0.2685,0.3395,0.2930,0.6325,9.9091,2.9659,0.3016,3.9687,0.0000,0.0000,0.0000,0.0000,0.0000,1.0000,0.0000,0.0000,0.0000,4.2725,0.0000,0.0000,1.5420,0.0000,0.7473,0.2856,0.0000,''
0,0,0,0,0,0,38453,9380,42652,11225,10313,2340,0,4199,6609,4613,0,0,0,0,1120,0,0,0,27,0,0,0,0,0,304,0,0,0,0,0,0,0,0,0,0,0,0,0,857,34,0,0,0,13.9241,0.2682,0.3402,0.2919,0.6322,9.8952,2.2452,0.2917,4.0289,0.0000,0.0000,0.0000,0.0000,0.0000,1.0000,0.0000,0.0000,0.0000,4.4261,0.0000,0.0000,1.5471,0.0000,0.5573,0.2795,0.0000,''
0,0,0,0,0,0,34710,8406,38319,10422,9492,2761,0,3609,6199,4028,0,0,0,0,1120,0,0,0,29,0,0,0,0,0,310,0,0,0,0,0,0,0,0,0,0,0,0,0,781,35,0,0,0,14.0268,0.2735,0.3419,0.3003,0.6422,10.1627,2.9561,0.3319,3.8640,0.0000,0.0000,0.0000,0.0000,0.0000,1.0000,0.0000,0.0000,0.0000,4.3126,0.0000,0.0000,1.5585,0.0000,0.7650,0.2902,0.0000,''
0,0,0,0,0,0,39721,9285,43700,13198,11866,2327,0,3979,7840,5526,0,0,0,0,1120,0,0,0,18,0,0,0,0,0,444,0,0,0,0,0,0,0,0,0,0,0,0,0,873,22,0,0,0,15.3586,0.2987,0.3626,0.3323,0.6949,11.5018,2.2556,0.4304,3.8569,0.0000,0.0000,0.0000,0.0000,0.0000,1.0000,0.0000,0.0000,0.0000,5.3564,0.0000,0.0000,1.7065,0.0000,0.5848,0.3091,0.0000,''
0,0,0,0,0,0,34585,8458,38077,10069,9211,2857,0,3492,5865,3799,0,0,0,0,1120,0,0,0,25,0,0,0,0,0,286,0,0,0,0,0,0,0,0,0,0,0,0,0,779,45,0,0,0,13.5170,0.2663,0.3336,0.2911,0.6248,9.8013,3.0401,0.3043,3.7158,0.0000,0.0000,0.0000,0.0000,0.0000,1.0000,0.0000,0.0000,0.0000,4.0424,0.0000,0.0000,1.5019,0.0000,0.8182,0.2839,0.0000,''
0,0,0,0,0,0,39007,9253,42398,12223,11248,2529,0,3391,6978,4943,0,0,0,0,1120,0,0,0,32,0,0,0,0,0,325,0,0,0,0,0,0,0,0,0,0,0,0,0,867,27,0,0,0,14.2387,0.2884,0.3453,0.3134,0.6586,10.9405,2.4599,0.3161,3.2983,0.0000,0.0000,0.0000,0.0000,0.0000,1.0000,0.0000,0.0000,0.0000,4.8078,0.0000,0.0000,1.5821,0.0000,0.7458,0.3021,0.0000,''
0,0,0,0,0,0,35003,8610,38379,9917,9173,3002,0,3376,5590,3615,0,0,0,0,1120,0,0,0,25,0,0,0,0,0,248,0,0,0,0,0,0,0,0,0,0,0,0,0,806,47,0,0,0,13.1174,0.2621,0.3270,0.2833,0.6103,9.5885,3.1380,0.2592,3.5289,0.0000,0.0000,0.0000,0.0000,0.0000,1.0000,0.0000,0.0000,0.0000,3.7787,0.0000,0.0000,1.4575,0.0000,0.8892,0.2811,0.0000,''
0,0,0,0,0,0,37989,9110,41248,11508,10659,2304,0,3259,6326,4487,0,0,0,0,1120,0,0,0,15,0,0,0,0,0,283,0,0,0,0,0,0,0,0,0,0,0,0,0,864,36,0,0,0,13.7499,0.2806,0.3374,0.3029,0.6404,10.5303,2.2762,0.2796,3.2196,0.0000,0.0000,0.0000,0.0000,0.0000,1.0000,0.0000,0.0000,0.0000,4.4328,0.0000,0.0000,1.5278,0.0000,0.7070,0.2931,0.0000,''
0,0,0,0,0,0,34730,8565,38041,9764,9035,3037,0,3311,5367,3478,0,0,0,0,1120,0,0,0,18,0,0,0,0,0,243,0,0,0,0,0,0,0,0,0,0,0,0,0,809,44,0,0,0,12.9730,0.2601,0.3245,0.2811,0.6057,9.4939,3.1912,0.2553,3.4792,0.0000,0.0000,0.0000,0.0000,0.0000,1.0000,0.0000,0.0000,0.0000,3.6546,0.0000,0.0000,1.4414,0.0000,0.9172,0.2796,0.0000,''
0,0,0,0,0,0,39249,9363,42435,11913,11160,2474,0,3186,6514,4645,0,0,0,0,1120,0,0,0,20,0,0,0,0,0,251,0,0,0,0,0,0,0,0,0,0,0,0,0,914,33,0,0,0,13.7898,0.2843,0.3381,0.3035,0.6416,10.7273,2.3781,0.2413,3.0625,0.0000,0.0000,0.0000,0.0000,0.0000,1.0000,0.0000,0.0000,0.0000,4.4649,0.0000,0.0000,1.5322,0.0000,0.7765,0.2987,0.0000,''
0,0,0,0,0,0,37178,9261,40588,10091,9395,3187,0,3410,5439,3629,0,0,0,0,1120,0,0,0,13,0,0,0,0,0,232,0,0,0,0,0,0,0,0,0,0,0,0,0,910,51,0,0,0,12.4441,0.2527,0.3155,0.2714,0.5869,9.1302,3.0972,0.2255,3.3139,0.0000,0.0000,0.0000,0.0000,0.0000,1.0000,0.0000,0.0000,0.0000,3.5267,0.0000,0.0000,1.3827,0.0000,0.9346,0.2714,0.0000,''
0,0,0,0,0,0,43215,10653,46678,11838,11256,2844,0,3463,6051,4199,0,0,0,0,1120,0,0,0,16,0,0,0,0,0,194,0,0,0,0,0,0,0,0,0,0,0,0,0,1063,62,0,0,0,12.4351,0.2605,0.3153,0.2739,0.5893,9.5094,2.4027,0.1639,2.9257,0.0000,0.0000,0.0000,0.0000,0.0000,1.0000,0.0000,0.0000,0.0000,3.5475,0.0000,0.0000,1.3817,0.0000,0.8213,0.2753,0.0000,''
0,0,0,0,0,0,37647,9182,41049,10854,10101,2908,0,3402,6062,4050,0,0,0,0,1120,0,0,0,18,0,0,0,0,0,251,0,0,0,0,0,0,0,0,0,0,0,0,0,899,44,0,0,0,13.2354,0.2683,0.3289,0.2883,0.6173,9.9008,2.8504,0.2460,3.3346,0.0000,0.0000,0.0000,0.0000,0.0000,1.0000,0.0000,0.0000,0.0000,3.9697,0.0000,0.0000,1.4706,0.0000,0.8548,0.2856,0.0000,''
0,0,0,0,0,0,43174,10624,46525,11980,11302,2732,0,3351,5946,4173,0,0,0,0,1120,0,0,0,26,0,0,0,0,0,226,0,0,0,0,0,0,0,0,0,0,0,0,0,1054,73,0,0,0,12.4131,0.2618,0.3149,0.2775,0.5924,9.5744,2.3144,0.1915,2.8388,0.0000,0.0000,0.0000,0.0000,0.0000,1.0000,0.0000,0.0000,0.0000,3.5351,0.0000,0.0000,1.3792,0.0000,0.8153,0.2754,0.0000,''
0,0,0,0,0,0,37647,9182,41049,10854,10101,2908,0,3402,6062,4050,0,0,0,0,1120,0,0,0,18,0,0,0,0,0,251,0,0,0,0,0,0,0,0,0,0,0,0,0,899,44,0,0,0,13.2354,0.2683,0.3289,0.2883,0.6173,9.9008,2.8504,0.2460,3.3346,0.0000,0.0000,0.0000,0.0000,0.0000,1.0000,0.0000,0.0000,0.0000,3.9697,0.0000,0.0000,1.4706,0.0000,0.8548,0.2856,0.0000,''
0,0,0,0,0,0,40658,9911,43692,11687,10925,2697,0,3034,5932,4067,0,0,0,0,1120,0,0,0,12,0,0,0,0,0,254,0,0,0,0,0,0,0,0,0,0,0,0,0,935,68,0,0,0,12.6759,0.2687,0.3195,0.2874,0.6069,9.9208,2.4491,0.2307,2.7551,0.0000,0.0000,0.0000,0.0000,0.0000,1.0000,0.0000,0.0000,0.0000,3.6932,0.0000,0.0000,1.4084,0.0000,0.8889,0.2830,0.0000,''
0,0,0,0,0,0,39251,9564,42031,11243,10559,2736,0,2780,5874,3891,0,0,0,0,1098,0,0,0,19,0,0,0,0,0,228,0,0,0,0,0,0,0,0,0,0,0,0,0,937,54,0,0,0,12.5524,0.2690,0.3174,0.2864,0.6038,9.9363,2.5747,0.2146,2.6161,0.0000,0.0000,0.0000,0.0000,0.0000,1.0000,0.0000,0.0000,0.0000,3.6615,0.0000,0.0000,1.3947,0.0000,0.9842,0.2847,0.0000,''
0,0,0,0,0,0,40317,9973,43002,11079,10398,4241,0,2685,5194,3678,0,0,0,0,1122,0,0,0,17,0,0,0,0,0,227,0,0,0,0,0,0,0,0,0,0,0,0,0,976,70,0,0,0,11.8066,0.2579,0.3042,0.2748,0.5790,9.3835,3.8272,0.2049,2.4230,0.0000,0.0000,0.0000,0.0000,0.0000,1.0000,0.0000,0.0000,0.0000,3.3192,0.0000,0.0000,1.3118,0.0000,1.5795,0.2837,0.0000,''
0,0,0,0,0,0,39641,9730,42456,11225,10451,2744,0,2815,5407,3862,0,0,0,0,1106,0,0,0,13,0,0,0,0,0,258,0,0,0,0,0,0,0,0,0,0,0,0,0,954,59,0,0,0,12.2707,0.2636,0.3125,0.2832,0.5956,9.6669,2.5381,0.2386,2.6038,0.0000,0.0000,0.0000,0.0000,0.0000,1.0000,0.0000,0.0000,0.0000,3.5723,0.0000,0.0000,1.3634,0.0000,0.9748,0.2782,0.0000,''
0,0,0,0,0,0,39737,9957,42357,10160,9866,3895,0,2620,4476,3072,0,0,0,0,1124,0,0,0,21,0,0,0,0,0,98,0,0,0,0,0,0,0,0,0,0,0,0,0,997,101,0,0,0,11.2859,0.2483,0.2948,0.2557,0.5505,8.9177,3.5206,0.0886,2.3682,0.0000,0.0000,0.0000,0.0000,0.0000,1.0000,0.0000,0.0000,0.0000,2.7767,0.0000,0.0000,1.2540,0.0000,1.4866,0.2733,0.0000,''
0,0,0,0,0,0,38899,9782,41165,10105,9553,4199,0,2266,4543,3220,0,0,0,0,1108,0,0,0,20,0,0,0,0,0,184,0,0,0,0,0,0,0,0,0,0,0,0,0,954,99,0,0,0,10.8742,0.2456,0.2871,0.2598,0.5469,8.7893,3.8633,0.1693,2.0848,0.0000,0.0000,0.0000,0.0000,0.0000,1.0000,0.0000,0.0000,0.0000,2.9626,0.0000,0.0000,1.2082,0.0000,1.8530,0.2714,0.0000,''
0,0,0,0,0,0,39785,9856,42964,10670,10217,3767,0,3179,5349,3570,0,0,0,0,1120,0,0,0,30,0,0,0,0,0,151,0,0,0,0,0,0,0,0,0,0,0,0,0,955,69,0,0,0,12.2325,0.2568,0.3118,0.2682,0.5800,9.3296,3.4398,0.1379,2.9029,0.0000,0.0000,0.0000,0.0000,0.0000,1.0000,0.0000,0.0000,0.0000,3.2599,0.0000,0.0000,1.3592,0.0000,1.1850,0.2806,0.0000,''
0,0,0,0,0,0,43384,11082,45995,10606,10138,5026,0,2611,4433,3197,0,0,0,0,1252,0,0,0,12,0,0,0,0,0,156,0,0,0,0,0,0,0,0,0,0,0,0,0,1097,143,0,0,0,10.3538,0.2337,0.2772,0.2445,0.5217,8.2334,4.0818,0.1267,2.1205,0.0000,0.0000,0.0000,0.0000,0.0000,1.0000,0.0000,0.0000,0.0000,2.5964,0.0000,0.0000,1.1504,0.0000,1.9249,0.2613,0.0000,''
0,0,0,0,0,0,42953,10911,46084,10745,10220,4277,0,3131,4874,3305,0,0,0,0,1246,0,0,0,30,0,0,0,0,0,175,0,0,0,0,0,0,0,0,0,0,0,0,0,1089,108,0,0,0,11.0126,0.2379,0.2897,0.2502,0.5399,8.4300,3.5279,0.1443,2.5826,0.0000,0.0000,0.0000,0.0000,0.0000,1.0000,0.0000,0.0000,0.0000,2.7261,0.0000,0.0000,1.2236,0.0000,1.3660,0.2609,0.0000,''
0,0,0,0,0,0,42633,10976,45641,10173,9705,5107,0,3008,4549,3232,0,0,0,0,1234,0,0,0,9,0,0,0,0,0,156,0,0,0,0,0,0,0,0,0,0,0,0,0,976,119,0,0,0,10.4243,0.2276,0.2785,0.2386,0.5172,7.9578,4.1876,0.1279,2.4665,0.0000,0.0000,0.0000,0.0000,0.0000,1.0000,0.0000,0.0000,0.0000,2.6501,0.0000,0.0000,1.1583,0.0000,1.6978,0.2555,0.0000,''
0,0,0,0,0,0,43511,10999,46775,11060,10514,4462,0,3264,5091,3656,0,0,0,0,1240,0,0,0,35,0,0,0,0,0,182,0,0,0,0,0,0,0,0,0,0,0,0,0,1000,106,0,0,0,11.2739,0.2416,0.2946,0.2542,0.5487,8.6031,3.6511,0.1489,2.6708,0.0000,0.0000,0.0000,0.0000,0.0000,1.0000,0.0000,0.0000,0.0000,2.9915,0.0000,0.0000,1.2527,0.0000,1.3670,0.2658,0.0000,''
0,0,0,0,0,0,42584,10861,45419,10412,10001,4561,0,2835,4495,3245,0,0,0,0,1226,0,0,0,32,0,0,0,0,0,137,0,0,0,0,0,0,0,0,0,0,0,0,0,956,139,0,0,0,10.6366,0.2349,0.2826,0.2445,0.5271,8.2874,3.7795,0.1135,2.3492,0.0000,0.0000,0.0000,0.0000,0.0000,1.0000,0.0000,0.0000,0.0000,2.6890,0.0000,0.0000,1.1818,0.0000,1.6088,0.2604,0.0000,''
0,0,0,0,0,0,42217,10839,45640,10078,9700,4537,0,3423,4388,3160,0,0,0,0,1230,0,0,0,53,0,0,0,0,0,126,0,0,0,0,0,0,0,0,0,0,0,0,0,954,145,0,0,0,10.8965,0.2298,0.2875,0.2387,0.5263,8.0542,3.7672,0.1046,2.8422,0.0000,0.0000,0.0000,0.0000,0.0000,1.0000,0.0000,0.0000,0.0000,2.6239,0.0000,0.0000,1.2107,0.0000,1.3254,0.2549,0.0000,''
0,0,0,0,0,0,43108,11001,45994,10417,10105,4479,0,2886,4511,3107,0,0,0,0,1234,0,0,0,53,0,0,0,0,0,104,0,0,0,0,0,0,0,0,0,0,0,0,0,893,133,0,0,0,10.6280,0.2344,0.2824,0.2416,0.5241,8.2670,3.6643,0.0851,2.3611,0.0000,0.0000,0.0000,0.0000,0.0000,1.0000,0.0000,0.0000,0.0000,2.5419,0.0000,0.0000,1.1809,0.0000,1.5520,0.2596,0.0000,''
0,0,0,0,0,0,42000,10816,45426,9975,9552,4217,0,3426,4187,2962,0,0,0,0,1232,0,0,0,37,0,0,0,0,0,141,0,0,0,0,0,0,0,0,0,0,0,0,0,935,157,0,0,0,10.7990,0.2274,0.2857,0.2375,0.5232,7.9482,3.5090,0.1173,2.8508,0.0000,0.0000,0.0000,0.0000,0.0000,1.0000,0.0000,0.0000,0.0000,2.4647,0.0000,0.0000,1.1999,0.0000,1.2309,0.2500,0.0000,''
0,0,0,0,0,0,43162,11146,46059,10072,9724,4930,0,2897,4284,2959,0,0,0,0,1244,0,0,0,46,0,0,0,0,0,116,0,0,0,0,0,0,0,0,0,0,0,0,0,841,132,0,0,0,10.1910,0.2253,0.2740,0.2334,0.5074,7.8518,3.9808,0.0937,2.3392,0.0000,0.0000,0.0000,0.0000,0.0000,1.0000,0.0000,0.0000,0.0000,2.3893,0.0000,0.0000,1.1323,0.0000,1.7018,0.2521,0.0000,''
0,0,0,0,0,0,43014,11164,46236,9975,9522,4180,0,3222,4139,2908,0,0,0,0,1244,0,0,0,62,0,0,0,0,0,151,0,0,0,0,0,0,0,0,0,0,0,0,0,836,164,0,0,0,10.2737,0.2214,0.2756,0.2319,0.5075,7.6763,3.3698,0.1217,2.5975,0.0000,0.0000,0.0000,0.0000,0.0000,1.0000,0.0000,0.0000,0.0000,2.3443,0.0000,0.0000,1.1415,0.0000,1.2973,0.2423,0.0000,''
0,0,0,0,0,0,42810,11027,45856,10056,9729,4918,0,3046,4264,3028,0,0,0,0,1240,0,0,0,50,0,0,0,0,0,109,0,0,0,0,0,0,0,0,0,0,0,0,0,825,146,0,0,0,10.4267,0.2273,0.2786,0.2349,0.5135,7.9406,4.0140,0.0890,2.4861,0.0000,0.0000,0.0000,0.0000,0.0000,1.0000,0.0000,0.0000,0.0000,2.4714,0.0000,0.0000,1.1585,0.0000,1.6146,0.2546,0.0000,''
0,0,0,0,0,0,43426,11171,47043,10366,9913,4437,0,3617,4541,3214,0,0,0,0,1242,0,0,0,64,0,0,0,0,0,151,0,0,0,0,0,0,0,0,0,0,0,0,0,797,133,0,0,0,10.9005,0.2283,0.2876,0.2387,0.5263,7.9865,3.5747,0.1217,2.9141,0.0000,0.0000,0.0000,0.0000,0.0000,1.0000,0.0000,0.0000,0.0000,2.5894,0.0000,0.0000,1.2112,0.0000,1.2267,0.2514,0.0000,''
0,0,0,0,0,0,43773,11282,47237,10368,9927,5278,0,3464,4573,3153,0,0,0,0,1256,0,0,0,42,0,0,0,0,0,147,0,0,0,0,0,0,0,0,0,0,0,0,0,856,131,0,0,0,10.6824,0.2268,0.2835,0.2369,0.5203,7.9191,4.2104,0.1173,2.7633,0.0000,0.0000,0.0000,0.0000,0.0000,1.0000,0.0000,0.0000,0.0000,2.5152,0.0000,0.0000,1.1869,0.0000,1.5237,0.2550,0.0000,''
0,0,0,0,0,0,43668,11089,47691,11043,10401,4511,0,4023,5007,3726,0,0,0,0,1242,0,0,0,83,0,0,0,0,0,214,0,0,0,0,0,0,0,0,0,0,0,0,0,695,111,0,0,0,11.7067,0.2382,0.3024,0.2529,0.5553,8.4416,3.6612,0.1737,3.2651,0.0000,0.0000,0.0000,0.0000,0.0000,1.0000,0.0000,0.0000,0.0000,3.0241,0.0000,0.0000,1.3007,0.0000,1.1213,0.2616,0.0000,''
0,0,0,0,0,0,44039,10934,47674,11831,11237,5093,0,3635,5658,4057,0,0,0,0,1228,0,0,0,48,0,0,0,0,0,198,0,0,0,0,0,0,0,0,0,0,0,0,0,759,80,0,0,0,12.2414,0.2552,0.3120,0.2686,0.5806,9.2494,4.1922,0.1630,2.9920,0.0000,0.0000,0.0000,0.0000,0.0000,1.0000,0.0000,0.0000,0.0000,3.3394,0.0000,0.0000,1.3602,0.0000,1.4011,0.2849,0.0000,''
0,0,0,0,0,0,43969,11104,48251,11605,10657,4792,0,4282,5506,4183,0,0,0,0,1246,0,0,0,89,0,0,0,0,0,316,0,0,0,0,0,0,0,0,0,0,0,0,0,680,92,0,0,0,12.1083,0.2424,0.3096,0.2639,0.5735,8.6377,3.8840,0.2561,3.4706,0.0000,0.0000,0.0000,0.0000,0.0000,1.0000,0.0000,0.0000,0.0000,3.3904,0.0000,0.0000,1.3454,0.0000,1.1191,0.2661,0.0000,''
0,0,0,0,0,0,43612,10931,47388,11287,10819,5157,0,3776,5495,4056,0,0,0,0,1238,0,0,0,58,0,0,0,0,0,156,0,0,0,0,0,0,0,0,0,0,0,0,0,777,81,0,0,0,12.0167,0.2481,0.3080,0.2588,0.5668,8.9078,4.2460,0.1284,3.1090,0.0000,0.0000,0.0000,0.0000,0.0000,1.0000,0.0000,0.0000,0.0000,3.3395,0.0000,0.0000,1.3352,0.0000,1.3657,0.2784,0.0000,''
0,0,0,0,0,0,44004,10944,47890,12033,11172,4629,0,3886,5659,4131,0,0,0,0,1226,0,0,0,75,0,0,0,0,0,287,0,0,0,0,0,0,0,0,0,0,0,0,0,654,85,0,0,0,12.3832,0.2539,0.3144,0.2735,0.5879,9.1875,3.8067,0.2360,3.1957,0.0000,0.0000,0.0000,0.0000,0.0000,1.0000,0.0000,0.0000,0.0000,3.3972,0.0000,0.0000,1.3759,0.0000,1.1912,0.2785,0.0000,''
0,0,0,0,0,0,43025,10937,46817,10691,10214,4863,0,3792,4823,3558,0,0,0,0,1228,0,0,0,84,0,0,0,0,0,159,0,0,0,0,0,0,0,0,0,0,0,0,0,676,113,0,0,0,11.5255,0.2374,0.2992,0.2485,0.5476,8.4050,4.0017,0.1308,3.1204,0.0000,0.0000,0.0000,0.0000,0.0000,1.0000,0.0000,0.0000,0.0000,2.9279,0.0000,0.0000,1.2806,0.0000,1.2824,0.2646,0.0000,''
0,0,0,0,0,0,44189,11126,47719,11741,10811,4596,0,3530,5141,3949,0,0,0,0,1240,0,0,0,81,0,0,0,0,0,310,0,0,0,0,0,0,0,0,0,0,0,0,0,643,91,0,0,0,11.6007,0.2447,0.3005,0.2657,0.5662,8.7452,3.7178,0.2508,2.8555,0.0000,0.0000,0.0000,0.0000,0.0000,1.0000,0.0000,0.0000,0.0000,3.1944,0.0000,0.0000,1.2890,0.0000,1.3020,0.2673,0.0000,''
0,0,0,0,0,0,43861,11259,47790,10528,10084,5137,0,3929,4610,3421,0,0,0,0,1262,0,0,0,87,0,0,0,0,0,148,0,0,0,0,0,0,0,0,0,0,0,0,0,655,137,0,0,0,11.2014,0.2299,0.2932,0.2400,0.5333,8.0608,4.1063,0.1183,3.1407,0.0000,0.0000,0.0000,0.0000,0.0000,1.0000,0.0000,0.0000,0.0000,2.7346,0.0000,0.0000,1.2446,0.0000,1.3075,0.2576,0.0000,''
0,0,0,0,0,0,43723,11163,47316,11035,10234,4701,0,3593,4798,3455,0,0,0,0,1250,0,0,0,82,0,0,0,0,0,267,0,0,0,0,0,0,0,0,0,0,0,0,0,671,119,0,0,0,11.1478,0.2341,0.2922,0.2524,0.5446,8.2510,3.7901,0.2153,2.8968,0.0000,0.0000,0.0000,0.0000,0.0000,1.0000,0.0000,0.0000,0.0000,2.7855,0.0000,0.0000,1.2386,0.0000,1.3084,0.2572,0.0000,''
0,0,0,0,0,0,43326,11109,47543,10479,9999,4857,0,4217,4922,3620,0,0,0,0,1242,0,0,0,77,0,0,0,0,0,160,0,0,0,0,0,0,0,0,0,0,0,0,0,662,101,0,0,0,11.5171,0.2308,0.2990,0.2419,0.5409,8.1007,3.9349,0.1296,3.4164,0.0000,0.0000,0.0000,0.0000,0.0000,1.0000,0.0000,0.0000,0.0000,2.9328,0.0000,0.0000,1.2797,0.0000,1.1518,0.2568,0.0000,''
0,0,0,0,0,0,43637,11164,46906,10820,10145,4729,0,3269,4522,3406,0,0,0,0,1248,0,0,0,78,0,0,0,0,0,225,0,0,0,0,0,0,0,0,0,0,0,0,0,679,136,0,0,0,10.8139,0.2325,0.2860,0.2480,0.5339,8.1785,3.8123,0.1814,2.6353,0.0000,0.0000,0.0000,0.0000,0.0000,1.0000,0.0000,0.0000,0.0000,2.7458,0.0000,0.0000,1.2015,0.0000,1.4466,0.2564,0.0000,''
0,0,0,0,0,0,44028,11286,48100,10602,10170,4698,0,4072,4599,3541,0,0,0,0,1250,0,0,0,100,0,0,0,0,0,144,0,0,0,0,0,0,0,0,0,0,0,0,0,632,104,0,0,0,11.3573,0.2310,0.2961,0.2408,0.5369,8.1100,3.7464,0.1148,3.2472,0.0000,0.0000,0.0000,0.0000,0.0000,1.0000,0.0000,0.0000,0.0000,2.8238,0.0000,0.0000,1.2619,0.0000,1.1537,0.2559,0.0000,''
0,0,0,0,0,0,43798,11219,46814,10858,10141,4827,0,3016,4290,3256,0,0,0,0,1244,0,0,0,82,0,0,0,0,0,239,0,0,0,0,0,0,0,0,0,0,0,0,0,682,140,0,0,0,10.5547,0.2315,0.2810,0.2479,0.5290,8.1352,3.8723,0.1917,2.4195,0.0000,0.0000,0.0000,0.0000,0.0000,1.0000,0.0000,0.0000,0.0000,2.6120,0.0000,0.0000,1.1727,0.0000,1.6005,0.2557,0.0000,''
0,0,0,0,0,0,43720,11227,47551,10438,10039,4146,0,3831,4540,3318,0,0,0,0,1244,0,0,0,101,0,0,0,0,0,133,0,0,0,0,0,0,0,0,0,0,0,0,0,661,128,0,0,0,11.1187,0.2296,0.2917,0.2387,0.5304,8.0477,3.3236,0.1066,3.0711,0.0000,0.0000,0.0000,0.0000,0.0000,1.0000,0.0000,0.0000,0.0000,2.6598,0.0000,0.0000,1.2354,0.0000,1.0822,0.2512,0.0000,''
0,0,0,0,0,0,44122,11270,47179,10918,10312,4495,0,3057,4408,3388,0,0,0,0,1250,0,0,0,62,0,0,0,0,0,202,0,0,0,0,0,0,0,0,0,0,0,0,0,721,131,0,0,0,10.6762,0.2337,0.2834,0.2475,0.5308,8.2350,3.5896,0.1613,2.4413,0.0000,0.0000,0.0000,0.0000,0.0000,1.0000,0.0000,0.0000,0.0000,2.7056,0.0000,0.0000,1.1862,0.0000,1.4704,0.2564,0.0000,''
0,0,0,0,0,0,36159,9219,39365,8790,8502,2977,0,3206,3703,2839,0,0,0,0,1016,0,0,0,68,0,0,0,0,0,96,0,0,0,0,0,0,0,0,0,0,0,0,0,614,96,0,0,0,11.4299,0.2351,0.2974,0.2431,0.5405,8.3000,2.9063,0.0937,3.1298,0.0000,0.0000,0.0000,0.0000,0.0000,1.0000,0.0000,0.0000,0.0000,2.7716,0.0000,0.0000,1.2700,0.0000,0.9286,0.2541,0.0000,''
0,0,0,0,0,0,36072,9170,38594,8979,8562,2898,0,2522,3682,2815,0,0,0,0,1016,0,0,0,45,0,0,0,0,0,139,0,0,0,0,0,0,0,0,0,0,0,0,0,666,108,0,0,0,10.8785,0.2374,0.2872,0.2489,0.5361,8.4033,2.8443,0.1364,2.4752,0.0000,0.0000,0.0000,0.0000,0.0000,1.0000,0.0000,0.0000,0.0000,2.7628,0.0000,0.0000,1.2087,0.0000,1.1491,0.2550,0.0000,''
0,0,0,0,0,0,40136,10046,43505,10718,9998,3577,0,3369,4586,3597,0,0,0,0,1120,0,0,0,49,0,0,0,0,0,240,0,0,0,0,0,0,0,0,0,0,0,0,0,645,91,0,0,0,11.9752,0.2491,0.3073,0.2670,0.5743,8.9570,3.2046,0.2150,3.0182,0.0000,0.0000,0.0000,0.0000,0.0000,1.0000,0.0000,0.0000,0.0000,3.2225,0.0000,0.0000,1.3306,0.0000,1.0617,0.2687,0.0000,''
0,0,0,0,0,0,39795,10064,42407,10224,9603,3294,0,2612,4071,3253,0,0,0,0,1116,0,0,0,51,0,0,0,0,0,207,0,0,0,0,0,0,0,0,0,0,0,0,0,657,101,0,0,0,10.9236,0.2413,0.2880,0.2569,0.5450,8.5877,2.9457,0.1851,2.3359,0.0000,0.0000,0.0000,0.0000,0.0000,1.0000,0.0000,0.0000,0.0000,2.9091,0.0000,0.0000,1.2137,0.0000,1.2611,0.2589,0.0000,''
0,0,0,0,0,0,45019,11036,48826,13018,11911,3633,0,3807,5869,4647,0,0,0,0,1234,0,0,0,67,0,0,0,0,0,369,0,0,0,0,0,0,0,0,0,0,0,0,0,701,80,0,0,0,12.8182,0.2646,0.3219,0.2892,0.6111,9.7136,2.9628,0.3009,3.1047,0.0000,0.0000,0.0000,0.0000,0.0000,1.0000,0.0000,0.0000,0.0000,3.7897,0.0000,0.0000,1.4242,0.0000,0.9543,0.2814,0.0000,''
0,0,0,0,0,0,45030,11221,48047,12150,11367,3636,0,3017,4893,3904,0,0,0,0,1234,0,0,0,76,0,0,0,0,0,261,0,0,0,0,0,0,0,0,0,0,0,0,0,694,108,0,0,0,11.5369,0.2524,0.2994,0.2698,0.5692,9.1171,2.9163,0.2093,2.4198,0.0000,0.0000,0.0000,0.0000,0.0000,1.0000,0.0000,0.0000,0.0000,3.1313,0.0000,0.0000,1.2819,0.0000,1.2052,0.2700,0.0000,''
0,0,0,0,0,0,45561,11018,49504,13938,12507,3606,0,3943,6303,5239,0,0,0,0,1232,0,0,0,85,0,0,0,0,0,477,0,0,0,0,0,0,0,0,0,0,0,0,0,650,60,0,0,0,13.4371,0.2745,0.3323,0.3059,0.6382,10.2163,2.9455,0.3896,3.2208,0.0000,0.0000,0.0000,0.0000,0.0000,1.0000,0.0000,0.0000,0.0000,4.2795,0.0000,0.0000,1.4930,0.0000,0.9145,0.2900,0.0000,''
0,0,0,0,0,0,45185,10980,48067,13625,12245,3356,0,2882,5632,4610,0,0,0,0,1226,0,0,0,92,0,0,0,0,0,460,0,0,0,0,0,0,0,0,0,0,0,0,0,623,67,0,0,0,12.3992,0.2710,0.3147,0.3015,0.6162,10.0369,2.7508,0.3770,2.3623,0.0000,0.0000,0.0000,0.0000,0.0000,1.0000,0.0000,0.0000,0.0000,3.7787,0.0000,0.0000,1.3777,0.0000,1.1645,0.2849,0.0000,''
0,0,0,0,0,0,45188,11059,48968,13586,12011,3580,0,3780,5865,4955,0,0,0,0,1236,0,0,0,88,0,0,0,0,0,525,0,0,0,0,0,0,0,0,0,0,0,0,0,636,76,0,0,0,12.8510,0.2658,0.3225,0.3007,0.6231,9.7748,2.9135,0.4273,3.0762,0.0000,0.0000,0.0000,0.0000,0.0000,1.0000,0.0000,0.0000,0.0000,4.0325,0.0000,0.0000,1.4279,0.0000,0.9471,0.2796,0.0000,''
0,0,0,0,0,0,45663,11032,49101,14157,12567,3355,0,3438,6194,5022,0,0,0,0,1240,0,0,0,68,0,0,0,0,0,530,0,0,0,0,0,0,0,0,0,0,0,0,0,604,71,0,0,0,13.0570,0.2752,0.3260,0.3100,0.6360,10.2523,2.7370,0.4324,2.8047,0.0000,0.0000,0.0000,0.0000,0.0000,1.0000,0.0000,0.0000,0.0000,4.0970,0.0000,0.0000,1.4508,0.0000,0.9759,0.2881,0.0000,''
0,0,0,0,0,0,44879,11009,48979,13178,11852,3601,0,4100,5887,4872,0,0,0,0,1232,0,0,0,93,0,0,0,0,0,442,0,0,0,0,0,0,0,0,0,0,0,0,0,609,61,0,0,0,13.0410,0.2641,0.3257,0.2936,0.6193,9.6892,2.9439,0.3613,3.3518,0.0000,0.0000,0.0000,0.0000,0.0000,1.0000,0.0000,0.0000,0.0000,3.9829,0.0000,0.0000,1.4490,0.0000,0.8783,0.2794,0.0000,''
0,0,0,0,0,0,45561,11073,49056,13956,12342,3406,0,3495,5987,4913,0,0,0,0,1234,0,0,0,74,0,0,0,0,0,538,0,0,0,0,0,0,0,0,0,0,0,0,0,615,67,0,0,0,12.8721,0.2709,0.3228,0.3063,0.6291,10.0314,2.7684,0.4373,2.8407,0.0000,0.0000,0.0000,0.0000,0.0000,1.0000,0.0000,0.0000,0.0000,3.9932,0.0000,0.0000,1.4302,0.0000,0.9745,0.2836,0.0000,''
0,0,0,0,0,0,45069,10944,49215,13428,12237,3243,0,4146,6141,5142,0,0,0,0,1234,0,0,0,109,0,0,0,0,0,397,0,0,0,0,0,0,0,0,0,0,0,0,0,579,66,0,0,0,13.4729,0.2715,0.3329,0.2979,0.6308,10.0633,2.6669,0.3265,3.4095,0.0000,0.0000,0.0000,0.0000,0.0000,1.0000,0.0000,0.0000,0.0000,4.2286,0.0000,0.0000,1.4970,0.0000,0.7822,0.2858,0.0000,''
0,0,0,0,0,0,44947,10991,48153,13471,11974,3381,0,3206,5581,4723,0,0,0,0,1228,0,0,0,66,0,0,0,0,0,499,0,0,0,0,0,0,0,0,0,0,0,0,0,619,71,0,0,0,12.4302,0.2664,0.3152,0.2997,0.6150,9.8049,2.7685,0.4086,2.6252,0.0000,0.0000,0.0000,0.0000,0.0000,1.0000,0.0000,0.0000,0.0000,3.8674,0.0000,0.0000,1.3811,0.0000,1.0546,0.2794,0.0000,''
0,0,0,0,0,0,45343,10971,49658,14029,12430,3317,0,4315,6401,5357,0,0,0,0,1232,0,0,0,108,0,0,0,0,0,533,0,0,0,0,0,0,0,0,0,0,0,0,0,575,59,0,0,0,13.7367,0.2741,0.3372,0.3094,0.6466,10.1969,2.7211,0.4372,3.5398,0.0000,0.0000,0.0000,0.0000,0.0000,1.0000,0.0000,0.0000,0.0000,4.3946,0.0000,0.0000,1.5263,0.0000,0.7687,0.2867,0.0000,''
0,0,0,0,0,0,45050,10854,48503,14396,12488,3372,0,3453,6195,5143,0,0,0,0,1224,0,0,0,67,0,0,0,0,0,636,0,0,0,0,0,0,0,0,0,0,0,0,0,634,49,0,0,0,13.2181,0.2772,0.3287,0.3196,0.6482,10.3549,2.7960,0.5274,2.8632,0.0000,0.0000,0.0000,0.0000,0.0000,1.0000,0.0000,0.0000,0.0000,4.2645,0.0000,0.0000,1.4687,0.0000,0.9765,0.2888,0.0000,''
0,0,0,0,0,0,44602,10944,48808,13042,11770,3456,0,4206,5831,4884,0,0,0,0,1232,0,0,0,110,0,0,0,0,0,424,0,0,0,0,0,0,0,0,0,0,0,0,0,545,62,0,0,0,13.1382,0.2639,0.3273,0.2924,0.6197,9.6793,2.8421,0.3487,3.4589,0.0000,0.0000,0.0000,0.0000,0.0000,1.0000,0.0000,0.0000,0.0000,4.0164,0.0000,0.0000,1.4598,0.0000,0.8217,0.2786,0.0000,''
0,0,0,0,0,0,44638,10964,48108,13063,11746,3359,0,3470,5612,4660,0,0,0,0,1236,0,0,0,84,0,0,0,0,0,439,0,0,0,0,0,0,0,0,0,0,0,0,0,610,72,0,0,0,12.4903,0.2631,0.3163,0.2926,0.6089,9.6419,2.7573,0.3604,2.8484,0.0000,0.0000,0.0000,0.0000,0.0000,1.0000,0.0000,0.0000,0.0000,3.8252,0.0000,0.0000,1.3878,0.0000,0.9680,0.2769,0.0000,''
0,0,0,0,0,0,45053,11001,49082,13367,12050,3399,0,4029,6094,5056,0,0,0,0,1238,0,0,0,116,0,0,0,0,0,439,0,0,0,0,0,0,0,0,0,0,0,0,0,585,59,0,0,0,13.1543,0.2675,0.3276,0.2967,0.6243,9.8582,2.7807,0.3591,3.2962,0.0000,0.0000,0.0000,0.0000,0.0000,1.0000,0.0000,0.0000,0.0000,4.1364,0.0000,0.0000,1.4616,0.0000,0.8436,0.2817,0.0000,''
0,0,0,0,0,0,44959,11006,48371,13390,11941,3496,0,3412,5651,4786,0,0,0,0,1234,0,0,0,81,0,0,0,0,0,483,0,0,0,0,0,0,0,0,0,0,0,0,0,613,69,0,0,0,12.5547,0.2656,0.3174,0.2978,0.6152,9.7646,2.8588,0.3950,2.7901,0.0000,0.0000,0.0000,0.0000,0.0000,1.0000,0.0000,0.0000,0.0000,3.9137,0.0000,0.0000,1.3950,0.0000,1.0246,0.2796,0.0000,''
0,0,0,0,0,0,44768,10980,48595,13277,11828,3704,0,3827,5876,4926,0,0,0,0,1234,0,0,0,113,0,0,0,0,0,483,0,0,0,0,0,0,0,0,0,0,0,0,0,614,69,0,0,0,12.8320,0.2642,0.3222,0.2966,0.6187,9.6951,3.0361,0.3959,3.1369,0.0000,0.0000,0.0000,0.0000,0.0000,1.0000,0.0000,0.0000,0.0000,4.0377,0.0000,0.0000,1.4258,0.0000,0.9679,0.2796,0.0000,''
0,0,0,0,0,0,44945,11022,48780,13709,11879,3390,0,3835,5769,4883,0,0,0,0,1228,0,0,0,105,0,0,0,0,0,610,0,0,0,0,0,0,0,0,0,0,0,0,0,558,63,0,0,0,12.8312,0.2643,0.3221,0.3050,0.6272,9.6998,2.7681,0.4981,3.1315,0.0000,0.0000,0.0000,0.0000,0.0000,1.0000,0.0000,0.0000,0.0000,3.9872,0.0000,0.0000,1.4257,0.0000,0.8840,0.2752,0.0000,''
0,0,0,0,0,0,44712,10913,48777,13758,11973,3566,0,4065,6138,5141,0,0,0,0,1226,0,0,0,100,0,0,0,0,0,595,0,0,0,0,0,0,0,0,0,0,0,0,0,603,66,0,0,0,13.2266,0.2678,0.3288,0.3077,0.6365,9.8742,2.9409,0.4907,3.3524,0.0000,0.0000,0.0000,0.0000,0.0000,1.0000,0.0000,0.0000,0.0000,4.2398,0.0000,0.0000,1.4696,0.0000,0.8772,0.2806,0.0000,''
0,0,0,0,0,0,45475,10935,49420,14932,12670,3472,0,3945,6609,5723,0,0,0,0,1232,0,0,0,115,0,0,0,0,0,754,0,0,0,0,0,0,0,0,0,0,0,0,0,566,56,0,0,0,13.6749,0.2786,0.3362,0.3284,0.6646,10.4280,2.8576,0.6206,3.2469,0.0000,0.0000,0.0000,0.0000,0.0000,1.0000,0.0000,0.0000,0.0000,4.7103,0.0000,0.0000,1.5194,0.0000,0.8801,0.2889,0.0000,''
0,0,0,0,0,0,45073,10910,49031,14362,12343,4080,0,3958,6670,5629,0,0,0,0,1232,0,0,0,106,0,0,0,0,0,673,0,0,0,0,0,0,0,0,0,0,0,0,0,560,41,0,0,0,13.4472,0.2738,0.3325,0.3186,0.6511,10.1821,3.3657,0.5552,3.2651,0.0000,0.0000,0.0000,0.0000,0.0000,1.0000,0.0000,0.0000,0.0000,4.6435,0.0000,0.0000,1.4941,0.0000,1.0308,0.2894,0.0000,''
0,0,0,0,0,0,46102,10947,49789,15937,13261,3850,0,3687,7025,6045,0,0,0,0,1236,0,0,0,109,0,0,0,0,0,892,0,0,0,0,0,0,0,0,0,0,0,0,0,534,52,0,0,0,13.9337,0.2876,0.3404,0.3457,0.6861,10.9024,3.1653,0.7334,3.0312,0.0000,0.0000,0.0000,0.0000,0.0000,1.0000,0.0000,0.0000,0.0000,4.9699,0.0000,0.0000,1.5482,0.0000,1.0442,0.2991,0.0000,''
0,0,0,0,0,0,45233,11025,49394,13886,12158,4045,0,4161,6355,5365,0,0,0,0,1236,0,0,0,102,0,0,0,0,0,576,0,0,0,0,0,0,0,0,0,0,0,0,0,577,49,0,0,0,13.3216,0.2688,0.3304,0.3070,0.6374,9.9249,3.3020,0.4702,3.3967,0.0000,0.0000,0.0000,0.0000,0.0000,1.0000,0.0000,0.0000,0.0000,4.3796,0.0000,0.0000,1.4802,0.0000,0.9721,0.2852,0.0000,''
0,0,0,0,0,0,44761,10960,48265,13360,11881,3863,0,3504,5537,4706,0,0,0,0,1236,0,0,0,94,0,0,0,0,0,493,0,0,0,0,0,0,0,0,0,0,0,0,0,611,85,0,0,0,12.6337,0.2654,0.3188,0.2985,0.6172,9.7563,3.1722,0.4048,2.8774,0.0000,0.0000,0.0000,0.0000,0.0000,1.0000,0.0000,0.0000,0.0000,3.8644,0.0000,0.0000,1.4037,0.0000,1.1025,0.2818,0.0000,''
0,0,0,0,0,0,45015,11002,49417,14130,12009,4012,0,4402,6436,5476,0,0,0,0,1230,0,0,0,102,0,0,0,0,0,707,0,0,0,0,0,0,0,0,0,0,0,0,0,573,59,0,0,0,13.4247,0.2668,0.3321,0.3139,0.6460,9.8238,3.2819,0.5783,3.6010,0.0000,0.0000,0.0000,0.0000,0.0000,1.0000,0.0000,0.0000,0.0000,4.4795,0.0000,0.0000,1.4916,0.0000,0.9114,0.2805,0.0000,''
0,0,0,0,0,0,45457,11120,48595,14050,12097,3846,0,3138,5680,4793,0,0,0,0,1236,0,0,0,91,0,0,0,0,0,651,0,0,0,0,0,0,0,0,0,0,0,0,0,552,62,0,0,0,12.3305,0.2661,0.3135,0.3091,0.6226,9.7907,3.1128,0.5269,2.5397,0.0000,0.0000,0.0000,0.0000,0.0000,1.0000,0.0000,0.0000,0.0000,3.8792,0.0000,0.0000,1.3701,0.0000,1.2256,0.2794,0.0000,''
0,0,0,0,0,0,44312,10892,48687,13457,11636,3909,0,4375,6080,5181,0,0,0,0,1216,0,0,0,123,0,0,0,0,0,607,0,0,0,0,0,0,0,0,0,0,0,0,0,518,56,0,0,0,13.2298,0.2626,0.3289,0.3037,0.6325,9.6148,3.2300,0.5016,3.6150,0.0000,0.0000,0.0000,0.0000,0.0000,1.0000,0.0000,0.0000,0.0000,4.2810,0.0000,0.0000,1.4700,0.0000,0.8935,0.2771,0.0000,''
0,0,0,0,0,0,44336,11002,47310,12710,11330,3528,0,2974,4908,4076,0,0,0,0,1236,0,0,0,99,0,0,0,0,0,460,0,0,0,0,0,0,0,0,0,0,0,0,0,595,113,0,0,0,11.7011,0.2555,0.3023,0.2867,0.5890,9.2683,2.8860,0.3763,2.4328,0.0000,0.0000,0.0000,0.0000,0.0000,1.0000,0.0000,0.0000,0.0000,3.3343,0.0000,0.0000,1.3001,0.0000,1.1863,0.2694,0.0000,''
0,0,0,0,0,0,44677,10903,49288,14032,11968,4285,0,4611,6305,5449,0,0,0,0,1230,0,0,0,100,0,0,0,0,0,688,0,0,0,0,0,0,0,0,0,0,0,0,0,548,66,0,0,0,13.6853,0.2679,0.3364,0.3141,0.6504,9.8791,3.5371,0.5679,3.8062,0.0000,0.0000,0.0000,0.0000,0.0000,1.0000,0.0000,0.0000,0.0000,4.4979,0.0000,0.0000,1.5206,0.0000,0.9293,0.2841,0.0000,''
0,0,0,0,0,0,44409,10803,47648,13968,12000,4144,0,3239,5695,4878,0,0,0,0,1216,0,0,0,129,0,0,0,0,0,656,0,0,0,0,0,0,0,0,0,0,0,0,0,513,76,0,0,0,12.6956,0.2702,0.3198,0.3145,0.6344,9.9972,3.4524,0.5465,2.6984,0.0000,0.0000,0.0000,0.0000,0.0000,1.0000,0.0000,0.0000,0.0000,4.0639,0.0000,0.0000,1.4106,0.0000,1.2794,0.2864,0.0000,''
0,0,0,0,0,0,44764,10911,49311,14020,12031,3942,0,4547,6220,5401,0,0,0,0,1222,0,0,0,101,0,0,0,0,0,663,0,0,0,0,0,0,0,0,0,0,0,0,0,559,70,0,0,0,13.6745,0.2688,0.3362,0.3132,0.6494,9.9238,3.2516,0.5469,3.7506,0.0000,0.0000,0.0000,0.0000,0.0000,1.0000,0.0000,0.0000,0.0000,4.4550,0.0000,0.0000,1.5194,0.0000,0.8669,0.2831,0.0000,''
0,0,0,0,0,0,44921,10964,48204,14015,12029,4074,0,3283,5806,4895,0,0,0,0,1234,0,0,0,107,0,0,0,0,0,662,0,0,0,0,0,0,0,0,0,0,0,0,0,534,81,0,0,0,12.5691,0.2678,0.3176,0.3120,0.6296,9.8742,3.3442,0.5434,2.6949,0.0000,0.0000,0.0000,0.0000,0.0000,1.0000,0.0000,0.0000,0.0000,4.0182,0.0000,0.0000,1.3966,0.0000,1.2409,0.2829,0.0000,''
0,0,0,0,0,0,45448,10931,50303,14929,12655,4033,0,4855,7009,6118,0,0,0,0,1236,0,0,0,102,0,0,0,0,0,758,0,0,0,0,0,0,0,0,0,0,0,0,0,585,55,0,0,0,14.4168,0.2785,0.3481,0.3285,0.6766,10.4194,3.3206,0.6241,3.9973,0.0000,0.0000,0.0000,0.0000,0.0000,1.0000,0.0000,0.0000,0.0000,5.0372,0.0000,0.0000,1.6019,0.0000,0.8307,0.2926,0.0000,''
0,0,0,0,0,0,45518,11108,49078,14012,12194,4200,0,3560,5837,4957,0,0,0,0,1240,0,0,0,136,0,0,0,0,0,606,0,0,0,0,0,0,0,0,0,0,0,0,0,490,67,0,0,0,12.7643,0.2679,0.3210,0.3078,0.6288,9.8799,3.4030,0.4910,2.8844,0.0000,0.0000,0.0000,0.0000,0.0000,1.0000,0.0000,0.0000,0.0000,4.0163,0.0000,0.0000,1.4183,0.0000,1.1798,0.2846,0.0000,''
0,0,0,0,0,0,45029,10951,49802,14594,12176,4443,0,4773,6503,5622,0,0,0,0,1244,0,0,0,113,0,0,0,0,0,806,0,0,0,0,0,0,0,0,0,0,0,0,0,555,59,0,0,0,13.9294,0.2704,0.3403,0.3241,0.6644,10.0068,3.6514,0.6624,3.9227,0.0000,0.0000,0.0000,0.0000,0.0000,1.0000,0.0000,0.0000,0.0000,4.6204,0.0000,0.0000,1.5477,0.0000,0.9309,0.2858,0.0000,''
0,0,0,0,0,0,44446,10952,48110,13462,11590,4552,0,3664,5567,4760,0,0,0,0,1234,0,0,0,102,0,0,0,0,0,624,0,0,0,0,0,0,0,0,0,0,0,0,0,559,81,0,0,0,12.5352,0.2608,0.3171,0.3029,0.6199,9.5243,3.7407,0.5128,3.0110,0.0000,0.0000,0.0000,0.0000,0.0000,1.0000,0.0000,0.0000,0.0000,3.9116,0.0000,0.0000,1.3928,0.0000,1.2424,0.2792,0.0000,''
0,0,0,0,0,0,44163,10743,49087,14526,11934,4255,0,4924,6581,5717,0,0,0,0,1226,0,0,0,95,0,0,0,0,0,864,0,0,0,0,0,0,0,0,0,0,0,0,0,570,47,0,0,0,14.1229,0.2702,0.3434,0.3289,0.6723,9.9978,3.5646,0.7238,4.1251,0.0000,0.0000,0.0000,0.0000,0.0000,1.0000,0.0000,0.0000,0.0000,4.7894,0.0000,0.0000,1.5692,0.0000,0.8641,0.2835,0.0000,''
0,0,0,0,0,0,44089,10911,47794,13189,11356,4087,0,3705,5388,4586,0,0,0,0,1220,0,0,0,115,0,0,0,0,0,611,0,0,0,0,0,0,0,0,0,0,0,0,0,520,83,0,0,0,12.4232,0.2576,0.3151,0.2991,0.6143,9.3671,3.3712,0.5040,3.0561,0.0000,0.0000,0.0000,0.0000,0.0000,1.0000,0.0000,0.0000,0.0000,3.7828,0.0000,0.0000,1.3804,0.0000,1.1031,0.2728,0.0000,''
0,0,0,0,0,0,44485,10873,49145,14254,11866,4320,0,4660,6404,5580,0,0,0,0,1230,0,0,0,121,0,0,0,0,0,796,0,0,0,0,0,0,0,0,0,0,0,0,0,512,55,0,0,0,13.6792,0.2667,0.3363,0.3204,0.6567,9.8219,3.5758,0.6589,3.8573,0.0000,0.0000,0.0000,0.0000,0.0000,1.0000,0.0000,0.0000,0.0000,4.6188,0.0000,0.0000,1.5199,0.0000,0.9270,0.2812,0.0000,''
0,0,0,0,0,0,44341,10946,48159,13450,11503,4198,0,3818,5472,4762,0,0,0,0,1232,0,0,0,129,0,0,0,0,0,649,0,0,0,0,0,0,0,0,0,0,0,0,0,515,78,0,0,0,12.5972,0.2594,0.3181,0.3033,0.6215,9.4580,3.4517,0.5336,3.1392,0.0000,0.0000,0.0000,0.0000,0.0000,1.0000,0.0000,0.0000,0.0000,3.9154,0.0000,0.0000,1.3997,0.0000,1.0995,0.2748,0.0000,''
0,0,0,0,0,0,44542,10956,49038,14323,11674,4729,0,4496,6147,5335,0,0,0,0,1238,0,0,0,121,0,0,0,0,0,883,0,0,0,0,0,0,0,0,0,0,0,0,0,551,61,0,0,0,13.2831,0.2621,0.3297,0.3216,0.6513,9.5898,3.8847,0.7254,3.6933,0.0000,0.0000,0.0000,0.0000,0.0000,1.0000,0.0000,0.0000,0.0000,4.3825,0.0000,0.0000,1.4759,0.0000,1.0518,0.2772,0.0000,''
0,0,0,0,0,0,44605,11092,48374,13393,11329,4327,0,3769,5421,4742,0,0,0,0,1234,0,0,0,115,0,0,0,0,0,688,0,0,0,0,0,0,0,0,0,0,0,0,0,544,82,0,0,0,12.2505,0.2540,0.3121,0.3003,0.6124,9.1923,3.5109,0.5582,3.0582,0.0000,0.0000,0.0000,0.0000,0.0000,1.0000,0.0000,0.0000,0.0000,3.8476,0.0000,0.0000,1.3612,0.0000,1.1480,0.2688,0.0000,''
0,0,0,0,0,0,44747,11085,49491,13694,11492,4425,0,4744,5902,5111,0,0,0,0,1244,0,0,0,111,0,0,0,0,0,734,0,0,0,0,0,0,0,0,0,0,0,0,0,569,71,0,0,0,13.1821,0.2568,0.3281,0.3060,0.6341,9.3304,3.5927,0.5959,3.8517,0.0000,0.0000,0.0000,0.0000,0.0000,1.0000,0.0000,0.0000,0.0000,4.1497,0.0000,0.0000,1.4647,0.0000,0.9328,0.2717,0.0000,''
0,0,0,0,0,0,44369,11109,48516,12833,11042,4411,0,4147,5266,4484,0,0,0,0,1244,0,0,0,109,0,0,0,0,0,597,0,0,0,0,0,0,0,0,0,0,0,0,0,516,93,0,0,0,12.3054,0.2489,0.3131,0.2892,0.6023,8.9457,3.5736,0.4837,3.3597,0.0000,0.0000,0.0000,0.0000,0.0000,1.0000,0.0000,0.0000,0.0000,3.6327,0.0000,0.0000,1.3673,0.0000,1.0637,0.2654,0.0000,''
0,0,0,0,0,0,43577,10931,47894,12383,10784,4139,0,4317,5211,4441,0,0,0,0,1222,0,0,0,100,0,0,0,0,0,533,0,0,0,0,0,0,0,0,0,0,0,0,0,587,90,0,0,0,12.4334,0.2475,0.3153,0.2842,0.5995,8.8790,3.4078,0.4388,3.5544,0.0000,0.0000,0.0000,0.0000,0.0000,1.0000,0.0000,0.0000,0.0000,3.6565,0.0000,0.0000,1.3815,0.0000,0.9588,0.2635,0.0000,''
0,0,0,0,0,0,43431,11015,47499,12000,10386,4195,0,4068,4784,4054,0,0,0,0,1226,0,0,0,99,0,0,0,0,0,538,0,0,0,0,0,0,0,0,0,0,0,0,0,541,92,0,0,0,11.8099,0.2391,0.3043,0.2763,0.5806,8.4861,3.4276,0.4396,3.3238,0.0000,0.0000,0.0000,0.0000,0.0000,1.0000,0.0000,0.0000,0.0000,3.3124,0.0000,0.0000,1.3122,0.0000,1.0312,0.2545,0.0000,''
0,0,0,0,0,0,44196,11225,48520,11940,10521,4503,0,4324,4796,4110,0,0,0,0,1234,0,0,0,136,0,0,0,0,0,473,0,0,0,0,0,0,0,0,0,0,0,0,0,544,102,0,0,0,11.9024,0.2381,0.3060,0.2702,0.5761,8.4355,3.6104,0.3792,3.4669,0.0000,0.0000,0.0000,0.0000,0.0000,1.0000,0.0000,0.0000,0.0000,3.2953,0.0000,0.0000,1.3225,0.0000,1.0414,0.2562,0.0000,''
0,0,0,0,0,0,44464,11173,48491,12241,10945,4062,0,4027,4898,4197,0,0,0,0,1242,0,0,0,117,0,0,0,0,0,432,0,0,0,0,0,0,0,0,0,0,0,0,0,551,105,0,0,0,12.0601,0.2462,0.3088,0.2753,0.5841,8.8163,3.2720,0.3480,3.2438,0.0000,0.0000,0.0000,0.0000,0.0000,1.0000,0.0000,0.0000,0.0000,3.3807,0.0000,0.0000,1.3400,0.0000,1.0087,0.2630,0.0000,''
0,0,0,0,0,0,44618,11168,48569,12491,11114,4244,0,3951,5058,4259,0,0,0,0,1238,0,0,0,115,0,0,0,0,0,459,0,0,0,0,0,0,0,0,0,0,0,0,0,561,87,0,0,0,12.1405,0.2491,0.3102,0.2800,0.5901,8.9565,3.4201,0.3699,3.1840,0.0000,0.0000,0.0000,0.0000,0.0000,1.0000,0.0000,0.0000,0.0000,3.4322,0.0000,0.0000,1.3489,0.0000,1.0742,0.2669,0.0000,''
0,0,0,0,0,0,44647,11152,48631,12916,11191,3939,0,3984,5295,4473,0,0,0,0,1246,0,0,0,108,0,0,0,0,0,575,0,0,0,0,0,0,0,0,0,0,0,0,0,562,96,0,0,0,12.2467,0.2507,0.3120,0.2893,0.6013,9.0315,3.1789,0.4640,3.2152,0.0000,0.0000,0.0000,0.0000,0.0000,1.0000,0.0000,0.0000,0.0000,3.6098,0.0000,0.0000,1.3607,0.0000,0.9887,0.2645,0.0000,''
0,0,0,0,0,0,43469,10945,47614,11924,10634,4186,0,4145,4774,4088,0,0,0,0,1224,0,0,0,95,0,0,0,0,0,430,0,0,0,0,0,0,0,0,0,0,0,0,0,625,110,0,0,0,12.1527,0.2446,0.3104,0.2743,0.5847,8.7443,3.4421,0.3536,3.4084,0.0000,0.0000,0.0000,0.0000,0.0000,1.0000,0.0000,0.0000,0.0000,3.3615,0.0000,0.0000,1.3503,0.0000,1.0099,0.2626,0.0000,''
0,0,0,0,0,0,44448,11035,48598,13074,11343,3864,0,4150,5512,4658,0,0,0,0,1236,0,0,0,123,0,0,0,0,0,577,0,0,0,0,0,0,0,0,0,0,0,0,0,515,83,0,0,0,12.6359,0.2552,0.3188,0.2941,0.6129,9.2512,3.1514,0.4706,3.3847,0.0000,0.0000,0.0000,0.0000,0.0000,1.0000,0.0000,0.0000,0.0000,3.7990,0.0000,0.0000,1.4040,0.0000,0.9311,0.2691,0.0000,''
0,0,0,0,0,0,43970,11059,48374,12752,10793,5228,0,4404,5037,4305,0,0,0,0,1242,0,0,0,108,0,0,0,0,0,653,0,0,0,0,0,0,0,0,0,0,0,0,0,561,106,0,0,0,12.3676,0.2455,0.3142,0.2900,0.6042,8.7835,4.2546,0.5314,3.5840,0.0000,0.0000,0.0000,0.0000,0.0000,1.0000,0.0000,0.0000,0.0000,3.5035,0.0000,0.0000,1.3742,0.0000,1.1871,0.2662,0.0000,''
0,0,0,0,0,0,44014,11084,48413,12448,10762,4474,0,4399,4916,4205,0,0,0,0,1242,0,0,0,119,0,0,0,0,0,562,0,0,0,0,0,0,0,0,0,0,0,0,0,491,103,0,0,0,12.3104,0.2445,0.3132,0.2828,0.5960,8.7385,3.6328,0.4563,3.5719,0.0000,0.0000,0.0000,0.0000,0.0000,1.0000,0.0000,0.0000,0.0000,3.4144,0.0000,0.0000,1.3678,0.0000,1.0170,0.2617,0.0000,''
0,0,0,0,0,0,43961,11074,48706,12776,10739,4633,0,4745,5161,4561,0,0,0,0,1246,0,0,0,154,0,0,0,0,0,679,0,0,0,0,0,0,0,0,0,0,0,0,0,503,100,0,0,0,12.5841,0.2443,0.3179,0.2906,0.6085,8.7277,3.7653,0.5518,3.8563,0.0000,0.0000,0.0000,0.0000,0.0000,1.0000,0.0000,0.0000,0.0000,3.7068,0.0000,0.0000,1.3982,0.0000,0.9764,0.2603,0.0000,''
0,0,0,0,0,0,44159,10965,48635,13922,11264,4529,0,4476,5666,4948,0,0,0,0,1240,0,0,0,136,0,0,0,0,0,886,0,0,0,0,0,0,0,0,0,0,0,0,0,458,84,0,0,0,12.9193,0.2551,0.3236,0.3153,0.6389,9.2454,3.7174,0.7272,3.6739,0.0000,0.0000,0.0000,0.0000,0.0000,1.0000,0.0000,0.0000,0.0000,4.0613,0.0000,0.0000,1.4355,0.0000,1.0118,0.2679,0.0000,''
0,0,0,0,0,0,44128,10973,49360,13339,11209,4306,0,5232,5841,5230,0,0,0,0,1236,0,0,0,172,0,0,0,0,0,710,0,0,0,0,0,0,0,0,0,0,0,0,0,444,75,0,0,0,13.4848,0.2540,0.3331,0.3023,0.6354,9.1936,3.5318,0.5823,4.2913,0.0000,0.0000,0.0000,0.0000,0.0000,1.0000,0.0000,0.0000,0.0000,4.2896,0.0000,0.0000,1.4983,0.0000,0.8230,0.2684,0.0000,''
0,0,0,0,0,0,43881,10953,48287,13557,11022,4729,0,4406,5487,4812,0,0,0,0,1238,0,0,0,142,0,0,0,0,0,845,0,0,0,0,0,0,0,0,0,0,0,0,0,453,73,0,0,0,12.6771,0.2512,0.3195,0.3089,0.6285,9.0567,3.8858,0.6943,3.6204,0.0000,0.0000,0.0000,0.0000,0.0000,1.0000,0.0000,0.0000,0.0000,3.9540,0.0000,0.0000,1.4086,0.0000,1.0733,0.2657,0.0000,''
0,0,0,0,0,0,43775,10938,49402,13268,10961,4369,0,5627,5776,5100,0,0,0,0,1236,0,0,0,136,0,0,0,0,0,769,0,0,0,0,0,0,0,0,0,0,0,0,0,507,88,0,0,0,13.6489,0.2504,0.3358,0.3031,0.6389,9.0189,3.5949,0.6327,4.6300,0.0000,0.0000,0.0000,0.0000,0.0000,1.0000,0.0000,0.0000,0.0000,4.1964,0.0000,0.0000,1.5165,0.0000,0.7764,0.2638,0.0000,''
0,0,0,0,0,0,44489,11094,48894,14012,11207,4587,0,4405,5650,4980,0,0,0,0,1244,0,0,0,109,0,0,0,0,0,935,0,0,0,0,0,0,0,0,0,0,0,0,0,472,89,0,0,0,12.6652,0.2519,0.3193,0.3150,0.6343,9.0917,3.7212,0.7585,3.5736,0.0000,0.0000,0.0000,0.0000,0.0000,1.0000,0.0000,0.0000,0.0000,4.0400,0.0000,0.0000,1.4072,0.0000,1.0413,0.2636,0.0000,''
0,0,0,0,0,0,44351,10959,49769,14393,11474,4558,0,5418,6253,5575,0,0,0,0,1240,0,0,0,154,0,0,0,0,0,973,0,0,0,0,0,0,0,0,0,0,0,0,0,500,62,0,0,0,13.8724,0.2587,0.3394,0.3245,0.6639,9.4229,3.7432,0.7991,4.4495,0.0000,0.0000,0.0000,0.0000,0.0000,1.0000,0.0000,0.0000,0.0000,4.5784,0.0000,0.0000,1.5414,0.0000,0.8413,0.2705,0.0000,''
0,0,0,0,0,0,44106,11007,48643,14385,11085,5007,0,4537,5760,5067,0,0,0,0,1236,0,0,0,135,0,0,0,0,0,1100,0,0,0,0,0,0,0,0,0,0,0,0,0,498,81,0,0,0,12.7735,0.2513,0.3212,0.3261,0.6473,9.0638,4.0940,0.8994,3.7097,0.0000,0.0000,0.0000,0.0000,0.0000,1.0000,0.0000,0.0000,0.0000,4.1431,0.0000,0.0000,1.4193,0.0000,1.1036,0.2628,0.0000,''
0,0,0,0,0,0,44262,11053,49151,13620,11103,4595,0,4889,5716,5062,0,0,0,0,1234,0,0,0,140,0,0,0,0,0,839,0,0,0,0,0,0,0,0,0,0,0,0,0,479,78,0,0,0,13.0216,0.2508,0.3254,0.3077,0.6331,9.0407,3.7415,0.6832,3.9809,0.0000,0.0000,0.0000,0.0000,0.0000,1.0000,0.0000,0.0000,0.0000,4.1218,0.0000,0.0000,1.4468,0.0000,0.9399,0.2643,0.0000,''
0,0,0,0,0,0,44538,11150,48900,14160,11088,4746,0,4362,5552,4906,0,0,0,0,1244,0,0,0,136,0,0,0,0,0,1024,0,0,0,0,0,0,0,0,0,0,0,0,0,459,96,0,0,0,12.4709,0.2490,0.3160,0.3179,0.6339,8.9500,3.8309,0.8265,3.5209,0.0000,0.0000,0.0000,0.0000,0.0000,1.0000,0.0000,0.0000,0.0000,3.9600,0.0000,0.0000,1.3857,0.0000,1.0880,0.2596,0.0000,''
0,0,0,0,0,0,44218,11176,48848,13072,10690,5154,0,4630,5191,4559,0,0,0,0,1242,0,0,0,160,0,0,0,0,0,794,0,0,0,0,0,0,0,0,0,0,0,0,0,505,99,0,0,0,12.3372,0.2418,0.3136,0.2956,0.6093,8.6086,4.1505,0.6394,3.7285,0.0000,0.0000,0.0000,0.0000,0.0000,1.0000,0.0000,0.0000,0.0000,3.6713,0.0000,0.0000,1.3708,0.0000,1.1132,0.2586,0.0000,''
0,0,0,0,0,0,43657,11025,47804,13303,10582,5240,0,4147,5158,4570,0,0,0,0,1236,0,0,0,146,0,0,0,0,0,907,0,0,0,0,0,0,0,0,0,0,0,0,0,444,94,0,0,0,12.0237,0.2424,0.3081,0.3047,0.6128,8.6384,4.2776,0.7404,3.3853,0.0000,0.0000,0.0000,0.0000,0.0000,1.0000,0.0000,0.0000,0.0000,3.7306,0.0000,0.0000,1.3360,0.0000,1.2636,0.2579,0.0000,''
0,0,0,0,0,0,44291,11058,48760,13754,11117,4911,0,4469,5512,4907,0,0,0,0,1236,0,0,0,185,0,0,0,0,0,879,0,0,0,0,0,0,0,0,0,0,0,0,0,434,96,0,0,0,12.6853,0.2510,0.3196,0.3105,0.6302,9.0480,3.9970,0.7154,3.6373,0.0000,0.0000,0.0000,0.0000,0.0000,1.0000,0.0000,0.0000,0.0000,3.9938,0.0000,0.0000,1.4095,0.0000,1.0989,0.2659,0.0000,''
0,0,0,0,0,0,44249,10969,48469,14933,11342,5307,0,4220,5914,5227,0,0,0,0,1244,0,0,0,162,0,0,0,0,0,1197,0,0,0,0,0,0,0,0,0,0,0,0,0,430,73,0,0,0,12.7685,0.2563,0.3211,0.3375,0.6585,9.3060,4.3544,0.9821,3.4625,0.0000,0.0000,0.0000,0.0000,0.0000,1.0000,0.0000,0.0000,0.0000,4.2887,0.0000,0.0000,1.4187,0.0000,1.2576,0.2688,0.0000,''
0,0,0,0,0,0,44075,11103,48694,13235,10766,5129,0,4619,5203,4592,0,0,0,0,1242,0,0,0,169,0,0,0,0,0,823,0,0,0,0,0,0,0,0,0,0,0,0,0,463,93,0,0,0,12.4710,0.2443,0.3160,0.3003,0.6162,8.7268,4.1575,0.6671,3.7441,0.0000,0.0000,0.0000,0.0000,0.0000,1.0000,0.0000,0.0000,0.0000,3.7222,0.0000,0.0000,1.3857,0.0000,1.1104,0.2608,0.0000,''
0,0,0,0,0,0,44199,11019,48613,14484,11142,5086,0,4414,5624,4986,0,0,0,0,1232,0,0,0,181,0,0,0,0,0,1114,0,0,0,0,0,0,0,0,0,0,0,0,0,377,83,0,0,0,12.7057,0.2521,0.3200,0.3277,0.6477,9.1005,4.1541,0.9099,3.6052,0.0000,0.0000,0.0000,0.0000,0.0000,1.0000,0.0000,0.0000,0.0000,4.0724,0.0000,0.0000,1.4117,0.0000,1.1522,0.2639,0.0000,''
0,0,0,0,0,0,43874,11024,48682,13685,10802,5405,0,4808,5491,4849,0,0,0,0,1236,0,0,0,196,0,0,0,0,0,961,0,0,0,0,0,0,0,0,0,0,0,0,0,363,108,0,0,0,12.7440,0.2462,0.3207,0.3119,0.6326,8.8188,4.4126,0.7846,3.9253,0.0000,0.0000,0.0000,0.0000,0.0000,1.0000,0.0000,0.0000,0.0000,3.9587,0.0000,0.0000,1.4160,0.0000,1.1242,0.2624,0.0000,''
0,0,0,0,0,0,43754,10982,47994,14597,10808,5419,0,4240,5578,4925,0,0,0,0,1232,0,0,0,160,0,0,0,0,0,1263,0,0,0,0,0,0,0,0,0,0,0,0,0,385,70,0,0,0,12.3322,0.2470,0.3135,0.3336,0.6472,8.8574,4.4410,1.0351,3.4748,0.0000,0.0000,0.0000,0.0000,0.0000,1.0000,0.0000,0.0000,0.0000,4.0362,0.0000,0.0000,1.3702,0.0000,1.2781,0.2575,0.0000,''
0,0,0,0,0,0,44027,11030,49046,14162,10937,5813,0,5019,5756,5099,0,0,0,0,1236,0,0,0,167,0,0,0,0,0,1075,0,0,0,0,0,0,0,0,0,0,0,0,0,398,70,0,0,0,13.0194,0.2484,0.3253,0.3217,0.6470,8.9241,4.7432,0.8772,4.0953,0.0000,0.0000,0.0000,0.0000,0.0000,1.0000,0.0000,0.0000,0.0000,4.1606,0.0000,0.0000,1.4466,0.0000,1.1582,0.2655,0.0000,''
0,0,0,0,0,0,43899,11061,47881,14373,10716,5694,0,3982,5275,4636,0,0,0,0,1242,0,0,0,200,0,0,0,0,0,1219,0,0,0,0,0,0,0,0,0,0,0,0,0,360,67,0,0,0,11.9593,0.2441,0.3070,0.3274,0.6344,8.7193,4.6330,0.9919,3.2400,0.0000,0.0000,0.0000,0.0000,0.0000,1.0000,0.0000,0.0000,0.0000,3.7722,0.0000,0.0000,1.3288,0.0000,1.4299,0.2568,0.0000,''
0,0,0,0,0,0,44072,11123,48381,13775,10703,5814,0,4309,5210,4683,0,0,0,0,1232,0,0,0,196,0,0,0,0,0,1024,0,0,0,0,0,0,0,0,0,0,0,0,0,354,78,0,0,0,12.1467,0.2429,0.3103,0.3126,0.6228,8.6602,4.7043,0.8286,3.4866,0.0000,0.0000,0.0000,0.0000,0.0000,1.0000,0.0000,0.0000,0.0000,3.7892,0.0000,0.0000,1.3496,0.0000,1.3493,0.2600,0.0000,''
0,0,0,0,0,0,44807,11215,48673,14696,11162,6150,0,3866,5426,4832,0,0,0,0,1238,0,0,0,195,0,0,0,0,0,1178,0,0,0,0,0,0,0,0,0,0,0,0,0,356,75,0,0,0,12.0599,0.2491,0.3088,0.3280,0.6367,8.9575,4.9354,0.9453,3.1025,0.0000,0.0000,0.0000,0.0000,0.0000,1.0000,0.0000,0.0000,0.0000,3.8777,0.0000,0.0000,1.3400,0.0000,1.5908,0.2664,0.0000,''
0,0,0,0,0,0,43658,11021,47720,13766,10595,6037,0,4062,5159,4616,0,0,0,0,1238,0,0,0,206,0,0,0,0,0,1057,0,0,0,0,0,0,0,0,0,0,0,0,0,387,81,0,0,0,11.9692,0.2427,0.3071,0.3153,0.6225,8.6521,4.9300,0.8632,3.3171,0.0000,0.0000,0.0000,0.0000,0.0000,1.0000,0.0000,0.0000,0.0000,3.7695,0.0000,0.0000,1.3299,0.0000,1.4862,0.2609,0.0000,''
0,0,0,0,0,0,44098,11024,48163,14575,11026,6192,0,4065,5419,4840,0,0,0,0,1232,0,0,0,198,0,0,0,0,0,1183,0,0,0,0,0,0,0,0,0,0,0,0,0,356,64,0,0,0,12.3203,0.2500,0.3133,0.3305,0.6438,9.0016,5.0552,0.9658,3.3187,0.0000,0.0000,0.0000,0.0000,0.0000,1.0000,0.0000,0.0000,0.0000,3.9514,0.0000,0.0000,1.3689,0.0000,1.5232,0.2680,0.0000,''
0,0,0,0,0,0,43774,11051,47984,13894,10621,6081,0,4210,5391,4741,0,0,0,0,1236,0,0,0,208,0,0,0,0,0,1091,0,0,0,0,0,0,0,0,0,0,0,0,0,366,86,0,0,0,12.0785,0.2426,0.3091,0.3174,0.6265,8.6498,4.9524,0.8885,3.4286,0.0000,0.0000,0.0000,0.0000,0.0000,1.0000,0.0000,0.0000,0.0000,3.8611,0.0000,0.0000,1.3421,0.0000,1.4444,0.2604,0.0000,''
0,0,0,0,0,0,44150,11045,48124,14492,11015,6525,0,3974,5462,4844,0,0,0,0,1240,0,0,0,171,0,0,0,0,0,1159,0,0,0,0,0,0,0,0,0,0,0,0,0,376,85,0,0,0,12.2138,0.2495,0.3115,0.3282,0.6397,8.9756,5.3169,0.9444,3.2382,0.0000,0.0000,0.0000,0.0000,0.0000,1.0000,0.0000,0.0000,0.0000,3.9471,0.0000,0.0000,1.3571,0.0000,1.6419,0.2703,0.0000,''
0,0,0,0,0,0,43932,11081,48379,13947,10689,5993,0,4447,5414,4769,0,0,0,0,1234,0,0,0,217,0,0,0,0,0,1086,0,0,0,0,0,0,0,0,0,0,0,0,0,312,75,0,0,0,12.2935,0.2433,0.3129,0.3175,0.6303,8.6816,4.8675,0.8821,3.6119,0.0000,0.0000,0.0000,0.0000,0.0000,1.0000,0.0000,0.0000,0.0000,3.8734,0.0000,0.0000,1.3659,0.0000,1.3477,0.2606,0.0000,''
0,0,0,0,0,0,44099,11118,48036,13871,10745,6824,0,3937,5250,4647,0,0,0,0,1238,0,0,0,213,0,0,0,0,0,1042,0,0,0,0,0,0,0,0,0,0,0,0,0,354,84,0,0,0,11.8851,0.2437,0.3056,0.3145,0.6202,8.6981,5.5240,0.8435,3.1870,0.0000,0.0000,0.0000,0.0000,0.0000,1.0000,0.0000,0.0000,0.0000,3.7617,0.0000,0.0000,1.3206,0.0000,1.7333,0.2678,0.0000,''
0,0,0,0,0,0,57309,14424,63211,18639,14037,8330,0,5902,7342,6449,0,0,0,0,1622,0,0,0,289,0,0,0,0,0,1534,0,0,0,0,0,0,0,0,0,0,0,0,0,417,100,0,0,0,12.4411,0.2449,0.3154,0.3252,0.6407,8.7585,5.1976,0.9572,3.6826,0.0000,0.0000,0.0000,0.0000,0.0000,1.0000,0.0000,0.0000,0.0000,4.0239,0.0000,0.0000,1.3823,0.0000,1.4114,0.2635,0.0000,''
0,0,0,0,0,0,44104,11025,48099,14617,11029,6622,0,3995,5600,4934,0,0,0,0,1238,0,0,0,212,0,0,0,0,0,1196,0,0,0,0,0,0,0,0,0,0,0,0,0,328,73,0,0,0,12.2645,0.2501,0.3124,0.3314,0.6438,9.0033,5.4057,0.9763,3.2612,0.0000,0.0000,0.0000,0.0000,0.0000,1.0000,0.0000,0.0000,0.0000,4.0278,0.0000,0.0000,1.3627,0.0000,1.6576,0.2710,0.0000,''
0,0,0,0,0,0,57604,14512,63275,18724,14068,8535,0,5671,7183,6399,0,0,0,0,1618,0,0,0,329,0,0,0,0,0,1552,0,0,0,0,0,0,0,0,0,0,0,0,0,386,104,0,0,0,12.2417,0.2442,0.3120,0.3250,0.6370,8.7246,5.2932,0.9625,3.5170,0.0000,0.0000,0.0000,0.0000,0.0000,1.0000,0.0000,0.0000,0.0000,3.9685,0.0000,0.0000,1.3602,0.0000,1.5050,0.2634,0.0000,''
0,0,0,0,0,0,57908,14485,63173,18800,14453,9032,0,5265,7278,6343,0,0,0,0,1624,0,0,0,289,0,0,0,0,0,1449,0,0,0,0,0,0,0,0,0,0,0,0,0,458,95,0,0,0,12.2514,0.2496,0.3121,0.3247,0.6368,8.9801,5.6119,0.9003,3.2713,0.0000,0.0000,0.0000,0.0000,0.0000,1.0000,0.0000,0.0000,0.0000,3.9411,0.0000,0.0000,1.3613,0.0000,1.7155,0.2742,0.0000,''
0,0,0,0,0,0,57259,14550,62290,18076,13609,9228,0,5031,6599,5867,0,0,0,0,1616,0,0,0,313,0,0,0,0,0,1489,0,0,0,0,0,0,0,0,0,0,0,0,0,406,121,0,0,0,11.5299,0.2377,0.2992,0.3157,0.6149,8.4179,5.7080,0.9210,3.1120,0.0000,0.0000,0.0000,0.0000,0.0000,1.0000,0.0000,0.0000,0.0000,3.6291,0.0000,0.0000,1.2811,0.0000,1.8342,0.2604,0.0000,''
0,0,0,0,0,0,57084,14550,61644,17079,13434,9545,0,4560,6181,5317,0,0,0,0,1622,0,0,0,276,0,0,0,0,0,1215,0,0,0,0,0,0,0,0,0,0,0,0,0,459,154,0,0,0,11.1303,0.2353,0.2919,0.2992,0.5911,8.3097,5.9041,0.7515,2.8206,0.0000,0.0000,0.0000,0.0000,0.0000,1.0000,0.0000,0.0000,0.0000,3.2889,0.0000,0.0000,1.2367,0.0000,2.0932,0.2638,0.0000,''
0,0,0,0,0,0,57467,14610,62694,18290,13637,9956,0,5227,6607,5886,0,0,0,0,1628,0,0,0,364,0,0,0,0,0,1551,0,0,0,0,0,0,0,0,0,0,0,0,0,349,134,0,0,0,11.6205,0.2373,0.3009,0.3183,0.6192,8.4006,6.1331,0.9554,3.2199,0.0000,0.0000,0.0000,0.0000,0.0000,1.0000,0.0000,0.0000,0.0000,3.6259,0.0000,0.0000,1.2912,0.0000,1.9047,0.2630,0.0000,''
0,0,0,0,0,0,57592,14520,61986,17665,14032,9256,0,4394,6517,5700,0,0,0,0,1624,0,0,0,304,0,0,0,0,0,1211,0,0,0,0,0,0,0,0,0,0,0,0,0,448,135,0,0,0,11.4211,0.2436,0.2973,0.3067,0.6040,8.6975,5.7372,0.7506,2.7236,0.0000,0.0000,0.0000,0.0000,0.0000,1.0000,0.0000,0.0000,0.0000,3.5331,0.0000,0.0000,1.2690,0.0000,2.1065,0.2721,0.0000,''
0,0,0,0,0,0,56763,14535,62069,17268,13158,9634,0,5306,6388,5586,0,0,0,0,1620,0,0,0,372,0,0,0,0,0,1370,0,0,0,0,0,0,0,0,0,0,0,0,0,323,117,0,0,0,11.4328,0.2318,0.2975,0.3042,0.6017,8.1474,5.9653,0.8483,3.2854,0.0000,0.0000,0.0000,0.0000,0.0000,1.0000,0.0000,0.0000,0.0000,3.4588,0.0000,0.0000,1.2703,0.0000,1.8157,0.2576,0.0000,''
0,0,0,0,0,0,57714,14640,62444,17748,13794,9649,0,4730,6558,5756,0,0,0,0,1626,0,0,0,306,0,0,0,0,0,1318,0,0,0,0,0,0,0,0,0,0,0,0,0,416,126,0,0,0,11.3877,0.2390,0.2966,0.3075,0.6042,8.4799,5.9318,0.8102,2.9078,0.0000,0.0000,0.0000,0.0000,0.0000,1.0000,0.0000,0.0000,0.0000,3.5385,0.0000,0.0000,1.2653,0.0000,2.0400,0.2669,0.0000,''
0,0,0,0,0,0,56472,14489,61399,17100,13005,9493,0,4927,6276,5528,0,0,0,0,1612,0,0,0,364,0,0,0,0,0,1365,0,0,0,0,0,0,0,0,0,0,0,0,0,334,118,0,0,0,11.1387,0.2303,0.2921,0.3028,0.5949,8.0782,5.8967,0.8479,3.0605,0.0000,0.0000,0.0000,0.0000,0.0000,1.0000,0.0000,0.0000,0.0000,3.4338,0.0000,0.0000,1.2376,0.0000,1.9267,0.2552,0.0000,''
0,0,0,0,0,0,57846,14548,62250,18336,14202,9312,0,4404,6624,5827,0,0,0,0,1618,0,0,0,303,0,0,0,0,0,1378,0,0,0,0,0,0,0,0,0,0,0,0,0,402,128,0,0,0,11.5104,0.2455,0.2989,0.3170,0.6159,8.7859,5.7608,0.8525,2.7245,0.0000,0.0000,0.0000,0.0000,0.0000,1.0000,0.0000,0.0000,0.0000,3.6048,0.0000,0.0000,1.2789,0.0000,2.1144,0.2719,0.0000,''
0,0,0,0,0,0,56560,14598,61553,16357,12766,9945,0,4993,5992,5240,0,0,0,0,1620,0,0,0,356,0,0,0,0,0,1197,0,0,0,0,0,0,0,0,0,0,0,0,0,365,153,0,0,0,10.9488,0.2257,0.2885,0.2892,0.5777,7.8705,6.1313,0.7380,3.0783,0.0000,0.0000,0.0000,0.0000,0.0000,1.0000,0.0000,0.0000,0.0000,3.2306,0.0000,0.0000,1.2165,0.0000,1.9918,0.2547,0.0000,''
0,0,0,0,0,0,57438,14580,62110,17004,13698,9468,0,4672,6218,5467,0,0,0,0,1620,0,0,0,291,0,0,0,0,0,1102,0,0,0,0,0,0,0,0,0,0,0,0,0,417,121,0,0,0,11.3395,0.2385,0.2958,0.2960,0.5918,8.4556,5.8444,0.6802,2.8840,0.0000,0.0000,0.0000,0.0000,0.0000,1.0000,0.0000,0.0000,0.0000,3.3747,0.0000,0.0000,1.2599,0.0000,2.0265,0.2688,0.0000,''
0,0,0,0,0,0,56009,14550,60890,15671,12359,9641,0,4881,5532,4814,0,0,0,0,1624,0,0,0,307,0,0,0,0,0,1104,0,0,0,0,0,0,0,0,0,0,0,0,0,426,154,0,0,0,10.6639,0.2207,0.2831,0.2798,0.5629,7.6447,5.9635,0.6829,3.0192,0.0000,0.0000,0.0000,0.0000,0.0000,1.0000,0.0000,0.0000,0.0000,2.9777,0.0000,0.0000,1.1849,0.0000,1.9752,0.2487,0.0000,''
0,0,0,0,0,0,57382,14677,61657,16024,13351,9502,0,4275,5577,4868,0,0,0,0,1626,0,0,0,290,0,0,0,0,0,891,0,0,0,0,0,0,0,0,0,0,0,0,0,471,185,0,0,0,10.8083,0.2327,0.2859,0.2793,0.5651,8.1869,5.8267,0.5464,2.6214,0.0000,0.0000,0.0000,0.0000,0.0000,1.0000,0.0000,0.0000,0.0000,2.9851,0.0000,0.0000,1.2009,0.0000,2.2227,0.2652,0.0000,''
0,0,0,0,0,0,68611,17497,75643,21067,16120,10845,0,7032,7960,7043,0,0,0,0,1946,0,0,0,389,0,0,0,0,0,1649,0,0,0,0,0,0,0,0,0,0,0,0,0,451,134,0,0,0,11.9088,0.2349,0.3061,0.3070,0.6131,8.2917,5.5784,0.8482,3.6171,0.0000,0.0000,0.0000,0.0000,0.0000,1.0000,0.0000,0.0000,0.0000,3.6227,0.0000,0.0000,1.3232,0.0000,1.5422,0.2579,0.0000,''
0,0,0,0,0,0,68613,17384,75010,20871,16461,11628,0,6397,7890,6944,0,0,0,0,1946,0,0,0,356,0,0,0,0,0,1470,0,0,0,0,0,0,0,0,0,0,0,0,0,531,166,0,0,0,11.8340,0.2399,0.3047,0.3042,0.6089,8.5221,6.0200,0.7610,3.3118,0.0000,0.0000,0.0000,0.0000,0.0000,1.0000,0.0000,0.0000,0.0000,3.5950,0.0000,0.0000,1.3149,0.0000,1.8177,0.2700,0.0000,''
0,0,0,0,0,0,68727,17441,75535,21642,16404,10957,0,6808,8109,7197,0,0,0,0,1946,0,0,0,467,0,0,0,0,0,1746,0,0,0,0,0,0,0,0,0,0,0,0,0,382,110,0,0,0,11.9780,0.2387,0.3073,0.3149,0.6222,8.4649,5.6541,0.9010,3.5131,0.0000,0.0000,0.0000,0.0000,0.0000,1.0000,0.0000,0.0000,0.0000,3.7138,0.0000,0.0000,1.3309,0.0000,1.6094,0.2616,0.0000,''
0,0,0,0,0,0,69369,17406,76288,22200,17151,11417,0,6919,8771,7826,0,0,0,0,1942,0,0,0,411,0,0,0,0,0,1683,0,0,0,0,0,0,0,0,0,0,0,0,0,470,124,0,0,0,12.4457,0.2472,0.3155,0.3200,0.6355,8.8681,5.9033,0.8702,3.5776,0.0000,0.0000,0.0000,0.0000,0.0000,1.0000,0.0000,0.0000,0.0000,4.0465,0.0000,0.0000,1.3829,0.0000,1.6501,0.2749,0.0000,''
0,0,0,0,0,0,67821,17288,74298,20409,15957,10414,0,6477,7472,6647,0,0,0,0,1932,0,0,0,360,0,0,0,0,0,1484,0,0,0,0,0,0,0,0,0,0,0,0,0,537,164,0,0,0,11.6790,0.2353,0.3019,0.3009,0.6029,8.3071,5.4214,0.7726,3.3719,0.0000,0.0000,0.0000,0.0000,0.0000,1.0000,0.0000,0.0000,0.0000,3.4604,0.0000,0.0000,1.2977,0.0000,1.6078,0.2588,0.0000,''
0,0,0,0,0,0,69006,17472,75065,20727,16590,10542,0,6059,7601,6726,0,0,0,0,1944,0,0,0,329,0,0,0,0,0,1379,0,0,0,0,0,0,0,0,0,0,0,0,0,546,151,0,0,0,11.6667,0.2404,0.3017,0.3004,0.6021,8.5457,5.4303,0.7103,3.1211,0.0000,0.0000,0.0000,0.0000,0.0000,1.0000,0.0000,0.0000,0.0000,3.4646,0.0000,0.0000,1.2963,0.0000,1.7399,0.2665,0.0000,''
0,0,0,0,0,0,64695,16648,70437,18276,14751,10174,0,5742,6441,5660,0,0,0,0,1858,0,0,0,372,0,0,0,0,0,1175,0,0,0,0,0,0,0,0,0,0,0,0,0,502,193,0,0,0,11.0786,0.2280,0.2909,0.2825,0.5734,7.9745,5.5001,0.6352,3.1042,0.0000,0.0000,0.0000,0.0000,0.0000,1.0000,0.0000,0.0000,0.0000,3.0598,0.0000,0.0000,1.2310,0.0000,1.7719,0.2545,0.0000,''
0,0,0,0,0,0,66059,16792,72044,19760,15683,10544,0,5985,7265,6440,0,0,0,0,1860,0,0,0,361,0,0,0,0,0,1359,0,0,0,0,0,0,0,0,0,0,0,0,0,507,164,0,0,0,11.6134,0.2374,0.3008,0.2991,0.5999,8.4056,5.6513,0.7284,3.2078,0.0000,0.0000,0.0000,0.0000,0.0000,1.0000,0.0000,0.0000,0.0000,3.4516,0.0000,0.0000,1.2904,0.0000,1.7617,0.2645,0.0000,''
0,0,0,0,0,0,69369,17392,76016,21849,17193,9851,0,6647,8314,7375,0,0,0,0,1944,0,0,0,390,0,0,0,0,0,1552,0,0,0,0,0,0,0,0,0,0,0,0,0,614,150,0,0,0,12.3367,0.2478,0.3136,0.3150,0.6286,8.8970,5.0977,0.8031,3.4397,0.0000,0.0000,0.0000,0.0000,0.0000,1.0000,0.0000,0.0000,0.0000,3.8164,0.0000,0.0000,1.3707,0.0000,1.4820,0.2698,0.0000,''
0,0,0,0,0,0,69251,17478,75704,21467,16817,10507,0,6453,8062,7106,0,0,0,0,1942,0,0,0,429,0,0,0,0,0,1550,0,0,0,0,0,0,0,0,0,0,0,0,0,447,143,0,0,0,11.9825,0.2428,0.3074,0.3100,0.6174,8.6596,5.4104,0.7981,3.3229,0.0000,0.0000,0.0000,0.0000,0.0000,1.0000,0.0000,0.0000,0.0000,3.6591,0.0000,0.0000,1.3314,0.0000,1.6282,0.2669,0.0000,''
0,0,0,0,0,0,69391,17443,75526,21169,17062,9524,0,6135,7976,7010,0,0,0,0,1946,0,0,0,260,0,0,0,0,0,1369,0,0,0,0,0,0,0,0,0,0,0,0,0,650,144,0,0,0,11.9689,0.2459,0.3071,0.3051,0.6122,8.8034,4.9141,0.7064,3.1655,0.0000,0.0000,0.0000,0.0000,0.0000,1.0000,0.0000,0.0000,0.0000,3.6169,0.0000,0.0000,1.3299,0.0000,1.5524,0.2683,0.0000,''
0,0,0,0,0,0,69377,17490,76205,20747,16907,9971,0,6828,8070,7029,0,0,0,0,1944,0,0,0,257,0,0,0,0,0,1280,0,0,0,0,0,0,0,0,0,0,0,0,0,439,142,0,0,0,12.2136,0.2437,0.3115,0.2990,0.6105,8.7000,5.1309,0.6587,3.5136,0.0000,0.0000,0.0000,0.0000,0.0000,1.0000,0.0000,0.0000,0.0000,3.6170,0.0000,0.0000,1.3571,0.0000,1.4603,0.2688,0.0000,''
0,0,0,0,0,0,68671,17270,75343,21256,16861,9487,0,6672,8281,7248,0,0,0,0,1926,0,0,0,319,0,0,0,0,0,1465,0,0,0,0,0,0,0,0,0,0,0,0,0,625,137,0,0,0,12.2639,0.2455,0.3123,0.3095,0.6219,8.7869,4.9440,0.7635,3.4770,0.0000,0.0000,0.0000,0.0000,0.0000,1.0000,0.0000,0.0000,0.0000,3.7772,0.0000,0.0000,1.3627,0.0000,1.4219,0.2667,0.0000,''
0,0,0,0,0,0,69343,17447,76073,20701,17002,9793,0,6730,8014,7019,0,0,0,0,1942,0,0,0,350,0,0,0,0,0,1233,0,0,0,0,0,0,0,0,0,0,0,0,0,427,129,0,0,0,12.2421,0.2452,0.3120,0.2985,0.6105,8.7704,5.0517,0.6360,3.4717,0.0000,0.0000,0.0000,0.0000,0.0000,1.0000,0.0000,0.0000,0.0000,3.6207,0.0000,0.0000,1.3602,0.0000,1.4551,0.2704,0.0000,''
0,0,0,0,0,0,69218,17466,75346,20186,16820,9143,0,6128,7753,6825,0,0,0,0,1934,0,0,0,321,0,0,0,0,0,1122,0,0,0,0,0,0,0,0,0,0,0,0,0,590,161,0,0,0,11.8248,0.2430,0.3046,0.2916,0.5962,8.6671,4.7113,0.5782,3.1577,0.0000,0.0000,0.0000,0.0000,0.0000,1.0000,0.0000,0.0000,0.0000,3.5168,0.0000,0.0000,1.3139,0.0000,1.4920,0.2663,0.0000,''
0,0,0,0,0,0,69140,17454,75403,20117,16778,9602,0,6263,7739,6789,0,0,0,0,1944,0,0,0,362,0,0,0,0,0,1113,0,0,0,0,0,0,0,0,0,0,0,0,0,449,164,0,0,0,11.8809,0.2427,0.3056,0.2910,0.5965,8.6514,4.9512,0.5739,3.2295,0.0000,0.0000,0.0000,0.0000,0.0000,1.0000,0.0000,0.0000,0.0000,3.5007,0.0000,0.0000,1.3201,0.0000,1.5331,0.2681,0.0000,''
0,0,0,0,0,0,81232,20220,88502,26611,20572,11234,0,7270,10247,9120,0,0,0,0,2262,0,0,0,416,0,0,0,0,0,2013,0,0,0,0,0,0,0,0,0,0,0,0,0,586,117,0,0,0,12.3926,0.2532,0.3146,0.3276,0.6422,9.1567,5.0003,0.8960,3.2359,0.0000,0.0000,0.0000,0.0000,0.0000,1.0000,0.0000,0.0000,0.0000,4.0593,0.0000,0.0000,1.3770,0.0000,1.5453,0.2730,0.0000,''
0,0,0,0,0,0,69998,17511,76485,22358,17465,10488,0,6487,8556,7605,0,0,0,0,1944,0,0,0,429,0,0,0,0,0,1631,0,0,0,0,0,0,0,0,0,0,0,0,0,321,121,0,0,0,12.3104,0.2495,0.3132,0.3194,0.6326,8.9764,5.3904,0.8383,3.3341,0.0000,0.0000,0.0000,0.0000,0.0000,1.0000,0.0000,0.0000,0.0000,3.9087,0.0000,0.0000,1.3678,0.0000,1.6168,0.2736,0.0000,''
0,0,0,0,0,0,80426,20158,87713,24992,19952,10153,0,7287,9509,8425,0,0,0,0,2262,0,0,0,390,0,0,0,0,0,1680,0,0,0,0,0,0,0,0,0,0,0,0,0,645,161,0,0,0,12.1615,0.2481,0.3105,0.3107,0.6213,8.9080,4.5330,0.7501,3.2534,0.0000,0.0000,0.0000,0.0000,0.0000,1.0000,0.0000,0.0000,0.0000,3.7615,0.0000,0.0000,1.3513,0.0000,1.3933,0.2664,0.0000,''
0,0,0,0,0,0,68543,17329,74822,20384,16556,9905,0,6279,7742,6882,0,0,0,0,1942,0,0,0,414,0,0,0,0,0,1276,0,0,0,0,0,0,0,0,0,0,0,0,0,389,144,0,0,0,11.8596,0.2415,0.3052,0.2974,0.6026,8.5985,5.1443,0.6627,3.2611,0.0000,0.0000,0.0000,0.0000,0.0000,1.0000,0.0000,0.0000,0.0000,3.5742,0.0000,0.0000,1.3177,0.0000,1.5775,0.2664,0.0000,''
0,0,0,0,0,0,80826,20048,88239,26700,20682,10115,0,7413,10527,9389,0,0,0,0,2256,0,0,0,417,0,0,0,0,0,2006,0,0,0,0,0,0,0,0,0,0,0,0,0,551,116,0,0,0,12.6125,0.2559,0.3184,0.3303,0.6487,9.2846,4.5409,0.9005,3.3279,0.0000,0.0000,0.0000,0.0000,0.0000,1.0000,0.0000,0.0000,0.0000,4.2149,0.0000,0.0000,1.4014,0.0000,1.3645,0.2718,0.0000,''
0,0,0,0,0,0,69495,17422,75683,21510,17229,9920,0,6188,8186,7221,0,0,0,0,1942,0,0,0,423,0,0,0,0,0,1427,0,0,0,0,0,0,0,0,0,0,0,0,0,362,121,0,0,0,12.0969,0.2479,0.3094,0.3095,0.6189,8.9003,5.1246,0.7372,3.1966,0.0000,0.0000,0.0000,0.0000,0.0000,1.0000,0.0000,0.0000,0.0000,3.7303,0.0000,0.0000,1.3441,0.0000,1.6031,0.2718,0.0000,''
0,0,0,0,0,0,81942,20328,89163,26490,20958,10363,0,7221,10201,9110,0,0,0,0,2264,0,0,0,457,0,0,0,0,0,1844,0,0,0,0,0,0,0,0,0,0,0,0,0,549,132,0,0,0,12.4759,0.2558,0.3160,0.3233,0.6393,9.2789,4.5881,0.8164,3.1970,0.0000,0.0000,0.0000,0.0000,0.0000,1.0000,0.0000,0.0000,0.0000,4.0334,0.0000,0.0000,1.3862,0.0000,1.4351,0.2741,0.0000,''
0,0,0,0,0,0,69764,17526,75733,20915,17186,9849,0,5969,7852,7015,0,0,0,0,1946,0,0,0,445,0,0,0,0,0,1243,0,0,0,0,0,0,0,0,0,0,0,0,0,307,132,0,0,0,11.8906,0.2463,0.3057,0.2998,0.6055,8.8254,5.0577,0.6383,3.0652,0.0000,0.0000,0.0000,0.0000,0.0000,1.0000,0.0000,0.0000,0.0000,3.6024,0.0000,0.0000,1.3212,0.0000,1.6500,0.2717,0.0000,''
0,0,0,0,0,0,53429,13457,58190,16242,13056,6905,0,4761,6112,5470,0,0,0,2,1500,0,0,0,304,0,0,0,0,0,1062,0,0,0,0,0,0,0,0,0,0,0,0,0,334,112,0,0,0,11.9154,0.2444,0.3062,0.3040,0.6102,8.7314,4.6178,0.7102,3.1840,0.0000,0.0000,0.0000,0.0000,0.0000,1.0000,0.0000,0.0000,0.0000,3.6581,0.0000,0.0000,1.3239,0.0000,1.4503,0.2638,0.0000,''
0,0,0,0,0,0,46043,11634,50150,13298,11141,6332,0,4107,5035,4512,0,0,0,0,1288,0,0,0,301,0,0,0,0,0,719,0,0,0,0,0,0,0,0,0,0,0,0,0,176,95,0,0,0,11.7958,0.2420,0.3040,0.2888,0.5929,8.6186,4.8984,0.5562,3.1772,0.0000,0.0000,0.0000,0.0000,0.0000,1.0000,0.0000,0.0000,0.0000,3.4905,0.0000,0.0000,1.3106,0.0000,1.5418,0.2673,0.0000,''
0,0,0,0,0,0,81565,20333,88903,26806,20566,10921,0,7338,10163,9203,0,0,0,0,2270,0,0,0,463,0,0,0,0,0,2080,0,0,0,0,0,0,0,0,0,0,0,0,0,445,121,0,0,0,12.3512,0.2521,0.3139,0.3286,0.6425,9.1031,4.8340,0.9207,3.2480,0.0000,0.0000,0.0000,0.0000,0.0000,1.0000,0.0000,0.0000,0.0000,4.0735,0.0000,0.0000,1.3724,0.0000,1.4883,0.2696,0.0000,''
0,0,0,0,0,0,69702,17539,75666,20982,17085,10300,0,5964,7947,7018,0,0,0,0,1944,0,0,0,469,0,0,0,0,0,1299,0,0,0,0,0,0,0,0,0,0,0,0,0,289,117,0,0,0,11.8274,0.2451,0.3046,0.3010,0.6056,8.7670,5.2854,0.6666,3.0604,0.0000,0.0000,0.0000,0.0000,0.0000,1.0000,0.0000,0.0000,0.0000,3.6012,0.0000,0.0000,1.3142,0.0000,1.7270,0.2717,0.0000,''
0,0,0,0,0,0,81490,20276,88584,26371,20662,10967,0,7094,10177,9146,0,0,0,0,2270,0,0,0,503,0,0,0,0,0,1903,0,0,0,0,0,0,0,0,0,0,0,0,0,469,133,0,0,0,12.3202,0.2536,0.3133,0.3236,0.6369,9.1713,4.8680,0.8447,3.1488,0.0000,0.0000,0.0000,0.0000,0.0000,1.0000,0.0000,0.0000,0.0000,4.0597,0.0000,0.0000,1.3689,0.0000,1.5460,0.2734,0.0000,''
0,0,0,0,0,0,69149,17456,75573,20975,16781,10749,0,6424,7993,7033,0,0,0,0,1948,0,0,0,474,0,0,0,0,0,1398,0,0,0,0,0,0,0,0,0,0,0,0,0,276,115,0,0,0,11.9641,0.2427,0.3071,0.3033,0.6104,8.6520,5.5420,0.7208,3.3121,0.0000,0.0000,0.0000,0.0000,0.0000,1.0000,0.0000,0.0000,0.0000,3.6261,0.0000,0.0000,1.3293,0.0000,1.6733,0.2699,0.0000,''
0,0,0,0,0,0,81370,20277,88541,26479,20539,11571,0,7171,10027,8995,0,0,0,0,2268,0,0,0,513,0,0,0,0,0,1980,0,0,0,0,0,0,0,0,0,0,0,0,0,398,124,0,0,0,12.2992,0.2524,0.3130,0.3254,0.6384,9.1163,5.1358,0.8788,3.1829,0.0000,0.0000,0.0000,0.0000,0.0000,1.0000,0.0000,0.0000,0.0000,3.9925,0.0000,0.0000,1.3666,0.0000,1.6136,0.2737,0.0000,''
0,0,0,0,0,0,69108,17422,75257,20676,16842,10929,0,6149,7894,6947,0,0,0,0,1942,0,0,0,480,0,0,0,0,0,1278,0,0,0,0,0,0,0,0,0,0,0,0,0,234,130,0,0,0,11.8769,0.2437,0.3055,0.2992,0.6047,8.7004,5.6458,0.6602,3.1765,0.0000,0.0000,0.0000,0.0000,0.0000,1.0000,0.0000,0.0000,0.0000,3.5887,0.0000,0.0000,1.3197,0.0000,1.7774,0.2735,0.0000,''
0,0,0,0,0,0,80725,20181,88190,26716,20182,11777,0,7465,10317,9302,0,0,0,0,2264,0,0,0,522,0,0,0,0,0,2178,0,0,0,0,0,0,0,0,0,0,0,0,0,360,108,0,0,0,12.3296,0.2500,0.3135,0.3310,0.6444,9.0004,5.2521,0.9713,3.3291,0.0000,0.0000,0.0000,0.0000,0.0000,1.0000,0.0000,0.0000,0.0000,4.1484,0.0000,0.0000,1.3700,0.0000,1.5776,0.2696,0.0000,''
0,0,0,0,0,0,69015,17473,75388,20868,16596,10674,0,6373,7899,6969,0,0,0,0,1942,0,0,0,455,0,0,0,0,0,1424,0,0,0,0,0,0,0,0,0,0,0,0,0,267,149,0,0,0,11.8309,0.2405,0.3047,0.3024,0.6070,8.5483,5.4980,0.7335,3.2826,0.0000,0.0000,0.0000,0.0000,0.0000,1.0000,0.0000,0.0000,0.0000,3.5896,0.0000,0.0000,1.3145,0.0000,1.6749,0.2666,0.0000,''
0,0,0,0,0,0,80828,20197,88495,27107,20237,13058,0,7667,10449,9369,0,0,0,0,2268,0,0,0,524,0,0,0,0,0,2290,0,0,0,0,0,0,0,0,0,0,0,0,0,355,123,0,0,0,12.4343,0.2504,0.3153,0.3354,0.6507,9.0178,5.8188,1.0204,3.4165,0.0000,0.0000,0.0000,0.0000,0.0000,1.0000,0.0000,0.0000,0.0000,4.1749,0.0000,0.0000,1.3816,0.0000,1.7031,0.2741,0.0000,''
0,0,0,0,0,0,69044,17467,75604,21212,16643,11648,0,6560,8096,7211,0,0,0,0,1938,0,0,0,480,0,0,0,0,0,1523,0,0,0,0,0,0,0,0,0,0,0,0,0,224,113,0,0,0,11.9555,0.2410,0.3069,0.3072,0.6141,8.5754,6.0017,0.7847,3.3801,0.0000,0.0000,0.0000,0.0000,0.0000,1.0000,0.0000,0.0000,0.0000,3.7155,0.0000,0.0000,1.3284,0.0000,1.7756,0.2706,0.0000,''
0,0,0,0,0,0,81193,20191,89005,28522,20620,13442,0,7812,11112,9998,0,0,0,0,2268,0,0,0,475,0,0,0,0,0,2634,0,0,0,0,0,0,0,0,0,0,0,0,0,372,114,0,0,0,12.6734,0.2540,0.3194,0.3513,0.6707,9.1912,5.9917,1.1741,3.4821,0.0000,0.0000,0.0000,0.0000,0.0000,1.0000,0.0000,0.0000,0.0000,4.4565,0.0000,0.0000,1.4082,0.0000,1.7207,0.2762,0.0000,''
0,0,0,0,0,0,69403,17376,75980,22747,17275,11657,0,6577,8771,7876,0,0,0,0,1942,0,0,0,496,0,0,0,0,0,1824,0,0,0,0,0,0,0,0,0,0,0,0,0,189,98,0,0,0,12.3543,0.2489,0.3139,0.3278,0.6417,8.9477,6.0378,0.9448,3.4066,0.0000,0.0000,0.0000,0.0000,0.0000,1.0000,0.0000,0.0000,0.0000,4.0794,0.0000,0.0000,1.3727,0.0000,1.7724,0.2763,0.0000,''
0,0,0,0,0,0,80516,20183,87707,25670,19967,12323,0,7191,9858,8893,0,0,0,0,2262,0,0,0,569,0,0,0,0,0,1901,0,0,0,0,0,0,0,0,0,0,0,0,0,352,139,0,0,0,12.1103,0.2480,0.3096,0.3188,0.6285,8.9037,5.4951,0.8477,3.2066,0.0000,0.0000,0.0000,0.0000,0.0000,1.0000,0.0000,0.0000,0.0000,3.9656,0.0000,0.0000,1.3456,0.0000,1.7137,0.2725,0.0000,''
0,0,0,0,0,0,68708,17477,74501,20114,16277,11032,0,5793,7522,6695,0,0,0,0,1938,0,0,0,480,0,0,0,0,0,1279,0,0,0,0,0,0,0,0,0,0,0,0,0,270,153,0,0,0,11.3652,0.2369,0.2962,0.2927,0.5890,8.3820,5.6811,0.6586,2.9832,0.0000,0.0000,0.0000,0.0000,0.0000,1.0000,0.0000,0.0000,0.0000,3.4477,0.0000,0.0000,1.2628,0.0000,1.9044,0.2659,0.0000,''
0,0,0,0,0,0,80609,20177,87886,25232,20078,12296,0,7277,9732,8707,0,0,0,0,2266,0,0,0,582,0,0,0,0,0,1718,0,0,0,0,0,0,0,0,0,0,0,0,0,265,145,0,0,0,12.2018,0.2491,0.3113,0.3130,0.6243,8.9558,5.4847,0.7663,3.2459,0.0000,0.0000,0.0000,0.0000,0.0000,1.0000,0.0000,0.0000,0.0000,3.8838,0.0000,0.0000,1.3558,0.0000,1.6897,0.2757,0.0000,''
0,0,0,0,0,0,68805,17530,75056,20310,16215,11354,0,6251,7673,6806,0,0,0,0,1946,0,0,0,487,0,0,0,0,0,1365,0,0,0,0,0,0,0,0,0,0,0,0,0,218,147,0,0,0,11.5342,0.2357,0.2993,0.2952,0.5945,8.3249,5.8292,0.7008,3.2093,0.0000,0.0000,0.0000,0.0000,0.0000,1.0000,0.0000,0.0000,0.0000,3.4942,0.0000,0.0000,1.2816,0.0000,1.8163,0.2648,0.0000,''
0,0,0,0,0,0,80434,20178,88065,25288,19900,12689,0,7631,9746,8754,0,0,0,0,2266,0,0,0,637,0,0,0,0,0,1796,0,0,0,0,0,0,0,0,0,0,0,0,0,229,144,0,0,0,12.2797,0.2474,0.3126,0.3144,0.6270,8.8760,5.6597,0.8011,3.4037,0.0000,0.0000,0.0000,0.0000,0.0000,1.0000,0.0000,0.0000,0.0000,3.9045,0.0000,0.0000,1.3644,0.0000,1.6628,0.2745,0.0000,''
0,0,0,0,0,0,69051,17378,75272,21480,16917,11164,0,6221,8173,7322,0,0,0,0,1944,0,0,0,476,0,0,0,0,0,1521,0,0,0,0,0,0,0,0,0,0,0,0,0,200,116,0,0,0,11.9831,0.2450,0.3074,0.3111,0.6185,8.7612,5.7818,0.7877,3.2218,0.0000,0.0000,0.0000,0.0000,0.0000,1.0000,0.0000,0.0000,0.0000,3.7920,0.0000,0.0000,1.3315,0.0000,1.7946,0.2731,0.0000,''
0,0,0,0,0,0,81326,20377,89056,26054,20195,12944,0,7730,10172,9270,0,0,0,0,2268,0,0,0,618,0,0,0,0,0,1953,0,0,0,0,0,0,0,0,0,0,0,0,0,216,150,0,0,0,12.3338,0.2483,0.3136,0.3204,0.6339,8.9196,5.7170,0.8626,3.4141,0.0000,0.0000,0.0000,0.0000,0.0000,1.0000,0.0000,0.0000,0.0000,4.0943,0.0000,0.0000,1.3704,0.0000,1.6745,0.2746,0.0000,''
0,0,0,0,0,0,68515,17384,74769,20653,16363,11446,0,6254,7955,7114,0,0,0,0,1940,0,0,0,514,0,0,0,0,0,1430,0,0,0,0,0,0,0,0,0,0,0,0,0,150,122,0,0,0,11.7092,0.2388,0.3025,0.3014,0.6039,8.4714,5.9258,0.7403,3.2378,0.0000,0.0000,0.0000,0.0000,0.0000,1.0000,0.0000,0.0000,0.0000,3.6830,0.0000,0.0000,1.3010,0.0000,1.8302,0.2684,0.0000,''
0,0,0,0,0,0,80981,20325,88685,25334,20006,12196,0,7704,9802,8898,0,0,0,0,2268,0,0,0,619,0,0,0,0,0,1776,0,0,0,0,0,0,0,0,0,0,0,0,0,242,141,0,0,0,12.2701,0.2470,0.3125,0.3128,0.6253,8.8587,5.4004,0.7864,3.4114,0.0000,0.0000,0.0000,0.0000,0.0000,1.0000,0.0000,0.0000,0.0000,3.9401,0.0000,0.0000,1.3633,0.0000,1.5831,0.2721,0.0000,''
0,0,0,0,0,0,69032,17498,75010,20324,16538,11342,0,5978,7539,6808,0,0,0,0,1944,0,0,0,490,0,0,0,0,0,1262,0,0,0,0,0,0,0,0,0,0,0,0,0,177,157,0,0,0,11.5810,0.2396,0.3002,0.2944,0.5946,8.5062,5.8337,0.6491,3.0748,0.0000,0.0000,0.0000,0.0000,0.0000,1.0000,0.0000,0.0000,0.0000,3.5017,0.0000,0.0000,1.2868,0.0000,1.8973,0.2707,0.0000,''
0,0,0,0,0,0,81312,20217,89318,26883,20661,12952,0,8006,10674,9706,0,0,0,0,2268,0,0,0,593,0,0,0,0,0,2074,0,0,0,0,0,0,0,0,0,0,0,0,0,209,110,0,0,0,12.7617,0.2541,0.3210,0.3306,0.6516,9.1977,5.7658,0.9233,3.5640,0.0000,0.0000,0.0000,0.0000,0.0000,1.0000,0.0000,0.0000,0.0000,4.3208,0.0000,0.0000,1.4180,0.0000,1.6178,0.2804,0.0000,''
0,0,0,0,0,0,81264,20279,88368,26295,20427,13358,0,7104,10190,9104,0,0,0,0,2270,0,0,0,599,0,0,0,0,0,1956,0,0,0,0,0,0,0,0,0,0,0,0,0,162,110,0,0,0,12.2185,0.2514,0.3115,0.3236,0.6351,9.0657,5.9284,0.8681,3.1528,0.0000,0.0000,0.0000,0.0000,0.0000,1.0000,0.0000,0.0000,0.0000,4.0404,0.0000,0.0000,1.3576,0.0000,1.8803,0.2801,0.0000,''
0,0,0,0,0,0,57727,14226,63665,20370,15048,9619,0,5938,8330,7584,0,0,0,1,1594,0,0,0,366,0,0,0,0,0,1774,0,0,0,0,0,0,0,0,0,0,0,0,0,153,39,0,0,0,13.2764,0.2607,0.3296,0.3529,0.6825,9.5198,6.0853,1.1223,3.7566,0.0000,0.0000,0.0000,0.0000,0.0000,1.0000,0.0000,0.0000,0.0000,4.7979,0.0000,0.0000,1.4752,0.0000,1.6199,0.2865,0.0000,''
0,0,0,0,0,0,57751,14352,62944,19291,14695,10147,0,5193,7422,6724,0,0,0,0,1606,0,0,0,411,0,0,0,0,0,1532,0,0,0,0,0,0,0,0,0,0,0,0,0,102,30,0,0,0,12.4716,0.2545,0.3160,0.3340,0.6500,9.2151,6.3631,0.9607,3.2565,0.0000,0.0000,0.0000,0.0000,0.0000,1.0000,0.0000,0.0000,0.0000,4.2166,0.0000,0.0000,1.3857,0.0000,1.9540,0.2857,0.0000,''
0,0,0,0,0,0,72708,17972,80280,25283,18791,12116,0,7572,10225,9410,0,0,0,1,2020,0,0,0,493,0,0,0,0,0,2164,0,0,0,0,0,0,0,0,0,0,0,0,0,151,90,0,0,0,13.2018,0.2584,0.3284,0.3477,0.6761,9.4100,6.0673,1.0837,3.7918,0.0000,0.0000,0.0000,0.0000,0.0000,1.0000,0.0000,0.0000,0.0000,4.7122,0.0000,0.0000,1.4669,0.0000,1.6001,0.2846,0.0000,''
0,0,0,0,0,0,72337,18051,79005,23935,18184,13309,0,6668,9329,8384,0,0,0,0,2014,0,0,0,513,0,0,0,0,0,1917,0,0,0,0,0,0,0,0,0,0,0,0,0,124,114,0,0,0,12.3909,0.2514,0.3146,0.3309,0.6454,9.0663,6.6357,0.9558,3.3246,0.0000,0.0000,0.0000,0.0000,0.0000,1.0000,0.0000,0.0000,0.0000,4.1802,0.0000,0.0000,1.3768,0.0000,1.9960,0.2848,0.0000,''
0,0,0,0,0,0,82723,20267,91315,30148,21922,14056,0,8592,12208,11260,0,0,0,0,2266,0,0,0,536,0,0,0,0,0,2742,0,0,0,0,0,0,0,0,0,0,0,0,0,163,82,0,0,0,13.5504,0.2650,0.3342,0.3644,0.6986,9.7349,6.2419,1.2176,3.8155,0.0000,0.0000,0.0000,0.0000,0.0000,1.0000,0.0000,0.0000,0.0000,5.0002,0.0000,0.0000,1.5056,0.0000,1.6359,0.2909,0.0000,''
0,0,0,0,0,0,81258,20286,88759,27058,20398,15252,0,7501,10623,9521,0,0,0,2,2268,0,0,0,580,0,0,0,0,0,2220,0,0,0,0,0,0,0,0,0,0,0,0,0,127,119,0,0,0,12.3771,0.2510,0.3143,0.3330,0.6473,9.0494,6.7664,0.9849,3.3278,0.0000,0.0000,0.0000,0.0000,0.0000,1.0000,0.0000,0.0000,0.0000,4.2239,0.0000,0.0000,1.3752,0.0000,2.0333,0.2850,0.0000,''
0,0,0,0,0,0,81860,20193,89718,28683,21279,14436,0,7858,11177,10254,0,0,0,2,2264,0,0,0,568,0,0,0,0,0,2468,0,0,0,0,0,0,0,0,0,0,0,0,0,123,98,0,0,0,12.9859,0.2599,0.3248,0.3504,0.6752,9.4837,6.4339,1.0999,3.5022,0.0000,0.0000,0.0000,0.0000,0.0000,1.0000,0.0000,0.0000,0.0000,4.5700,0.0000,0.0000,1.4429,0.0000,1.8371,0.2896,0.0000,''
0,0,0,0,0,0,80948,20252,88755,26706,20190,15497,0,7807,10427,9469,0,0,0,2,2268,0,0,0,571,0,0,0,0,0,2172,0,0,0,0,0,0,0,0,0,0,0,0,0,143,113,0,0,0,12.4415,0.2494,0.3154,0.3299,0.6454,8.9722,6.8866,0.9652,3.4693,0.0000,0.0000,0.0000,0.0000,0.0000,1.0000,0.0000,0.0000,0.0000,4.2079,0.0000,0.0000,1.3824,0.0000,1.9850,0.2847,0.0000,''
0,0,0,0,0,0,81786,20192,89490,28647,21210,14341,0,7704,11354,10441,0,0,0,0,2268,0,0,0,590,0,0,0,0,0,2479,0,0,0,0,0,0,0,0,0,0,0,0,0,141,105,0,0,0,12.8876,0.2593,0.3231,0.3503,0.6734,9.4537,6.3921,1.1049,3.4338,0.0000,0.0000,0.0000,0.0000,0.0000,1.0000,0.0000,0.0000,0.0000,4.6538,0.0000,0.0000,1.4320,0.0000,1.8615,0.2883,0.0000,''
0,0,0,0,0,0,92990,23237,101733,31034,23279,17552,0,8743,11943,10942,0,0,0,0,2596,0,0,0,675,0,0,0,0,0,2585,0,0,0,0,0,0,0,0,0,0,0,0,0,161,144,0,0,0,12.4025,0.2503,0.3148,0.3337,0.6485,9.0163,6.7981,1.0012,3.3863,0.0000,0.0000,0.0000,0.0000,0.0000,1.0000,0.0000,0.0000,0.0000,4.2380,0.0000,0.0000,1.3781,0.0000,2.0075,0.2841,0.0000,''
0,0,0,0,0,0,81751,20070,90047,29396,21539,13913,0,8296,11853,10834,0,0,0,2,2265,0,0,0,570,0,0,0,0,0,2619,0,0,0,0,0,0,0,0,0,0,0,0,0,108,100,0,0,0,13.3785,0.2635,0.3313,0.3596,0.6909,9.6584,6.2388,1.1744,3.7201,0.0000,0.0000,0.0000,0.0000,0.0000,1.0000,0.0000,0.0000,0.0000,4.8581,0.0000,0.0000,1.4865,0.0000,1.6771,0.2901,0.0000,''
0,0,0,0,0,0,93172,23128,102767,32515,23788,17206,0,9595,12838,11724,0,0,0,0,2591,0,0,0,647,0,0,0,0,0,2909,0,0,0,0,0,0,0,0,0,0,0,0,0,128,93,0,0,0,12.9906,0.2553,0.3248,0.3490,0.6738,9.2568,6.6955,1.1320,3.7338,0.0000,0.0000,0.0000,0.0000,0.0000,1.0000,0.0000,0.0000,0.0000,4.5623,0.0000,0.0000,1.4434,0.0000,1.7932,0.2858,0.0000,''
0,0,0,0,0,0,82045,20141,90435,29710,21622,14033,0,8390,11950,10992,0,0,0,0,2265,0,0,0,551,0,0,0,0,0,2696,0,0,0,0,0,0,0,0,0,0,0,0,0,107,92,0,0,0,13.4109,0.2635,0.3319,0.3621,0.6940,9.6618,6.2706,1.2047,3.7491,0.0000,0.0000,0.0000,0.0000,0.0000,1.0000,0.0000,0.0000,0.0000,4.9118,0.0000,0.0000,1.4901,0.0000,1.6726,0.2898,0.0000,''
0,0,0,0,0,0,92934,23103,102781,32615,23624,17323,0,9847,13021,11884,0,0,0,1,2593,0,0,0,627,0,0,0,0,0,2997,0,0,0,0,0,0,0,0,0,0,0,0,0,127,112,0,0,0,13.0388,0.2542,0.3257,0.3509,0.6766,9.2028,6.7482,1.1675,3.8359,0.0000,0.0000,0.0000,0.0000,0.0000,1.0000,0.0000,0.0000,0.0000,4.6295,0.0000,0.0000,1.4488,0.0000,1.7592,0.2841,0.0000,''
0,0,0,0,0,0,81481,20213,88750,28291,20842,14474,0,7269,11013,10047,0,0,0,0,2266,0,0,0,589,0,0,0,0,0,2483,0,0,0,0,0,0,0,0,0,0,0,0,0,103,91,0,0,0,12.5166,0.2558,0.3167,0.3472,0.6640,9.2801,6.4447,1.1056,3.2366,0.0000,0.0000,0.0000,0.0000,0.0000,1.0000,0.0000,0.0000,0.0000,4.4735,0.0000,0.0000,1.3907,0.0000,1.9912,0.2845,0.0000,''
0,0,0,0,0,0,92260,23074,100797,31962,23037,17930,0,8537,12186,11168,0,0,0,1,2592,0,0,0,621,0,0,0,0,0,2975,0,0,0,0,0,0,0,0,0,0,0,0,0,96,138,0,0,0,12.3152,0.2497,0.3132,0.3464,0.6597,8.9854,6.9935,1.1604,3.3298,0.0000,0.0000,0.0000,0.0000,0.0000,1.0000,0.0000,0.0000,0.0000,4.3560,0.0000,0.0000,1.3684,0.0000,2.1003,0.2812,0.0000,''
0,0,0,0,0,0,81084,20164,88374,27963,20592,14020,0,7290,10862,9988,0,0,0,0,2264,0,0,0,558,0,0,0,0,0,2457,0,0,0,0,0,0,0,0,0,0,0,0,0,115,122,0,0,0,12.4449,0.2540,0.3155,0.3449,0.6604,9.1910,6.2577,1.0967,3.2538,0.0000,0.0000,0.0000,0.0000,0.0000,1.0000,0.0000,0.0000,0.0000,4.4580,0.0000,0.0000,1.3828,0.0000,1.9232,0.2807,0.0000,''
0,0,0,0,0,0,91995,23105,100951,30486,22680,17374,0,8956,11546,10539,0,0,0,0,2588,0,0,0,666,0,0,0,0,0,2602,0,0,0,0,0,0,0,0,0,0,0,0,0,99,153,0,0,0,12.3230,0.2465,0.3134,0.3314,0.6448,8.8345,6.7676,1.0135,3.4886,0.0000,0.0000,0.0000,0.0000,0.0000,1.0000,0.0000,0.0000,0.0000,4.1052,0.0000,0.0000,1.3692,0.0000,1.9399,0.2788,0.0000,''
0,0,0,0,0,0,81580,20225,88691,28405,20905,13735,0,7111,11061,10167,0,0,0,0,2270,0,0,0,537,0,0,0,0,0,2500,0,0,0,0,0,0,0,0,0,0,0,0,0,110,109,0,0,0,12.4669,0.2563,0.3159,0.3482,0.6641,9.3026,6.1120,1.1125,3.1644,0.0000,0.0000,0.0000,0.0000,0.0000,1.0000,0.0000,0.0000,0.0000,4.5243,0.0000,0.0000,1.3852,0.0000,1.9315,0.2817,0.0000,''
0,0,0,0,0,0,92483,23110,101261,31273,23152,17066,0,8778,11917,10986,0,0,0,1,2590,0,0,0,661,0,0,0,0,0,2707,0,0,0,0,0,0,0,0,0,0,0,0,0,99,150,0,0,0,12.4347,0.2503,0.3153,0.3381,0.6535,9.0162,6.6461,1.0542,3.4185,0.0000,0.0000,0.0000,0.0000,0.0000,1.0000,0.0000,0.0000,0.0000,4.2783,0.0000,0.0000,1.3816,0.0000,1.9442,0.2812,0.0000,''
0,0,0,0,0,0,81895,20248,89415,28924,21151,14505,0,7520,11316,10416,0,0,0,0,2266,0,0,0,533,0,0,0,0,0,2591,0,0,0,0,0,0,0,0,0,0,0,0,0,79,115,0,0,0,12.7439,0.2583,0.3207,0.3532,0.6738,9.4014,6.4473,1.1517,3.3426,0.0000,0.0000,0.0000,0.0000,0.0000,1.0000,0.0000,0.0000,0.0000,4.6298,0.0000,0.0000,1.4160,0.0000,1.9289,0.2864,0.0000,''
0,0,0,0,0,0,92809,23146,101511,31951,23371,17323,0,8702,12060,11067,0,0,0,0,2590,0,0,0,697,0,0,0,0,0,2860,0,0,0,0,0,0,0,0,0,0,0,0,0,71,136,0,0,0,12.4711,0.2518,0.3160,0.3443,0.6602,9.0875,6.7358,1.1121,3.3837,0.0000,0.0000,0.0000,0.0000,0.0000,1.0000,0.0000,0.0000,0.0000,4.3032,0.0000,0.0000,1.3857,0.0000,1.9907,0.2824,0.0000,''
0,0,0,0,0,0,81251,20180,88019,27914,20711,13814,0,6768,10616,9755,0,0,0,0,2268,0,0,0,588,0,0,0,0,0,2401,0,0,0,0,0,0,0,0,0,0,0,0,0,85,113,0,0,0,12.2553,0.2549,0.3122,0.3436,0.6557,9.2368,6.1609,1.0708,3.0184,0.0000,0.0000,0.0000,0.0000,0.0000,1.0000,0.0000,0.0000,0.0000,4.3506,0.0000,0.0000,1.3617,0.0000,2.0411,0.2815,0.0000,''
0,0,0,0,0,0,92437,23052,100876,31128,23280,16830,0,8439,11709,10807,0,0,0,1,2594,0,0,0,666,0,0,0,0,0,2616,0,0,0,0,0,0,0,0,0,0,0,0,0,104,148,0,0,0,12.3836,0.2518,0.3144,0.3367,0.6512,9.0889,6.5707,1.0213,3.2947,0.0000,0.0000,0.0000,0.0000,0.0000,1.0000,0.0000,0.0000,0.0000,4.2192,0.0000,0.0000,1.3760,0.0000,1.9943,0.2831,0.0000,''
0,0,0,0,0,0,81690,20121,88818,28881,21327,14397,0,7128,11041,10188,0,0,0,0,2268,0,0,0,583,0,0,0,0,0,2518,0,0,0,0,0,0,0,0,0,0,0,0,0,66,124,0,0,0,12.7277,0.2611,0.3204,0.3535,0.6739,9.5394,6.4397,1.1263,3.1883,0.0000,0.0000,0.0000,0.0000,0.0000,1.0000,0.0000,0.0000,0.0000,4.5570,0.0000,0.0000,1.4142,0.0000,2.0198,0.2904,0.0000,''
0,0,0,0,0,0,93157,23137,101876,32350,23746,17258,0,8719,12558,11534,0,0,0,0,2590,0,0,0,618,0,0,0,0,0,2868,0,0,0,0,0,0,0,0,0,0,0,0,0,78,136,0,0,0,12.6285,0.2549,0.3187,0.3473,0.6659,9.2369,6.7131,1.1156,3.3916,0.0000,0.0000,0.0000,0.0000,0.0000,1.0000,0.0000,0.0000,0.0000,4.4866,0.0000,0.0000,1.4032,0.0000,1.9794,0.2859,0.0000,''
0,0,0,0,0,0,81582,20178,89021,27815,21047,14890,0,7439,10934,10099,0,0,0,1,2268,0,0,0,554,0,0,0,0,0,2256,0,0,0,0,0,0,0,0,0,0,0,0,0,64,115,0,0,0,12.7054,0.2580,0.3200,0.3409,0.6609,9.3874,6.6413,1.0062,3.3180,0.0000,0.0000,0.0000,0.0000,0.0000,1.0000,0.0000,0.0000,0.0000,4.5044,0.0000,0.0000,1.4117,0.0000,2.0016,0.2916,0.0000,''
0,0,0,0,0,0,93672,23247,102312,32033,23930,17299,0,8640,12388,11430,0,0,0,1,2594,0,0,0,644,0,0,0,0,0,2701,0,0,0,0,0,0,0,0,0,0,0,0,0,48,128,0,0,0,12.6092,0.2555,0.3183,0.3420,0.6603,9.2643,6.6972,1.0457,3.3449,0.0000,0.0000,0.0000,0.0000,0.0000,1.0000,0.0000,0.0000,0.0000,4.4250,0.0000,0.0000,1.4010,0.0000,2.0022,0.2882,0.0000,''
0,0,0,0,0,0,81324,20222,88794,27395,20657,14925,0,7470,10609,9767,0,0,0,1,2268,0,0,0,576,0,0,0,0,0,2246,0,0,0,0,0,0,0,0,0,0,0,0,0,75,128,0,0,0,12.5180,0.2540,0.3168,0.3369,0.6536,9.1934,6.6424,0.9996,3.3245,0.0000,0.0000,0.0000,0.0000,0.0000,1.0000,0.0000,0.0000,0.0000,4.3468,0.0000,0.0000,1.3909,0.0000,1.9980,0.2870,0.0000,''
0,0,0,0,0,0,92721,23135,101588,31211,23315,17959,0,8867,11976,11023,0,0,0,1,2588,0,0,0,608,0,0,0,0,0,2632,0,0,0,0,0,0,0,0,0,0,0,0,0,61,143,0,0,0,12.5193,0.2515,0.3168,0.3366,0.6534,9.0699,6.9863,1.0239,3.4494,0.0000,0.0000,0.0000,0.0000,0.0000,1.0000,0.0000,0.0000,0.0000,4.2881,0.0000,0.0000,1.3910,0.0000,2.0254,0.2867,0.0000,''
0,0,0,0,0,0,81238,20173,88830,28200,20718,15386,0,7592,10793,9978,0,0,0,1,2270,0,0,0,557,0,0,0,0,0,2494,0,0,0,0,0,0,0,0,0,0,0,0,0,76,123,0,0,0,12.6300,0.2550,0.3187,0.3471,0.6658,9.2430,6.8642,1.1127,3.3870,0.0000,0.0000,0.0000,0.0000,0.0000,1.0000,0.0000,0.0000,0.0000,4.4515,0.0000,0.0000,1.4033,0.0000,2.0266,0.2876,0.0000,''
0,0,0,0,0,0,92102,23098,101130,30450,22806,18205,0,9028,11626,10753,0,0,0,2,2590,0,0,0,645,0,0,0,0,0,2548,0,0,0,0,0,0,0,0,0,0,0,0,0,76,150,0,0,0,12.4036,0.2476,0.3148,0.3306,0.6454,8.8860,7.0933,0.9928,3.5176,0.0000,0.0000,0.0000,0.0000,0.0000,1.0000,0.0000,0.0000,0.0000,4.1897,0.0000,0.0000,1.3782,0.0000,2.0165,0.2839,0.0000,''
0,0,0,0,0,0,80597,20217,87867,26600,19946,15350,0,7270,10027,9295,0,0,0,0,2268,0,0,0,568,0,0,0,0,0,2218,0,0,0,0,0,0,0,0,0,0,0,0,0,93,127,0,0,0,12.1157,0.2475,0.3097,0.3300,0.6398,8.8794,6.8334,0.9874,3.2364,0.0000,0.0000,0.0000,0.0000,0.0000,1.0000,0.0000,0.0000,0.0000,4.1379,0.0000,0.0000,1.3462,0.0000,2.1114,0.2813,0.0000,''
0,0,0,0,0,0,91873,23088,100381,29793,22608,18956,0,8508,11281,10300,0,0,0,1,2592,0,0,0,636,0,0,0,0,0,2395,0,0,0,0,0,0,0,0,0,0,0,0,0,72,202,0,0,0,12.1292,0.2461,0.3100,0.3243,0.6343,8.8128,7.3892,0.9336,3.3165,0.0000,0.0000,0.0000,0.0000,0.0000,1.0000,0.0000,0.0000,0.0000,4.0150,0.0000,0.0000,1.3477,0.0000,2.2280,0.2866,0.0000,''
0,0,0,0,0,0,80769,20283,87718,26591,19919,15655,0,6949,10036,9189,0,0,0,1,2268,0,0,0,536,0,0,0,0,0,2224,0,0,0,0,0,0,0,0,0,0,0,0,0,93,149,0,0,0,11.9217,0.2466,0.3063,0.3292,0.6355,8.8383,6.9463,0.9868,3.0834,0.0000,0.0000,0.0000,0.0000,0.0000,1.0000,0.0000,0.0000,0.0000,4.0773,0.0000,0.0000,1.3246,0.0000,2.2528,0.2814,0.0000,''
0,0,0,0,0,0,92080,23244,100149,29332,22348,18833,0,8069,10772,9843,0,0,0,0,2590,0,0,0,707,0,0,0,0,0,2328,0,0,0,0,0,0,0,0,0,0,0,0,0,80,174,0,0,0,11.7774,0.2427,0.3037,0.3185,0.6223,8.6531,7.2921,0.9014,3.1243,0.0000,0.0000,0.0000,0.0000,0.0000,1.0000,0.0000,0.0000,0.0000,3.8112,0.0000,0.0000,1.3086,0.0000,2.3340,0.2823,0.0000,''
0,0,0,0,0,0,80563,20285,87378,27067,19708,16711,0,6815,9980,9195,0,0,0,0,2268,0,0,0,590,0,0,0,0,0,2453,0,0,0,0,0,0,0,0,0,0,0,0,0,69,142,0,0,0,11.7677,0.2446,0.3035,0.3360,0.6395,8.7440,7.4143,1.0883,3.0237,0.0000,0.0000,0.0000,0.0000,0.0000,1.0000,0.0000,0.0000,0.0000,4.0796,0.0000,0.0000,1.3075,0.0000,2.4521,0.2810,0.0000,''
0,0,0,0,0,0,91566,23070,99460,29798,22355,19715,0,7894,11037,10106,0,0,0,1,2592,0,0,0,671,0,0,0,0,0,2481,0,0,0,0,0,0,0,0,0,0,0,0,0,59,168,0,0,0,11.8005,0.2441,0.3041,0.3254,0.6296,8.7209,7.6910,0.9679,3.0795,0.0000,0.0000,0.0000,0.0000,0.0000,1.0000,0.0000,0.0000,0.0000,3.9425,0.0000,0.0000,1.3112,0.0000,2.4975,0.2865,0.0000,''
0,0,0,0,0,0,86730,21806,94151,28839,21312,18536,0,7421,10436,9662,0,0,0,0,2432,0,0,0,637,0,0,0,0,0,2509,0,0,0,0,0,0,0,0,0,0,0,0,0,64,158,0,0,0,11.8590,0.2457,0.3052,0.3325,0.6377,8.7961,7.6504,1.0355,3.0629,0.0000,0.0000,0.0000,0.0000,0.0000,1.0000,0.0000,0.0000,0.0000,3.9878,0.0000,0.0000,1.3177,0.0000,2.4978,0.2863,0.0000,''
0,0,0,0,0,0,86323,21847,93542,27237,20781,18174,0,7219,9819,9066,0,0,0,1,2430,0,0,0,629,0,0,0,0,0,2152,0,0,0,0,0,0,0,0,0,0,0,0,0,60,173,0,0,0,11.5346,0.2407,0.2993,0.3155,0.6149,8.5607,7.4868,0.8865,2.9739,0.0000,0.0000,0.0000,0.0000,0.0000,1.0000,0.0000,0.0000,0.0000,3.7347,0.0000,0.0000,1.2816,0.0000,2.5175,0.2823,0.0000,''
0,0,0,0,0,0,86358,21798,93375,27415,20962,18588,0,7017,10052,9239,0,0,0,2,2430,0,0,0,619,0,0,0,0,0,2151,0,0,0,0,0,0,0,0,0,0,0,0,0,61,173,0,0,0,11.5517,0.2427,0.2996,0.3175,0.6171,8.6546,7.6744,0.8881,2.8971,0.0000,0.0000,0.0000,0.0000,0.0000,1.0000,0.0000,0.0000,0.0000,3.8145,0.0000,0.0000,1.2835,0.0000,2.6490,0.2867,0.0000,''
0,0,0,0,0,0,86078,21815,93081,26738,20633,18853,0,7003,9709,8868,0,0,0,0,2430,0,0,0,645,0,0,0,0,0,2035,0,0,0,0,0,0,0,0,0,0,0,0,0,57,180,0,0,0,11.4015,0.2397,0.2969,0.3106,0.6075,8.5124,7.7780,0.8396,2.8892,0.0000,0.0000,0.0000,0.0000,0.0000,1.0000,0.0000,0.0000,0.0000,3.6586,0.0000,0.0000,1.2668,0.0000,2.6921,0.2853,0.0000,''
0,0,0,0,0,0,86098,21694,93059,28677,21015,18423,0,6961,10422,9655,0,0,0,1,2428,0,0,0,639,0,0,0,0,0,2554,0,0,0,0,0,0,0,0,0,0,0,0,0,66,158,0,0,0,11.6060,0.2441,0.3006,0.3331,0.6337,8.7182,7.6429,1.0595,2.8878,0.0000,0.0000,0.0000,0.0000,0.0000,1.0000,0.0000,0.0000,0.0000,4.0054,0.0000,0.0000,1.2896,0.0000,2.6466,0.2835,0.0000,''
0,0,0,0,0,0,86231,21713,93343,28156,21091,19023,0,7112,10225,9420,0,0,0,1,2430,0,0,0,653,0,0,0,0,0,2355,0,0,0,0,0,0,0,0,0,0,0,0,0,38,181,0,0,0,11.6899,0.2446,0.3021,0.3265,0.6287,8.7420,7.8849,0.9761,2.9479,0.0000,0.0000,0.0000,0.0000,0.0000,1.0000,0.0000,0.0000,0.0000,3.9045,0.0000,0.0000,1.2989,0.0000,2.6748,0.2889,0.0000,''
0,0,0,0,0,0,86126,21611,93406,30095,21293,19244,0,7280,10856,10089,0,0,0,0,2428,0,0,0,644,0,0,0,0,0,2934,0,0,0,0,0,0,0,0,0,0,0,0,0,44,122,0,0,0,11.8994,0.2472,0.3059,0.3494,0.6553,8.8676,8.0143,1.2219,3.0318,0.0000,0.0000,0.0000,0.0000,0.0000,1.0000,0.0000,0.0000,0.0000,4.2016,0.0000,0.0000,1.3222,0.0000,2.6434,0.2871,0.0000,''
0,0,0,0,0,0,86069,21695,93877,29011,20983,19738,0,7808,10888,10035,0,0,0,1,2428,0,0,0,632,0,0,0,0,0,2676,0,0,0,0,0,0,0,0,0,0,0,0,0,39,154,0,0,0,11.9435,0.2438,0.3067,0.3371,0.6438,8.7045,8.1880,1.1101,3.2390,0.0000,0.0000,0.0000,0.0000,0.0000,1.0000,0.0000,0.0000,0.0000,4.1629,0.0000,0.0000,1.3271,0.0000,2.5279,0.2876,0.0000,''
0,0,0,0,0,0,85982,21627,93703,30534,21099,19946,0,7721,11337,10494,0,0,0,2,2430,0,0,0,574,0,0,0,0,0,3145,0,0,0,0,0,0,0,0,0,0,0,0,0,32,126,0,0,0,11.9930,0.2454,0.3076,0.3551,0.6627,8.7800,8.3002,1.3087,3.2130,0.0000,0.0000,0.0000,0.0000,0.0000,1.0000,0.0000,0.0000,0.0000,4.3669,0.0000,0.0000,1.3326,0.0000,2.5833,0.2855,0.0000,''
0,0,0,0,0,0,85984,21622,94092,29996,21116,20158,0,8108,11245,10418,0,0,0,2,2430,0,0,0,605,0,0,0,0,0,2960,0,0,0,0,0,0,0,0,0,0,0,0,0,27,135,0,0,0,12.1639,0.2456,0.3106,0.3489,0.6594,8.7891,8.3904,1.2320,3.3748,0.0000,0.0000,0.0000,0.0000,0.0000,1.0000,0.0000,0.0000,0.0000,4.3363,0.0000,0.0000,1.3515,0.0000,2.4862,0.2888,0.0000,''
0,0,0,0,0,0,85738,21660,93404,29552,20756,20425,0,7666,11075,10266,0,0,0,2,2430,0,0,0,623,0,0,0,0,0,2932,0,0,0,0,0,0,0,0,0,0,0,0,0,25,143,0,0,0,11.8093,0.2421,0.3043,0.3447,0.6490,8.6241,8.4866,1.2182,3.1852,0.0000,0.0000,0.0000,0.0000,0.0000,1.0000,0.0000,0.0000,0.0000,4.2655,0.0000,0.0000,1.3121,0.0000,2.6644,0.2857,0.0000,''
0,0,0,0,0,0,85749,21828,93769,28223,20264,20782,0,8020,10555,9760,0,0,0,1,2432,0,0,0,621,0,0,0,0,0,2653,0,0,0,0,0,0,0,0,0,0,0,0,0,17,169,0,0,0,11.6617,0.2363,0.3016,0.3291,0.6308,8.3550,8.5686,1.0939,3.3067,0.0000,0.0000,0.0000,0.0000,0.0000,1.0000,0.0000,0.0000,0.0000,4.0241,0.0000,0.0000,1.2957,0.0000,2.5913,0.2826,0.0000,''
