team_id,year,league_id,level_id,split_id,ab,ip,bf,tb,ha,k,rs,bb,r,er,gb,fb,pi,ipf,g,gs,w,l,s,sa,da,sh,sf,ta,hra,bk,ci,iw,wp,hp,gf,dp,qs,svo,bs,ra,cg,sho,sb,cs,hld,r9,avg,obp,slg,ops,h9,k9,hr9,bb9,cgp,fip,qsp,winp,rsg,svp,bsvp,gfp,era,pig,ws,whip,gbfbp,kbb,babip
31,2019,150,1,1,933,242,1079,400,242,237,67,115,129,126,229,231,4104,2,27,27,11,16,8,161,41,8,8,3,37,0,0,14,9,15,26,22,12,13,5,76,1,2,18,3,13,13.7967,0.2594,0.3473,0.4287,0.7761,8.9753,8.7898,1.3723,4.2651,0.0370,0.0000,0.4444,0.4074,2.4815,0.6154,0.3846,0.3421,4.6731,136.8000,0.0000,1.4712,0.4978,2.0609,0.3073
32,2019,150,1,1,905,237,1065,365,227,218,92,118,125,119,228,248,4090,0,26,26,12,14,4,143,54,15,11,6,24,1,0,7,12,16,26,11,13,9,5,81,0,3,14,4,8,13.7089,0.2508,0.3438,0.4033,0.7471,8.6203,8.2785,0.9114,4.4810,0.0000,0.0000,0.5000,0.4615,3.5385,0.4444,0.5556,0.3210,4.5190,127.8125,0.0000,1.4557,0.4790,1.8475,0.3012
33,2019,150,1,1,947,240,1063,415,256,224,66,99,133,122,210,252,3977,1,27,27,10,17,5,168,50,1,8,5,33,0,0,3,12,8,27,30,2,9,4,86,0,1,18,4,12,13.5936,0.2703,0.3418,0.4382,0.7800,9.5867,8.3883,1.2358,3.7074,0.0000,4.7200,0.0741,0.3704,2.4444,0.5556,0.4444,0.3140,4.5687,147.2963,0.0000,1.4771,0.4545,2.2626,0.3195
34,2019,150,1,1,943,243,1047,412,254,252,113,76,119,107,216,220,3926,2,27,27,16,11,10,162,57,2,12,4,31,0,1,1,6,13,27,21,12,14,2,57,0,0,13,9,8,12.6689,0.2694,0.3285,0.4369,0.7654,9.3817,9.3078,1.1450,2.8071,0.0000,4.1699,0.4444,0.5926,4.1852,0.8333,0.1429,0.4737,3.9521,145.4074,0.0000,1.3543,0.4954,3.3158,0.3318
35,2019,150,1,1,875,221,980,387,233,226,66,90,133,118,224,184,3741,2,25,25,9,16,4,151,44,0,2,4,34,0,0,1,13,13,25,16,4,6,2,81,0,0,14,8,9,13.6421,0.2663,0.3429,0.4423,0.7851,9.4602,9.1759,1.3805,3.6541,0.0000,4.8362,0.1600,0.3600,2.6400,0.6667,0.3333,0.3086,4.7910,149.6400,0.0000,1.4571,0.5490,2.5111,0.3225
36,2019,150,1,1,829,225,935,295,185,187,75,82,92,87,235,231,3533,0,25,25,15,10,10,126,33,10,6,1,25,0,0,2,11,8,23,12,16,11,1,63,2,2,12,4,11,11.0000,0.2232,0.2973,0.3559,0.6531,7.4000,7.4800,1.0000,3.2800,0.0800,0.0000,0.6400,0.6000,3.0000,0.9091,0.0909,0.3651,3.4800,141.3200,0.0000,1.1867,0.5043,2.2805,0.2568
37,2019,150,1,1,894,238,984,319,198,218,90,70,99,94,250,226,3650,0,26,26,17,9,8,130,39,6,4,5,24,0,0,0,4,10,25,15,12,9,1,59,1,3,8,3,8,10.5126,0.2215,0.2843,0.3568,0.6411,7.4874,8.2437,0.9076,2.6471,0.0385,0.0000,0.4615,0.6538,3.4615,0.8889,0.1111,0.4237,3.5546,121.6667,0.0000,1.1261,0.5252,3.1143,0.2652
38,2019,150,1,1,836,211,916,359,230,215,76,61,106,93,188,202,3403,2,24,24,14,10,7,158,43,1,8,1,28,1,0,1,8,10,22,16,12,11,4,49,2,1,15,10,8,12.7984,0.2751,0.3290,0.4294,0.7584,9.7795,9.1417,1.1906,2.5937,0.0833,4.1812,0.5000,0.5833,3.1667,0.6364,0.3636,0.4490,3.9543,141.7917,0.0000,1.3748,0.4821,3.5246,0.3361
39,2019,150,1,1,922,238,1031,382,251,232,89,88,122,115,245,204,3911,1,27,27,17,10,7,180,37,8,5,8,26,0,0,9,10,8,27,21,17,7,0,61,0,3,11,10,5,13.1035,0.2722,0.3392,0.4143,0.7535,9.4783,8.7608,0.9818,3.3231,0.0000,0.0000,0.6296,0.6296,3.2963,1.0000,0.0000,0.4426,4.3427,139.6786,0.0000,1.4224,0.5457,2.6364,0.3363
40,2019,150,1,1,961,244,1080,432,261,241,93,96,149,141,226,239,3978,2,27,27,11,16,6,161,61,3,10,7,32,2,0,8,9,10,25,17,10,8,2,61,2,1,14,4,9,13.5000,0.2716,0.3408,0.4495,0.7903,9.6008,8.8651,1.1771,3.5313,0.0741,4.4328,0.3704,0.4074,3.4444,0.7500,0.2500,0.4098,5.1866,147.3333,0.0000,1.4591,0.4860,2.5104,0.3281
41,2019,150,1,1,929,245,1056,358,224,247,65,108,107,104,220,237,4043,1,26,26,12,14,6,142,55,5,3,2,25,2,0,3,8,11,26,19,12,9,3,72,0,3,9,5,8,12.5829,0.2411,0.3264,0.3854,0.7117,8.2174,9.0611,0.9171,3.9620,0.0000,0.0000,0.4615,0.4615,2.5000,0.6667,0.3333,0.3611,3.8152,134.7667,0.0000,1.3533,0.4814,2.2870,0.3015
42,2019,150,1,1,887,231,965,353,212,246,120,64,113,104,199,225,3645,0,26,26,16,10,6,133,46,0,3,4,29,1,0,0,11,11,25,17,12,10,4,57,1,0,19,4,4,11.1818,0.2390,0.2974,0.3980,0.6954,8.2597,9.5844,1.1299,2.4935,0.0385,3.9771,0.4615,0.6154,4.6154,0.6000,0.4000,0.4386,4.0519,140.1923,0.0000,1.1948,0.4693,3.8438,0.2976
43,2019,150,1,1,894,236,1010,364,221,226,64,89,133,117,201,248,3801,0,26,26,13,13,8,144,42,3,10,4,31,0,0,2,7,14,26,19,4,13,5,68,0,1,13,6,8,12.3559,0.2472,0.3217,0.4072,0.7289,8.4280,8.6186,1.1822,3.3941,0.0000,4.5772,0.1538,0.5000,2.4615,0.6154,0.3846,0.3824,4.4619,146.1923,0.0000,1.3136,0.4477,2.5393,0.2937
44,2019,150,1,1,934,247,1028,368,222,264,98,76,109,103,220,227,3860,2,28,28,17,11,11,149,33,1,5,7,33,0,1,1,12,11,28,15,14,15,3,60,0,4,19,9,11,11.2288,0.2377,0.3012,0.3940,0.6952,8.0673,9.5935,1.1992,2.7618,0.0000,4.1429,0.5000,0.6071,3.5000,0.7857,0.2000,0.4667,3.7429,137.8571,0.0000,1.2032,0.4922,3.4737,0.2944
45,2019,150,1,1,960,244,1087,414,268,243,82,94,141,132,243,215,4122,2,28,28,10,18,4,183,51,13,8,7,27,0,0,0,14,12,28,18,5,8,4,84,0,0,9,8,9,13.7575,0.2792,0.3482,0.4313,0.7795,9.8583,8.9387,0.9932,3.4578,0.0000,0.0000,0.1786,0.3571,2.9286,0.5000,0.5000,0.3333,4.8556,128.8125,0.0000,1.4796,0.5306,2.5851,0.3453
46,2019,150,1,1,909,233,1031,378,240,228,80,97,126,115,206,235,3951,0,27,27,14,13,5,161,47,6,10,5,27,0,0,12,8,9,27,16,7,10,5,87,0,1,11,8,19,13.3648,0.2640,0.3376,0.4158,0.7534,9.2704,8.8069,1.0429,3.7468,0.0000,0.0000,0.2593,0.5185,2.9630,0.5000,0.5000,0.3103,4.4421,136.2414,0.0000,1.4464,0.4671,2.3505,0.3208
47,2019,150,1,1,798,210,877,313,206,203,73,61,96,87,199,190,3394,2,24,24,11,13,6,154,24,5,6,1,27,0,0,2,6,7,23,32,14,8,2,47,1,2,10,2,7,11.7057,0.2581,0.3142,0.3922,0.7065,8.8006,8.6725,1.1535,2.6060,0.0417,4.1797,0.5833,0.4583,3.0417,0.7500,0.2500,0.4894,3.7168,141.4167,0.0000,1.2674,0.5116,3.3279,0.3118
48,2019,150,1,1,894,224,981,387,241,255,84,72,120,114,178,222,3717,0,25,25,16,9,11,162,43,3,7,5,31,0,0,1,9,5,24,9,12,12,1,62,1,1,15,5,9,12.7768,0.2696,0.3252,0.4329,0.7580,9.6830,10.2455,1.2455,2.8929,0.0400,4.0411,0.4800,0.6400,3.3600,0.9167,0.0833,0.3871,4.5804,148.6800,0.0000,1.3973,0.4450,3.5417,0.3415
49,2019,150,1,1,833,221,922,317,194,215,96,66,89,85,222,208,3387,0,25,25,14,11,6,123,43,3,8,4,24,0,0,2,11,12,21,12,16,8,2,47,4,3,8,2,4,11.0769,0.2329,0.2960,0.3806,0.6765,7.9005,8.7557,0.9774,2.6878,0.1600,0.0000,0.6400,0.5600,3.8400,0.7500,0.2500,0.4468,3.4615,125.4444,0.0000,1.1765,0.5163,3.2576,0.2824
50,2019,150,1,1,1035,258,1166,511,298,227,77,107,202,191,237,279,4389,0,29,29,12,17,5,181,65,1,13,8,44,1,0,0,8,10,29,21,6,6,1,73,0,2,23,5,1,14.4767,0.2879,0.3562,0.4937,0.8499,10.3953,7.9186,1.5349,3.7326,0.0000,5.3187,0.2069,0.4138,2.6552,0.8333,0.1667,0.3973,6.6628,151.3448,0.0000,1.5698,0.4593,2.1215,0.3269
51,2019,150,1,1,920,232,1040,415,248,242,93,93,140,127,232,203,3874,0,26,26,7,19,4,154,55,12,5,5,34,0,0,1,8,10,26,9,13,9,5,55,0,2,16,7,5,13.6164,0.2696,0.3414,0.4511,0.7925,9.6207,9.3879,1.3190,3.6078,0.0000,0.0000,0.5000,0.2692,3.5769,0.4444,0.5556,0.4727,4.9267,133.5862,0.0000,1.4698,0.5333,2.6022,0.3297
52,2019,150,1,1,899,230,992,373,243,231,75,71,121,115,217,216,3752,0,25,25,13,12,7,166,49,6,7,3,25,1,0,1,7,9,24,18,12,9,2,61,1,1,6,1,5,12.6391,0.2703,0.3276,0.4149,0.7425,9.5087,9.0391,0.9783,2.7783,0.0400,0.0000,0.4800,0.5200,3.0000,0.7778,0.2222,0.3934,4.5000,129.3793,0.0000,1.3652,0.5012,3.2535,0.3354
53,2019,150,1,1,907,237,1024,354,221,230,45,85,130,122,243,218,3894,1,26,26,9,17,9,143,48,13,5,5,25,2,0,2,10,14,26,12,9,13,4,82,0,2,6,5,14,12.1348,0.2437,0.3165,0.3903,0.7068,8.3806,8.7219,0.9480,3.2233,0.0000,0.0000,0.3462,0.3462,1.7308,0.6923,0.3077,0.3171,4.6264,134.2759,0.0000,1.2893,0.5271,2.7059,0.2983
54,2019,150,1,1,992,261,1116,394,245,221,91,101,119,112,259,273,4186,0,29,29,19,10,13,165,41,5,7,9,30,0,0,3,14,11,28,21,15,16,3,65,1,1,18,8,6,12.3103,0.2470,0.3213,0.3972,0.7185,8.4483,7.6207,1.0345,3.4828,0.0345,4.5545,0.5172,0.6552,3.1379,0.8125,0.1875,0.4308,3.8621,144.3448,0.0000,1.3257,0.4868,2.1881,0.2874
55,2019,150,1,1,859,227,955,330,211,195,76,76,85,83,205,249,3575,2,25,25,16,9,12,143,40,6,3,5,23,0,0,6,7,11,24,16,16,17,5,65,1,2,16,8,14,11.7804,0.2456,0.3140,0.3842,0.6982,8.3411,7.7086,0.9092,3.0044,0.0400,0.0000,0.6400,0.6400,3.0400,0.7059,0.2941,0.3692,3.2811,127.6786,0.0000,1.2606,0.4515,2.5658,0.2919
56,2019,150,1,1,853,217,966,393,231,209,71,89,125,118,196,223,3583,0,25,25,11,14,9,135,61,9,5,4,31,2,0,0,5,10,25,11,9,10,1,72,0,1,7,7,11,13.6866,0.2708,0.3448,0.4607,0.8056,9.5806,8.6682,1.2857,3.6912,0.0000,0.0000,0.3600,0.4400,2.8400,0.9000,0.1000,0.3472,4.8940,127.9643,0.0000,1.4747,0.4678,2.3483,0.3236
57,2019,150,1,1,898,235,997,345,216,267,88,79,101,95,210,207,3879,0,26,26,18,8,11,134,55,2,8,7,20,0,0,2,11,10,26,13,13,13,1,61,0,2,12,3,7,11.6809,0.2405,0.3065,0.3842,0.6907,8.2723,10.2255,0.7660,3.0255,0.0000,3.4456,0.5000,0.6923,3.3846,0.9167,0.0769,0.4262,3.6383,149.1923,0.0000,1.2553,0.5036,3.3797,0.3166
58,2019,150,1,1,924,233,1030,444,253,185,94,90,149,135,224,263,3867,2,26,26,9,17,3,155,48,2,7,7,43,1,0,3,13,7,26,24,11,8,5,62,0,0,16,2,3,13.4807,0.2738,0.3405,0.4805,0.8210,9.7447,7.1255,1.6562,3.4665,0.0000,5.5166,0.4231,0.3462,3.6154,0.3750,0.6250,0.4194,5.1997,148.7308,0.0000,1.4679,0.4600,2.0556,0.2987
59,2019,150,1,1,828,217,955,336,222,176,66,101,126,121,215,221,3550,2,25,25,10,15,6,151,48,3,13,3,20,0,0,2,16,10,24,25,6,8,2,64,1,1,13,5,5,13.7688,0.2681,0.3498,0.4058,0.7556,9.1792,7.2772,0.8270,4.1761,0.0400,4.5805,0.2400,0.4000,2.6400,0.7500,0.2500,0.3750,5.0031,142.0000,0.0000,1.4839,0.4931,1.7426,0.3132
60,2019,150,1,1,810,215,899,315,191,238,88,73,105,103,187,199,3480,2,24,24,12,12,4,122,40,4,4,3,26,0,0,0,9,8,24,16,13,7,3,68,0,0,14,2,4,11.3509,0.2358,0.3039,0.3889,0.6928,7.9706,9.9320,1.0850,3.0464,0.0000,0.0000,0.5417,0.5000,3.6667,0.5714,0.4286,0.3529,4.2983,139.2000,0.0000,1.2241,0.4845,3.2603,0.3000
85,0,0,0,0,0,0,0,0,0,0,0,0,0,0,0,0,0,0,0,0,0,0,0,0,0,0,0,0,0,0,0,0,0,0,0,0,0,0,0,0,0,0,0,0,0,0.0000,0.0000,0.0000,0.0000,0.0000,0.0000,0.0000,0.0000,0.0000,0.0000,0.0000,0.0000,0.0000,0.0000,0.0000,0.0000,0.0000,0.0000,0.0000,0.0000,0.0000,0.0000,0.0000,0.0000
86,0,0,0,0,0,0,0,0,0,0,0,0,0,0,0,0,0,0,0,0,0,0,0,0,0,0,0,0,0,0,0,0,0,0,0,0,0,0,0,0,0,0,0,0,0,0.0000,0.0000,0.0000,0.0000,0.0000,0.0000,0.0000,0.0000,0.0000,0.0000,0.0000,0.0000,0.0000,0.0000,0.0000,0.0000,0.0000,0.0000,0.0000,0.0000,0.0000,0.0000,0.0000,0.0000
157,2019,151,2,1,816,205,929,364,239,154,63,88,130,118,199,227,3387,0,23,23,8,15,7,167,43,10,3,5,24,3,0,1,12,12,23,24,4,15,6,64,0,1,19,6,8,14.8829,0.2929,0.3689,0.4461,0.8150,10.4927,6.7610,1.0537,3.8634,0.0000,0.0000,0.1739,0.3478,2.7391,0.5385,0.4000,0.3594,5.1805,125.4444,0.0000,1.5951,0.4671,1.7500,0.3354
158,2019,151,2,1,790,210,876,292,192,203,56,66,87,84,208,191,3255,0,23,23,15,8,7,135,33,5,6,5,19,1,0,0,12,9,23,17,3,10,3,64,0,3,5,6,10,11.4429,0.2430,0.3065,0.3696,0.6762,8.2286,8.7000,0.8143,2.8286,0.0000,0.0000,0.1304,0.6522,2.4348,0.7000,0.3000,0.3594,3.6000,125.1923,0.0000,1.2286,0.5213,3.0758,0.3014
159,2019,151,2,1,800,200,892,329,228,162,91,72,99,97,208,203,3402,0,22,22,12,10,5,167,39,4,3,4,18,1,1,0,10,12,22,19,2,9,3,60,0,2,13,2,8,14.0400,0.2850,0.3517,0.4113,0.7630,10.2600,7.2900,0.8100,3.2400,0.0000,0.0000,0.0909,0.5455,4.1364,0.6250,0.3333,0.3667,4.3650,141.7500,0.0000,1.5000,0.5061,2.2500,0.3371
160,2019,151,2,1,754,198,861,293,184,195,53,88,101,93,181,196,3175,1,22,22,9,13,3,121,38,6,2,4,21,0,0,13,7,11,22,13,9,5,2,50,0,0,10,6,5,12.8420,0.2440,0.3310,0.3886,0.7196,8.3496,8.8487,0.9529,3.9933,0.0000,0.0000,0.4091,0.4091,2.4091,0.6000,0.4000,0.4400,4.2202,127.0000,0.0000,1.3714,0.4801,2.2159,0.3019
161,2019,151,2,1,784,203,872,315,204,212,71,72,100,87,178,190,3387,2,23,23,11,12,5,137,43,4,6,4,20,0,0,0,5,6,23,16,3,12,7,75,0,0,15,10,12,12.4615,0.2602,0.3249,0.4018,0.7267,9.0147,9.3682,0.8838,3.1817,0.0000,0.0000,0.1304,0.4783,3.0870,0.4167,0.5833,0.3067,3.8445,130.2692,0.0000,1.3552,0.4837,2.9444,0.3297
162,2019,152,2,1,809,204,906,348,225,150,78,79,114,103,229,205,3385,0,23,23,12,11,10,153,45,4,7,3,24,1,1,6,8,6,23,16,5,17,7,79,0,1,7,6,23,13.6765,0.2781,0.3441,0.4302,0.7742,9.9265,6.6176,1.0588,3.4853,0.0000,0.0000,0.2174,0.5217,3.3913,0.5882,0.4118,0.2911,4.5441,120.8929,0.0000,1.4902,0.5276,1.8987,0.3131
163,2019,151,2,1,742,191,832,316,199,179,76,74,118,114,199,173,3147,0,22,22,12,10,7,131,39,5,8,9,20,1,0,0,7,3,22,16,5,10,3,55,0,0,14,5,9,13.0052,0.2682,0.3337,0.4259,0.7596,9.3770,8.4346,0.9424,3.4869,0.0000,0.0000,0.2273,0.5455,3.4545,0.7000,0.3000,0.4000,5.3717,125.8800,0.0000,1.4293,0.5349,2.4189,0.3249
164,2019,151,2,1,750,186,830,320,211,181,60,72,86,83,189,169,3110,0,21,21,13,8,7,146,41,1,3,4,20,0,0,2,15,4,20,12,6,12,5,56,1,0,10,2,8,13.8871,0.2813,0.3462,0.4267,0.7729,10.2097,8.7581,0.9677,3.4839,0.0476,0.0000,0.2857,0.6190,2.8571,0.5833,0.4167,0.3571,4.0161,129.5833,0.0000,1.5215,0.5279,2.5139,0.3460
165,2019,151,2,1,777,199,865,318,213,190,62,70,88,80,193,184,3271,0,22,22,15,7,10,158,25,6,6,10,20,0,0,0,9,6,22,18,6,15,5,64,0,1,10,6,14,13.0704,0.2741,0.3364,0.4093,0.7457,9.6332,8.5930,0.9045,3.1658,0.0000,0.0000,0.2727,0.6818,2.8182,0.6667,0.3333,0.3438,3.6181,130.8400,0.0000,1.4221,0.5119,2.7143,0.3368
166,2019,151,2,1,747,197,835,290,194,189,56,71,94,93,203,173,3096,0,22,22,11,11,6,139,33,8,5,3,19,0,0,4,5,4,22,13,10,8,2,58,0,2,11,3,5,12.2893,0.2597,0.3253,0.3882,0.7135,8.8629,8.6345,0.8680,3.2437,0.0000,0.0000,0.4545,0.5000,2.5455,0.7500,0.2500,0.3793,4.2487,129.0000,0.0000,1.3452,0.5399,2.6620,0.3217
167,2019,151,2,1,796,198,862,322,227,176,65,55,99,89,203,184,3125,0,22,22,12,10,6,166,42,3,2,4,15,0,0,0,14,6,22,20,6,9,3,55,0,2,10,5,5,13.0909,0.2852,0.3353,0.4045,0.7398,10.3182,8.0000,0.6818,2.5000,0.0000,0.0000,0.2727,0.5455,2.9545,0.6667,0.3333,0.4000,4.0455,130.2083,0.0000,1.4242,0.5245,3.2000,0.3493
168,2019,151,2,1,779,200,874,318,205,187,78,80,97,91,193,195,3300,1,22,22,14,8,9,141,36,4,6,7,21,1,0,5,11,5,22,19,9,10,1,53,0,0,11,6,9,13.0283,0.2632,0.3333,0.4082,0.7415,9.2097,8.4010,0.9434,3.5940,0.0000,0.0000,0.4091,0.6364,3.5455,0.9000,0.1000,0.4151,4.0882,137.5000,0.0000,1.4226,0.4974,2.3375,0.3189
169,2019,151,2,1,842,209,957,368,235,193,59,95,129,117,203,211,3545,0,23,23,12,11,7,149,59,5,7,7,20,1,0,1,8,8,22,9,6,14,7,81,1,2,14,7,5,14.5550,0.2791,0.3550,0.4371,0.7921,10.1196,8.3110,0.8612,4.0909,0.0435,0.0000,0.2609,0.5217,2.5652,0.5000,0.5000,0.2716,5.0383,136.3462,0.0000,1.5789,0.4903,2.0316,0.3381
170,2019,151,2,1,755,188,850,324,216,158,49,78,109,102,200,183,3160,1,21,21,3,18,3,159,29,4,8,5,23,0,0,10,6,5,21,12,3,9,6,55,0,0,7,6,7,14.2885,0.2861,0.3534,0.4291,0.7826,10.3221,7.5504,1.0991,3.7274,0.0000,0.0000,0.1429,0.1429,2.3333,0.3333,0.6667,0.3818,4.8743,137.3913,0.0000,1.5611,0.5222,2.0256,0.3316
171,2019,152,2,1,807,199,934,377,240,187,39,104,155,146,182,206,3615,0,23,23,7,16,3,164,43,6,8,5,28,3,0,2,8,9,23,13,4,8,5,83,0,2,10,4,8,15.9648,0.2974,0.3804,0.4672,0.8476,10.8543,8.4573,1.2663,4.7035,0.0000,0.0000,0.1739,0.3043,1.6957,0.3750,0.6250,0.2771,6.6030,144.6000,0.0000,1.7286,0.4691,1.7981,0.3533
172,2019,152,2,1,806,209,917,303,213,185,108,78,101,98,210,206,3441,0,23,23,16,7,6,152,43,9,7,7,11,2,1,3,12,16,23,15,6,13,7,63,0,1,14,6,6,13.2201,0.2643,0.3385,0.3759,0.7144,9.1722,7.9665,0.4737,3.3589,0.0000,0.0000,0.2609,0.6957,4.6957,0.4615,0.5385,0.3651,4.2201,137.6400,0.0000,1.3923,0.5048,2.3718,0.3274
173,2019,152,2,1,806,204,917,343,225,181,77,94,125,111,224,175,3489,0,23,23,14,9,8,158,39,6,6,5,23,1,0,9,4,5,23,23,9,10,2,64,0,0,12,6,11,14.2941,0.2792,0.3557,0.4256,0.7812,9.9265,7.9853,1.0147,4.1471,0.0000,0.0000,0.3913,0.6087,3.3478,0.8000,0.2000,0.3594,4.8971,139.5600,0.0000,1.5637,0.5614,1.9255,0.3322
174,2019,152,2,1,821,207,929,337,227,171,69,81,123,112,197,231,3504,0,23,23,12,11,8,154,52,6,8,5,16,1,1,0,4,12,23,16,8,9,0,67,0,0,19,5,10,13.9130,0.2765,0.3471,0.4105,0.7575,9.8696,7.4348,0.6957,3.5217,0.0000,0.0000,0.3478,0.5217,3.0000,1.0000,0.0000,0.3433,4.8696,146.0000,0.0000,1.4879,0.4603,2.1111,0.3287
175,2019,152,2,1,839,208,920,351,238,160,77,56,116,107,227,213,3287,1,23,23,9,14,2,169,45,7,4,4,20,0,1,1,4,13,23,11,9,6,4,57,0,1,10,5,5,13.2624,0.2837,0.3366,0.4184,0.7550,10.2816,6.9120,0.8640,2.4192,0.0000,0.0000,0.3913,0.3913,3.3478,0.3333,0.6667,0.4035,4.6224,131.4800,0.0000,1.4112,0.5159,2.8571,0.3288
176,2019,151,2,1,804,194,878,337,239,191,48,63,120,112,177,193,3227,1,22,22,8,14,6,183,35,1,5,0,21,1,0,4,13,5,22,14,5,9,2,64,0,0,13,1,7,14.2178,0.2973,0.3501,0.4192,0.7692,11.0686,8.8456,0.9726,2.9177,0.0000,0.0000,0.2273,0.3636,2.1818,0.7500,0.2222,0.3438,5.1870,134.4583,0.0000,1.5540,0.4784,3.0317,0.3652
177,2019,152,2,1,821,207,953,357,238,210,60,106,129,123,187,195,3683,0,23,23,9,14,7,166,46,9,8,5,21,1,0,2,11,9,23,20,5,9,2,72,0,1,18,5,8,15.3478,0.2899,0.3739,0.4348,0.8088,10.3478,9.1304,0.9130,4.6087,0.0000,0.0000,0.2174,0.3913,2.6087,0.7778,0.2222,0.3194,5.3478,136.4074,0.0000,1.6618,0.4895,1.9811,0.3629
178,2019,152,2,1,803,204,895,334,211,196,91,72,114,102,200,195,3379,1,23,23,14,9,7,140,43,3,7,4,24,0,0,0,5,10,23,13,4,13,5,53,0,2,13,5,5,12.9054,0.2628,0.3285,0.4159,0.7444,9.2936,8.6330,1.0571,3.1713,0.0000,0.0000,0.1739,0.6087,3.9565,0.5833,0.3846,0.4340,4.4927,129.9615,0.0000,1.3850,0.5063,2.7222,0.3169
179,2019,152,2,1,854,206,945,410,264,170,59,74,126,122,205,218,3617,0,23,23,11,12,5,178,54,3,8,4,28,0,0,0,15,6,23,16,5,5,0,103,0,0,13,5,10,15.0291,0.3091,0.3652,0.4801,0.8453,11.5340,7.4272,1.2233,3.2330,0.0000,0.0000,0.2174,0.4783,2.5652,1.0000,0.0000,0.2233,5.3301,129.1786,0.0000,1.6408,0.4846,2.2973,0.3554
180,2019,152,2,1,825,207,938,360,224,211,81,95,131,116,191,198,3608,0,23,23,11,12,4,146,47,5,7,4,27,2,0,0,8,6,23,15,5,11,7,58,0,1,17,5,1,14.1304,0.2715,0.3483,0.4364,0.7847,9.7391,9.1739,1.1739,4.1304,0.0000,0.0000,0.2174,0.4783,3.5217,0.3636,0.6364,0.3966,5.0435,138.7692,0.0000,1.5411,0.4910,2.2211,0.3316
181,2019,152,2,1,859,203,959,422,256,185,76,87,159,145,184,228,3583,2,23,23,7,16,4,165,51,2,5,5,35,1,0,3,13,6,23,7,8,9,4,68,0,0,16,3,6,15.4223,0.2980,0.3647,0.4913,0.8560,11.3126,8.1751,1.5466,3.8445,0.0000,0.0000,0.3478,0.3043,3.3043,0.5000,0.4444,0.3382,6.4075,149.2917,0.0000,1.6841,0.4466,2.1264,0.3432
182,2019,152,2,1,867,211,964,413,263,171,70,76,144,139,216,220,3501,0,23,23,11,12,7,174,54,5,8,9,26,1,0,1,6,8,23,16,4,10,3,74,0,0,16,7,7,14.8009,0.3033,0.3618,0.4764,0.8382,11.2180,7.2938,1.1090,3.2417,0.0000,0.0000,0.1739,0.4783,3.0435,0.7000,0.3000,0.3108,5.9289,140.0400,0.0000,1.6066,0.4954,2.2500,0.3496
183,2019,152,2,1,810,208,900,345,213,183,65,74,106,101,218,200,3255,0,23,23,13,10,4,140,41,7,3,5,27,0,0,10,6,6,23,15,11,6,2,53,0,0,12,6,8,12.6779,0.2630,0.3281,0.4259,0.7540,9.2163,7.9183,1.1683,3.2019,0.0000,0.0000,0.4783,0.5652,2.8261,0.6667,0.3333,0.4340,4.3702,135.6250,0.0000,1.3798,0.5215,2.4730,0.3085
184,2019,152,2,1,871,206,990,414,281,181,87,95,161,149,205,205,3797,1,23,23,10,13,5,200,52,3,11,6,23,0,0,1,14,10,23,21,2,11,6,79,0,1,11,2,3,16.8368,0.3226,0.3911,0.4753,0.8664,12.2569,7.8950,1.0032,4.1438,0.0000,0.0000,0.0870,0.4348,3.7826,0.4545,0.5455,0.2911,6.4992,140.6296,0.0000,1.8223,0.5000,1.9053,0.3805
185,2019,152,2,1,832,212,950,341,213,213,76,102,116,106,198,208,3621,2,23,23,15,8,7,137,47,3,5,6,23,0,0,0,14,8,23,11,3,11,4,69,0,1,15,4,10,13.6693,0.2560,0.3411,0.4099,0.7509,9.0141,9.0141,0.9734,4.3166,0.0000,0.0000,0.1304,0.6522,3.3043,0.6364,0.3636,0.3333,4.4859,144.8400,0.0000,1.4812,0.4877,2.0882,0.3161
186,2019,152,2,1,814,207,913,352,219,194,102,73,119,109,218,190,3331,2,23,23,13,10,5,152,31,7,10,6,30,1,0,2,4,9,23,10,5,13,7,67,0,0,17,5,9,13.0449,0.2690,0.3322,0.4324,0.7647,9.4912,8.4077,1.3002,3.1637,0.0000,0.0000,0.2174,0.5652,4.4348,0.4167,0.5385,0.3433,4.7239,138.7917,0.0000,1.4061,0.5343,2.6575,0.3150
187,2019,153,3,1,773,203,867,284,187,162,76,76,86,85,204,220,3118,0,23,23,17,6,11,123,43,3,3,9,12,0,0,1,4,12,23,13,10,13,0,49,0,1,6,8,7,12.1921,0.2419,0.3183,0.3674,0.6857,8.2906,7.1823,0.5320,3.3695,0.0000,0.0000,0.4348,0.7391,3.3043,1.0000,0.0000,0.4694,3.7685,119.9231,0.0000,1.2956,0.4811,2.1316,0.2907
188,2019,153,3,1,798,202,901,323,224,152,67,86,109,102,213,209,3357,0,23,23,12,11,8,162,42,3,5,3,17,1,0,2,6,9,23,24,6,12,3,55,0,1,11,7,7,14.2129,0.2807,0.3552,0.4048,0.7600,9.9802,6.7723,0.7574,3.8317,0.0000,0.0000,0.2609,0.5217,2.9130,0.7273,0.2500,0.4182,4.5446,124.3333,0.0000,1.5347,0.5047,1.7674,0.3265
189,2019,153,3,1,801,205,905,325,222,191,42,82,114,107,198,193,3512,2,23,23,5,18,4,157,43,6,7,6,16,2,0,2,11,9,23,15,8,10,6,92,0,1,14,11,8,13.6969,0.2772,0.3482,0.4057,0.7539,9.7147,8.3582,0.7002,3.5883,0.0000,0.0000,0.3478,0.2174,1.8261,0.4000,0.6000,0.2500,4.6823,140.4800,0.0000,1.4781,0.5064,2.3293,0.3428
190,2019,153,3,1,731,193,829,260,177,200,63,83,79,75,172,179,3164,0,21,21,11,10,8,129,30,2,1,1,17,1,1,2,3,11,21,22,7,10,1,62,0,2,14,3,13,12.6373,0.2421,0.3281,0.3557,0.6838,8.2539,9.3264,0.7927,3.8705,0.0000,0.0000,0.3333,0.5238,3.0000,0.8889,0.1000,0.3387,3.4974,131.8333,0.0000,1.3472,0.4900,2.4096,0.3107
191,2019,153,3,1,737,194,833,272,189,152,73,75,99,94,211,188,3115,0,22,22,12,10,7,128,48,4,6,4,9,0,0,6,8,11,22,20,9,13,5,55,0,1,18,5,10,12.7577,0.2564,0.3317,0.3691,0.7008,8.7680,7.0515,0.4175,3.4794,0.0000,0.0000,0.4091,0.5455,3.3182,0.5833,0.3846,0.4000,4.3608,129.7917,0.0000,1.3608,0.5288,2.0267,0.3093
192,2019,153,3,1,646,170,720,222,156,131,70,63,71,69,182,177,2566,1,19,19,12,7,9,113,31,4,2,1,11,0,0,8,5,5,18,14,10,12,3,40,1,2,8,3,7,11.8356,0.2415,0.3128,0.3437,0.6565,8.2427,6.9217,0.5812,3.3288,0.0526,0.0000,0.5263,0.6316,3.6842,0.7500,0.2500,0.4500,3.6458,116.6364,0.0000,1.2857,0.5070,2.0794,0.2866
193,2019,153,3,1,773,199,872,285,200,156,57,81,94,90,204,213,3333,1,22,22,10,12,7,145,38,2,8,4,13,1,1,1,11,7,22,16,7,14,7,55,0,1,12,1,8,13.0033,0.2587,0.3314,0.3687,0.7001,9.0301,7.0435,0.5870,3.6572,0.0000,0.0000,0.3182,0.4545,2.5909,0.5000,0.5000,0.4000,4.0635,138.8750,0.0000,1.4097,0.4892,1.9259,0.3056
194,2019,153,3,1,785,209,892,276,185,175,65,85,73,72,204,225,3399,2,22,22,15,7,6,128,38,4,8,4,15,0,0,3,9,10,22,18,8,13,7,75,0,2,7,4,9,12.0191,0.2357,0.3153,0.3516,0.6669,7.9412,7.5119,0.6439,3.6486,0.0000,0.0000,0.3636,0.6818,2.9545,0.4615,0.5385,0.2933,3.0906,125.8889,0.0000,1.2878,0.4755,2.0588,0.2819
195,2019,153,3,1,792,200,874,338,216,166,69,64,111,107,213,198,3226,0,22,22,8,14,3,146,40,5,5,8,22,0,0,0,7,8,22,14,9,10,7,63,0,0,17,5,8,12.9600,0.2727,0.3314,0.4268,0.7582,9.7200,7.4700,0.9900,2.8800,0.0000,0.0000,0.4091,0.3636,3.1364,0.3000,0.7000,0.3492,4.8150,129.0400,0.0000,1.4000,0.5182,2.5938,0.3186
196,2019,153,3,1,711,178,820,332,200,153,36,93,130,128,172,189,3197,1,20,20,4,16,3,124,43,3,7,10,23,1,0,0,10,6,20,11,2,6,3,59,0,0,8,3,3,15.0897,0.2813,0.3660,0.4669,0.8329,10.0935,7.7215,1.1607,4.6935,0.0000,0.0000,0.1000,0.2000,1.8000,0.5000,0.5000,0.3390,6.4598,145.3182,0.0000,1.6430,0.4765,1.6452,0.3266
197,2019,153,3,1,853,220,961,328,212,223,69,87,97,94,215,205,3651,2,23,23,14,9,5,143,43,4,7,5,21,0,0,9,14,10,23,15,10,13,8,69,0,1,19,4,8,12.6027,0.2485,0.3229,0.3845,0.7074,8.6465,9.0952,0.8565,3.5483,0.0000,0.0000,0.4348,0.6087,3.0000,0.3846,0.6154,0.3333,3.8338,152.1250,0.0000,1.3550,0.5119,2.5632,0.3101
198,2019,153,3,1,772,199,856,311,194,164,41,70,105,92,202,208,3233,1,22,22,11,11,5,133,30,3,3,6,25,0,0,0,7,8,22,17,5,7,2,67,0,3,15,4,5,12.2809,0.2513,0.3189,0.4028,0.7217,8.7592,7.4047,1.1288,3.1605,0.0000,0.0000,0.2273,0.5000,1.8636,0.7143,0.2857,0.3284,4.1538,124.3462,0.0000,1.3244,0.4927,2.3429,0.2884
199,2019,154,3,1,695,180,786,270,171,156,60,69,97,84,189,178,2948,1,21,21,8,13,3,118,28,0,7,4,21,3,0,1,8,15,21,17,5,7,4,58,0,3,17,2,7,12.7264,0.2460,0.3244,0.3885,0.7129,8.5342,7.7856,1.0481,3.4436,0.0000,0.0000,0.2381,0.3810,2.8571,0.4286,0.5714,0.3621,4.1922,128.1739,0.0000,1.3309,0.5150,2.2609,0.2857
200,2019,154,3,1,729,182,843,319,203,146,58,91,124,118,198,185,3179,1,21,21,11,10,6,133,45,7,5,4,21,0,2,1,9,9,21,14,5,8,2,63,0,1,9,2,6,14.9561,0.2785,0.3633,0.4376,0.8009,10.0201,7.2066,1.0366,4.4918,0.0000,0.0000,0.2381,0.5238,2.7619,0.7500,0.2500,0.3333,5.8245,138.2174,0.0000,1.6124,0.5170,1.6044,0.3210
201,2019,154,3,1,686,185,765,235,153,163,46,59,68,61,159,209,2756,0,21,21,13,8,11,108,25,6,3,3,17,0,0,1,5,11,21,17,5,13,1,48,0,3,10,4,8,10.8486,0.2230,0.2938,0.3426,0.6364,7.4432,7.9297,0.8270,2.8703,0.0000,0.0000,0.2381,0.6190,2.1905,0.9167,0.0769,0.4375,2.9676,110.2400,0.0000,1.1459,0.4321,2.7627,0.2672
202,2019,154,3,1,759,201,865,281,190,179,40,76,98,98,204,192,3268,2,21,21,10,11,8,136,34,5,7,3,17,1,0,0,11,18,21,19,4,11,3,77,0,2,13,6,8,12.6744,0.2503,0.3302,0.3702,0.7005,8.4793,7.9884,0.7587,3.3917,0.0000,0.0000,0.1905,0.4762,1.9048,0.7273,0.2727,0.2727,4.3736,142.0870,0.0000,1.3190,0.5152,2.3553,0.3035
203,2019,154,3,1,724,192,811,245,175,173,72,72,71,68,190,192,3086,1,21,21,14,7,8,132,29,4,5,1,13,2,0,3,7,6,21,15,9,13,5,54,0,2,12,2,9,11.8388,0.2417,0.3135,0.3384,0.6519,8.1889,8.0953,0.6083,3.3692,0.0000,0.0000,0.4286,0.6667,3.4286,0.6154,0.3846,0.3889,3.1820,128.5833,0.0000,1.2842,0.4974,2.4028,0.2983
204,2019,154,3,1,730,178,827,331,227,133,51,74,118,112,176,197,3105,2,21,21,7,14,3,157,51,5,7,4,15,2,0,1,5,11,21,17,3,7,4,58,0,0,10,5,7,15.7164,0.3110,0.3796,0.4534,0.8330,11.4347,6.6996,0.7556,3.7276,0.0000,0.0000,0.1429,0.3333,2.4286,0.4286,0.5714,0.3621,5.6418,135.0000,0.0000,1.6847,0.4718,1.7973,0.3599
205,2019,154,3,1,729,188,833,308,194,185,71,93,103,101,173,176,3205,1,21,21,9,12,1,127,43,1,5,1,23,0,0,1,8,5,21,20,4,7,6,60,0,1,13,4,9,13.9540,0.2661,0.3510,0.4225,0.7735,9.2708,8.8407,1.0991,4.4442,0.0000,0.0000,0.1905,0.4286,3.3810,0.1429,0.8571,0.3500,4.8265,128.2000,0.0000,1.5239,0.4957,1.9892,0.3251
206,2019,154,3,1,674,180,755,258,159,178,74,61,84,81,176,164,2800,0,20,20,11,9,4,101,36,3,5,3,19,0,0,2,12,12,20,11,9,7,3,48,0,2,12,8,8,11.6000,0.2359,0.3085,0.3828,0.6913,7.9500,8.9000,0.9500,3.0500,0.0000,0.0000,0.4500,0.5500,3.7000,0.5714,0.4286,0.4167,4.0500,127.2727,0.0000,1.2222,0.5176,2.9180,0.2905
207,2019,154,3,1,711,181,793,251,184,176,51,67,90,78,175,170,3001,0,20,20,10,10,4,137,36,5,1,2,9,2,0,1,9,9,20,14,6,6,2,53,0,1,11,7,5,12.9282,0.2588,0.3299,0.3530,0.6830,9.1492,8.7514,0.4475,3.3315,0.0000,0.0000,0.3000,0.5000,2.5500,0.6667,0.3333,0.3774,3.8785,130.4783,0.0000,1.3867,0.5072,2.6269,0.3321
208,2019,154,3,1,679,182,754,234,152,181,64,58,76,66,164,181,2797,2,21,21,11,10,8,95,42,4,6,5,10,0,0,7,9,7,21,13,15,11,2,39,0,2,3,8,5,10.6916,0.2239,0.2893,0.3446,0.6340,7.4891,8.9179,0.4927,2.8577,0.0000,0.0000,0.7143,0.5238,3.0476,0.8000,0.1818,0.5385,3.2518,121.6087,0.0000,1.1496,0.4754,3.1207,0.2874
209,2019,155,3,1,823,199,926,346,236,167,56,85,139,122,202,211,3499,2,22,22,10,12,5,173,38,2,5,3,22,1,0,1,10,11,22,10,0,10,5,62,0,0,12,7,6,14.9649,0.2868,0.3593,0.4204,0.7797,10.6377,7.5275,0.9917,3.8314,0.0000,0.0000,0.0000,0.4545,2.5455,0.5000,0.5000,0.3548,5.4992,139.9600,0.0000,1.6077,0.4891,1.9647,0.3349
210,2019,155,3,1,788,196,908,360,226,149,58,84,129,116,188,227,3458,0,22,22,9,13,5,154,38,3,12,6,28,0,0,3,11,21,22,14,4,7,2,66,0,0,16,6,8,15.1990,0.2868,0.3657,0.4569,0.8226,10.3776,6.8418,1.2857,3.8571,0.0000,0.0000,0.1818,0.4091,2.6364,0.7143,0.2857,0.3333,5.3265,144.0833,0.0000,1.5816,0.4530,1.7738,0.3178
211,2019,155,3,1,783,203,901,300,200,181,86,98,113,108,178,227,3493,2,22,22,13,9,5,149,25,2,6,3,23,0,0,1,10,12,22,13,10,10,5,66,0,1,11,7,7,13.6989,0.2554,0.3448,0.3831,0.7280,8.8380,7.9984,1.0164,4.3306,0.0000,0.0000,0.4545,0.5909,3.9091,0.5000,0.5000,0.3333,4.7725,134.3462,0.0000,1.4632,0.4395,1.8469,0.3026
212,2019,155,3,1,743,194,826,287,187,151,81,66,91,86,201,199,3087,0,22,22,13,9,8,133,30,5,1,2,22,0,0,0,3,11,22,24,5,14,4,55,0,3,9,3,10,12.2474,0.2517,0.3216,0.3863,0.7078,8.6753,7.0052,1.0206,3.0619,0.0000,0.0000,0.2273,0.5909,3.6818,0.6667,0.2857,0.4000,3.9897,123.4800,0.0000,1.3041,0.5025,2.2879,0.2890
213,2019,155,3,1,780,201,873,302,193,161,60,76,107,94,194,227,3314,0,22,22,12,10,10,127,42,5,4,5,19,1,0,0,12,8,22,12,8,13,2,56,0,1,10,3,9,12.4030,0.2474,0.3191,0.3872,0.7063,8.6418,7.2090,0.8507,3.4030,0.0000,0.0000,0.3636,0.5455,2.7273,0.8333,0.1538,0.3929,4.2090,138.0833,0.0000,1.3383,0.4608,2.1184,0.2881
214,2019,155,3,1,778,202,875,297,216,128,47,68,94,91,232,210,3266,2,22,22,11,11,6,163,37,4,12,4,12,0,0,6,6,13,20,23,7,9,3,59,2,2,15,9,3,13.1891,0.2776,0.3410,0.3817,0.7227,9.5921,5.6842,0.5329,3.0197,0.0909,0.0000,0.3182,0.5000,2.1364,0.6667,0.3333,0.3390,4.0411,136.0833,0.0000,1.4013,0.5249,1.8824,0.3138
215,2019,155,3,1,773,197,859,264,203,188,69,70,89,84,187,199,3300,0,22,22,11,11,4,158,37,8,2,0,8,1,0,1,11,6,22,11,6,8,4,57,0,3,11,4,7,12.7462,0.2626,0.3278,0.3415,0.6694,9.2741,8.5888,0.3655,3.1980,0.0000,0.0000,0.2727,0.5000,3.1364,0.5000,0.5000,0.3860,3.8376,143.4783,0.0000,1.3858,0.4845,2.6857,0.3368
216,2019,155,3,1,769,196,886,314,207,170,74,90,118,106,176,216,3220,1,22,22,9,13,8,147,34,3,9,5,21,0,0,14,11,15,21,17,10,13,4,50,1,2,15,6,10,14.3022,0.2692,0.3533,0.4083,0.7617,9.4890,7.7929,0.9626,4.1256,0.0455,0.0000,0.4545,0.4091,3.3636,0.6667,0.3077,0.4200,4.8591,128.8000,0.0000,1.5127,0.4490,1.8889,0.3169
218,2019,156,4,1,785,195,883,330,215,164,75,83,114,101,201,196,3292,2,22,22,10,12,6,148,38,2,4,10,19,1,0,8,7,9,22,18,5,13,7,55,0,0,9,5,6,14.1210,0.2739,0.3485,0.4204,0.7688,9.8893,7.5434,0.8739,3.8177,0.0000,0.0000,0.2273,0.4545,3.4091,0.4615,0.5385,0.4000,4.6457,143.1304,0.0000,1.5230,0.5063,1.9759,0.3234
219,2019,156,4,1,786,207,892,316,199,175,77,81,101,93,189,227,3405,0,23,23,15,8,8,131,40,7,7,7,21,0,1,3,7,10,23,18,9,9,1,72,0,3,11,6,10,12.6087,0.2532,0.3281,0.4020,0.7301,8.6522,7.6087,0.9130,3.5217,0.0000,0.0000,0.3913,0.6522,3.3478,0.8889,0.1111,0.3194,4.0435,121.6071,0.0000,1.3527,0.4543,2.1605,0.2982
220,2019,156,4,1,786,196,905,398,249,150,32,92,165,158,213,183,3278,2,23,23,4,19,3,164,46,5,8,14,25,1,0,5,9,14,23,24,4,5,2,71,0,0,13,13,7,16.2458,0.3168,0.3944,0.5064,0.9008,11.3949,6.8644,1.1441,4.2102,0.0000,0.0000,0.1739,0.1739,1.3913,0.6000,0.4000,0.3239,7.2305,131.1200,0.0000,1.7339,0.5379,1.6304,0.3619
221,2019,156,4,1,818,207,925,331,227,189,109,80,113,104,190,216,3413,1,23,23,16,7,9,168,34,9,7,5,20,0,0,2,8,11,23,22,6,16,5,62,0,1,15,2,11,13.8039,0.2775,0.3472,0.4046,0.7518,9.8537,8.2042,0.8682,3.4727,0.0000,0.0000,0.2609,0.6957,4.7391,0.6429,0.3125,0.3710,4.5145,136.5200,0.0000,1.4807,0.4680,2.3625,0.3360
223,2019,156,4,1,825,202,932,366,253,229,63,84,125,111,154,191,3535,0,23,23,10,13,6,190,34,2,10,8,21,0,0,2,13,11,23,18,6,14,8,71,0,0,14,6,17,15.5050,0.3067,0.3742,0.4436,0.8178,11.2723,10.2030,0.9356,3.7426,0.0000,0.0000,0.2609,0.4348,2.7391,0.4286,0.5714,0.3239,4.9455,141.4000,0.0000,1.6683,0.4464,2.7262,0.3966
224,2019,156,4,1,788,202,877,317,213,188,53,67,98,91,203,188,3317,0,23,23,12,11,7,144,48,5,8,7,14,0,0,2,8,9,23,19,6,10,2,60,0,3,9,7,3,12.8762,0.2703,0.3314,0.4023,0.7337,9.4901,8.3762,0.6238,2.9851,0.0000,0.0000,0.2609,0.5217,2.3043,0.7778,0.2000,0.3833,4.0545,127.5769,0.0000,1.3861,0.5192,2.8060,0.3350
225,2019,157,4,1,783,203,891,316,218,165,76,81,106,99,194,221,3261,0,23,23,14,9,13,157,39,8,12,7,15,1,0,2,9,7,23,14,8,14,1,63,0,2,18,8,11,13.5665,0.2784,0.3465,0.4036,0.7501,9.6650,7.3153,0.6650,3.5911,0.0000,0.0000,0.3478,0.6087,3.3043,0.9286,0.0714,0.3651,4.3892,135.8750,0.0000,1.4729,0.4675,2.0370,0.3301
226,2019,156,4,1,777,195,886,343,220,198,82,96,123,116,169,187,3406,2,22,22,14,8,11,145,47,4,1,8,20,0,0,1,4,8,22,19,4,14,2,63,0,1,12,9,8,14.9029,0.2831,0.3673,0.4414,0.8088,10.1193,9.1073,0.9199,4.4157,0.0000,0.0000,0.1818,0.6364,3.7273,0.8462,0.1429,0.3492,5.3356,131.0000,0.0000,1.6150,0.4747,2.0625,0.3571
227,2019,157,4,1,789,205,888,307,204,173,41,76,100,97,197,227,3233,0,23,23,9,14,8,138,44,6,9,7,15,2,0,9,9,8,23,10,6,9,1,61,0,1,11,6,8,12.6439,0.2586,0.3265,0.3891,0.7156,8.9561,7.5951,0.6585,3.3366,0.0000,0.0000,0.2609,0.3913,1.7826,0.8889,0.1111,0.3770,4.2585,134.7083,0.0000,1.3659,0.4646,2.2763,0.3098
228,2019,158,4,1,833,213,914,321,217,208,60,61,97,90,205,204,3379,1,23,23,11,12,3,152,42,3,4,7,16,1,0,1,7,13,23,13,11,7,3,71,0,2,9,4,9,12.2766,0.2605,0.3194,0.3854,0.7048,9.1547,8.7750,0.6750,2.5734,0.0000,0.0000,0.4783,0.4783,2.6087,0.5000,0.4286,0.3239,3.7969,125.1481,0.0000,1.3031,0.5012,3.4098,0.3279
229,2019,157,4,1,780,208,896,256,185,179,67,93,101,85,212,206,3323,1,23,23,13,10,9,138,33,6,10,4,10,1,0,7,13,7,23,19,6,16,6,62,0,1,17,2,6,12.3120,0.2372,0.3202,0.3282,0.6484,7.9920,7.7328,0.4320,4.0176,0.0000,0.0000,0.2609,0.5652,2.9130,0.6000,0.3750,0.3710,3.6720,127.8077,0.0000,1.3344,0.5072,1.9247,0.2912
230,2019,157,4,1,816,207,913,328,217,179,92,70,111,100,198,223,3313,0,23,23,13,10,7,148,45,7,9,6,18,0,1,0,5,10,23,11,8,12,2,53,0,1,18,4,6,12.9130,0.2659,0.3282,0.4020,0.7301,9.4348,7.7826,0.7826,3.0435,0.0000,0.0000,0.3478,0.5652,4.0000,0.7778,0.1667,0.4340,4.3478,132.5200,0.0000,1.3865,0.4703,2.5571,0.3169
231,2019,157,4,1,748,201,840,279,175,186,54,73,75,75,196,188,3261,0,23,23,12,11,7,122,27,5,2,1,25,2,0,1,12,12,23,21,8,12,5,54,0,3,10,8,5,11.6418,0.2340,0.3114,0.3730,0.6844,7.8358,8.3284,1.1194,3.2687,0.0000,0.0000,0.3478,0.5217,2.3478,0.5833,0.4167,0.4259,3.3582,125.4231,0.0000,1.2338,0.5104,2.5479,0.2783
232,2019,157,4,1,815,209,923,323,211,207,61,83,108,104,200,198,3359,0,23,23,11,12,8,142,43,5,6,9,17,0,0,2,5,14,23,15,9,11,3,59,0,1,16,1,8,13.2632,0.2589,0.3355,0.3963,0.7318,9.0861,8.9139,0.7321,3.5742,0.0000,0.0000,0.3913,0.4783,2.6522,0.7273,0.2727,0.3898,4.4785,139.9583,0.0000,1.4067,0.5025,2.4940,0.3250
233,2019,156,4,1,825,207,944,376,238,206,63,85,133,127,191,195,3566,0,23,23,10,13,7,152,57,4,9,6,23,1,0,5,16,21,23,20,5,12,5,72,0,1,14,6,13,14.9565,0.2885,0.3660,0.4558,0.8217,10.3478,8.9565,1.0000,3.6957,0.0000,0.0000,0.2174,0.4348,2.7391,0.5833,0.4167,0.3194,5.5217,127.3571,0.0000,1.5604,0.4948,2.4235,0.3554
234,2019,157,4,1,835,210,948,345,235,168,58,98,118,100,216,213,3552,1,23,23,12,11,8,179,27,6,5,4,25,1,0,0,13,4,23,19,4,13,5,70,0,2,13,7,10,14.4200,0.2814,0.3577,0.4132,0.7709,10.0555,7.1886,1.0697,4.1933,0.0000,0.0000,0.1739,0.5217,2.5217,0.6154,0.3846,0.3286,4.2789,136.6154,0.0000,1.5832,0.5035,1.7143,0.3246
236,2019,158,4,1,756,204,861,263,178,166,66,76,80,75,219,199,3180,1,23,23,16,7,8,126,33,10,6,5,14,1,0,1,9,13,23,15,8,12,3,56,0,0,10,3,6,11.7602,0.2354,0.3137,0.3479,0.6616,7.8401,7.3116,0.6166,3.3475,0.0000,0.0000,0.3478,0.6957,2.8696,0.7273,0.2500,0.4107,3.3034,122.3077,0.0000,1.2431,0.5239,2.1842,0.2818
237,2019,158,4,1,832,217,943,284,215,207,68,78,96,89,209,201,3497,0,23,23,13,10,5,164,39,7,7,6,6,1,0,1,12,19,23,28,7,9,4,76,0,1,13,3,15,12.9401,0.2584,0.3333,0.3413,0.6747,8.9171,8.5853,0.2488,3.2350,0.0000,0.0000,0.3043,0.5652,2.9565,0.5556,0.4444,0.3026,3.6912,124.8929,0.0000,1.3502,0.5098,2.6538,0.3339
238,2019,158,4,1,824,213,910,308,218,193,71,62,101,97,214,206,3332,1,23,23,10,13,7,153,49,6,8,7,9,0,0,0,16,10,23,17,5,12,2,69,0,1,10,5,7,12.2344,0.2646,0.3208,0.3738,0.6946,9.1969,8.1422,0.3797,2.6156,0.0000,0.0000,0.2174,0.4348,3.0870,0.7778,0.1667,0.3333,4.0922,128.1538,0.0000,1.3125,0.5095,3.1129,0.3317
239,2019,158,4,1,787,202,885,276,207,217,46,76,102,99,162,207,3413,0,23,23,12,11,6,164,28,5,6,4,11,2,1,1,9,10,23,12,6,10,4,68,0,1,19,4,10,13.0545,0.2630,0.3333,0.3507,0.6840,9.2228,9.6683,0.4901,3.3861,0.0000,0.0000,0.2609,0.5217,2.0000,0.6000,0.4000,0.3382,4.4109,136.5200,0.0000,1.4010,0.4390,2.8553,0.3469
240,2019,158,4,1,803,210,904,274,199,206,75,80,81,76,196,207,3481,2,23,23,15,8,9,152,30,4,3,6,11,2,1,0,11,13,23,16,8,14,5,65,0,2,18,2,11,12.4747,0.2478,0.3248,0.3412,0.6660,8.5016,8.8006,0.4699,3.4177,0.0000,0.0000,0.3478,0.6522,3.2609,0.6429,0.3571,0.3538,3.2468,128.9259,0.0000,1.3244,0.4864,2.5750,0.3192
241,2019,158,4,1,732,193,860,301,182,171,37,103,108,97,199,182,3269,1,22,22,9,13,2,109,47,5,6,6,20,1,0,4,8,14,21,19,5,4,2,70,1,1,15,2,4,13.9190,0.2486,0.3497,0.4112,0.7609,8.4724,7.9603,0.9310,4.7948,0.0455,0.0000,0.2273,0.4091,1.6818,0.5000,0.5000,0.3000,4.5155,136.2083,0.0000,1.4741,0.5223,1.6602,0.2962
242,2019,158,4,1,830,219,921,277,204,204,63,67,88,80,197,226,3433,0,23,23,13,10,8,155,33,4,10,8,8,2,0,8,10,10,23,21,10,16,6,63,0,0,14,5,7,11.5479,0.2458,0.3064,0.3337,0.6402,8.3836,8.3836,0.3288,2.7534,0.0000,0.0000,0.4348,0.5652,2.7391,0.5714,0.3750,0.3651,3.2877,127.1481,0.0000,1.2374,0.4657,3.0448,0.3121
243,2019,158,4,1,809,202,895,337,230,151,63,66,117,110,215,209,3219,2,23,23,8,15,2,159,48,5,5,10,13,0,0,3,7,10,23,22,5,6,4,63,0,0,17,3,4,13.5888,0.2843,0.3438,0.4166,0.7604,10.2138,6.7056,0.5773,2.9309,0.0000,0.0000,0.2174,0.3478,2.7391,0.3333,0.6667,0.3651,4.8849,128.7600,0.0000,1.4605,0.5071,2.2879,0.3338
244,2019,158,4,1,810,204,901,340,229,170,50,67,119,111,194,228,3274,2,23,23,9,14,6,156,50,4,12,8,15,1,0,2,5,8,23,11,8,9,3,66,0,1,18,4,9,13.3681,0.2827,0.3389,0.4198,0.7587,10.0700,7.4756,0.6596,2.9463,0.0000,0.0000,0.3478,0.3913,2.1739,0.6667,0.3333,0.3485,4.8811,121.2593,0.0000,1.4463,0.4597,2.5373,0.3359
245,2019,157,4,1,839,203,918,355,245,176,70,63,121,109,207,202,3379,1,23,23,9,14,6,171,53,0,2,6,15,0,0,2,15,14,23,20,5,8,2,62,0,1,13,2,12,14.2525,0.2920,0.3508,0.4231,0.7739,10.8443,7.7902,0.6639,2.7885,0.0000,0.0000,0.2174,0.3913,3.0435,0.7500,0.2500,0.3710,4.8246,135.1600,0.0000,1.5148,0.5061,2.7937,0.3538
246,2019,158,4,1,800,210,891,260,188,222,77,72,81,75,220,168,3313,1,23,23,15,8,9,138,39,2,7,0,11,0,0,4,7,10,23,16,12,13,2,54,0,2,7,6,6,11.5531,0.2350,0.3037,0.3250,0.6287,8.0444,9.4992,0.4707,3.0808,0.0000,0.0000,0.5217,0.6522,3.3478,0.8182,0.1538,0.4259,3.2092,127.4231,0.0000,1.2361,0.5670,3.0833,0.3084
247,2019,159,4,1,748,192,849,291,193,182,56,83,95,89,187,187,3102,1,22,22,11,11,6,127,45,3,7,10,11,1,0,8,5,8,22,11,6,8,1,59,0,2,17,4,4,13.2894,0.2580,0.3357,0.3890,0.7247,9.0312,8.5165,0.5147,3.8839,0.0000,0.0000,0.2727,0.5000,2.5455,0.8571,0.1250,0.3729,4.1646,119.3077,0.0000,1.4350,0.5000,2.1928,0.3238
248,2019,159,4,1,828,203,957,357,246,151,55,109,129,111,200,224,3567,0,23,23,11,12,6,177,45,3,5,6,18,1,0,2,8,12,23,20,4,13,7,70,0,0,12,4,14,16.2709,0.2971,0.3847,0.4312,0.8159,10.9064,6.6946,0.7980,4.8325,0.0000,0.0000,0.1739,0.4783,2.3913,0.4615,0.5385,0.3286,4.9212,137.1923,0.0000,1.7488,0.4717,1.3853,0.3434
249,2019,159,4,1,706,186,817,259,180,196,46,78,104,92,162,172,3075,1,21,21,10,11,6,126,39,8,8,5,10,0,0,0,18,17,21,18,2,7,1,71,0,1,9,6,10,13.2826,0.2550,0.3399,0.3669,0.7068,8.6941,9.4669,0.4830,3.7674,0.0000,0.0000,0.0952,0.4762,2.1905,0.8571,0.1429,0.2958,4.4436,128.1250,0.0000,1.3846,0.4850,2.5128,0.3346
250,2019,159,4,1,737,184,847,306,223,142,78,86,117,95,172,197,3110,2,21,21,10,11,3,168,39,5,8,4,12,0,0,1,10,11,20,31,9,9,5,61,1,2,8,5,4,15.5957,0.3026,0.3800,0.4152,0.7952,10.8682,6.9206,0.5848,4.1913,0.0476,0.0000,0.4286,0.4762,3.7143,0.3750,0.5556,0.3279,4.6300,148.0952,0.0000,1.6733,0.4661,1.6512,0.3570
251,2019,159,4,1,798,200,877,342,232,186,76,56,115,103,189,195,3319,1,23,23,11,12,5,160,48,5,8,10,14,0,0,0,8,10,23,21,4,9,4,58,0,0,11,2,6,13.3877,0.2907,0.3417,0.4286,0.7703,10.4226,8.3561,0.6290,2.5158,0.0000,0.0000,0.1739,0.4783,3.3043,0.5556,0.4444,0.3966,4.6273,118.5357,0.0000,1.4376,0.4922,3.3214,0.3597
252,2019,159,4,1,766,191,867,326,215,153,63,78,121,118,181,218,3189,1,22,22,11,11,6,144,48,2,9,6,17,1,0,1,8,12,22,15,3,7,1,66,0,1,13,2,12,14.3467,0.2807,0.3526,0.4256,0.7782,10.1132,7.1969,0.7997,3.6690,0.0000,0.0000,0.1364,0.5000,2.8636,0.8571,0.1429,0.3333,5.5505,122.6538,0.0000,1.5314,0.4536,1.9615,0.3273
253,2019,159,4,1,831,209,964,348,237,207,55,109,135,127,188,200,3660,1,23,23,8,15,4,165,49,6,5,7,16,0,0,6,8,13,23,21,3,11,7,81,0,1,17,11,12,15.4347,0.2852,0.3747,0.4188,0.7935,10.1895,8.8997,0.6879,4.6863,0.0000,0.0000,0.1304,0.3478,2.3913,0.3636,0.6364,0.2840,5.4602,140.7692,0.0000,1.6529,0.4845,1.8991,0.3605
254,2019,159,4,1,807,205,931,333,220,186,65,97,122,116,190,211,3494,0,23,23,12,11,6,148,49,4,9,5,18,1,1,0,10,13,23,19,6,13,6,72,0,0,16,3,8,14.4878,0.2726,0.3564,0.4126,0.7690,9.6585,8.1659,0.7902,4.2585,0.0000,0.0000,0.2609,0.5217,2.8261,0.5000,0.4615,0.3194,5.0927,139.7600,0.0000,1.5463,0.4738,1.9175,0.3301
255,2019,159,4,1,795,197,910,332,228,141,55,89,124,117,213,218,3348,1,22,22,8,14,3,157,51,4,9,7,13,2,0,4,8,13,22,14,7,8,5,60,0,0,13,3,8,15.0507,0.2868,0.3642,0.4176,0.7818,10.3986,6.4307,0.5929,4.0591,0.0000,0.0000,0.3182,0.3636,2.5000,0.3750,0.6250,0.3667,5.3361,133.9200,0.0000,1.6064,0.4942,1.5843,0.3308
256,2019,160,4,1,797,204,877,288,202,187,44,59,104,90,206,199,3141,0,23,23,9,14,2,152,28,5,5,8,14,0,0,2,14,11,23,15,4,8,5,53,0,1,11,3,3,12.0000,0.2535,0.3119,0.3614,0.6733,8.9118,8.2500,0.6176,2.6029,0.0000,0.0000,0.1739,0.3913,1.9130,0.2857,0.6250,0.4340,3.9706,125.6400,0.0000,1.2794,0.5086,3.1695,0.3128
257,2019,159,4,1,797,205,907,384,228,163,69,86,136,127,217,197,3311,2,23,23,9,14,6,141,44,7,10,17,26,0,0,4,7,7,23,29,7,8,2,64,0,1,9,5,9,14.0470,0.2861,0.3567,0.4818,0.8385,9.9773,7.1329,1.1378,3.7634,0.0000,0.0000,0.3043,0.3913,3.0000,0.7500,0.2500,0.3594,5.5575,127.3462,0.0000,1.5267,0.5242,1.8953,0.3269
258,2019,159,4,1,788,200,889,322,213,169,86,77,127,113,206,199,3292,0,22,22,13,9,6,143,48,5,7,5,17,0,0,2,13,12,22,20,4,11,5,60,0,0,18,3,6,13.5900,0.2703,0.3416,0.4086,0.7503,9.5850,7.6050,0.7650,3.4650,0.0000,0.0000,0.1818,0.5909,3.9091,0.5455,0.4545,0.3667,5.0850,137.1667,0.0000,1.4500,0.5086,2.1948,0.3218
259,2019,159,4,1,800,205,911,321,202,171,65,93,96,84,198,224,3345,1,23,23,13,10,7,127,50,4,3,6,19,1,0,6,8,11,23,13,7,13,6,63,0,1,18,6,7,13.4123,0.2525,0.3374,0.4012,0.7386,8.8539,7.4951,0.8328,4.0763,0.0000,0.0000,0.3043,0.5652,2.8261,0.5385,0.4615,0.3651,3.6818,115.3448,0.0000,1.4367,0.4692,1.8387,0.2985
260,2019,159,4,1,797,205,893,311,203,182,77,75,97,90,196,213,3274,0,23,23,14,9,8,134,46,3,4,7,16,0,0,1,6,14,23,17,9,11,1,58,0,2,15,0,6,12.8195,0.2547,0.3281,0.3902,0.7183,8.9122,7.9902,0.7024,3.2927,0.0000,0.0000,0.3913,0.6087,3.3478,0.8889,0.0909,0.3966,3.9512,125.9231,0.0000,1.3561,0.4792,2.4267,0.3101
261,2019,160,4,1,829,214,937,292,203,206,46,86,104,96,187,236,3507,2,23,23,10,13,9,151,31,5,6,5,16,1,0,2,14,11,23,9,8,13,4,82,0,2,11,2,9,12.5776,0.2449,0.3219,0.3522,0.6741,8.5109,8.6366,0.6708,3.6056,0.0000,0.0000,0.3478,0.4348,2.0000,0.6923,0.3077,0.2805,4.0248,134.8846,0.0000,1.3463,0.4421,2.3953,0.3051
262,2019,160,4,1,829,209,927,336,237,194,95,74,110,106,201,200,3423,1,23,23,11,12,7,176,39,3,8,6,16,0,0,0,15,13,23,25,6,15,8,78,0,1,14,1,9,13.9299,0.2859,0.3506,0.4053,0.7560,10.1895,8.3408,0.6879,3.1815,0.0000,0.0000,0.2609,0.4783,4.1304,0.4667,0.5333,0.2949,4.5573,131.6538,0.0000,1.4857,0.5012,2.6216,0.3525
263,2019,160,4,1,765,195,843,296,207,202,59,61,103,98,180,181,3190,0,22,22,12,10,8,148,42,6,5,4,13,0,0,2,8,6,22,17,6,12,4,59,0,2,8,1,11,12.6462,0.2706,0.3274,0.3869,0.7143,9.5538,9.3231,0.6000,2.8154,0.0000,0.0000,0.2727,0.5455,2.6818,0.6667,0.3333,0.3729,4.5231,127.6000,0.0000,1.3744,0.4986,3.3115,0.3495
264,2019,159,4,1,786,203,887,306,202,204,114,81,104,101,185,197,3303,0,23,23,12,11,6,142,36,4,5,4,20,1,0,2,10,11,23,16,9,12,4,59,0,0,18,3,4,13.0345,0.2570,0.3330,0.3893,0.7223,8.9557,9.0443,0.8867,3.5911,0.0000,0.0000,0.3913,0.5217,4.9565,0.6000,0.3333,0.3898,4.4778,127.0385,0.0000,1.3941,0.4843,2.5185,0.3210
265,2019,160,4,1,791,204,862,291,203,181,53,43,84,81,191,219,3179,2,23,23,14,9,8,143,44,3,7,4,12,3,0,1,5,18,23,15,8,9,1,61,0,0,18,3,12,11.6091,0.2566,0.3073,0.3679,0.6752,8.9267,7.9593,0.5277,1.8909,0.0000,0.0000,0.3478,0.6087,2.3043,0.8889,0.1111,0.3770,3.5619,127.1600,0.0000,1.2020,0.4659,4.2093,0.3157
266,2019,160,4,1,838,208,931,350,238,194,73,67,117,106,198,204,3556,1,23,23,11,12,6,167,48,2,7,5,18,0,0,1,9,17,23,21,7,10,4,70,0,1,16,3,12,13.9104,0.2840,0.3466,0.4177,0.7643,10.2816,8.3808,0.7776,2.8944,0.0000,0.0000,0.3043,0.4783,3.1739,0.6000,0.4000,0.3286,4.5792,136.7692,0.0000,1.4640,0.4925,2.8955,0.3476
267,2019,159,4,1,773,205,902,283,186,172,65,99,97,87,197,222,3405,0,23,23,14,9,8,128,33,10,9,11,14,1,0,2,10,11,23,16,10,13,4,71,0,1,15,2,11,12.9951,0.2406,0.3318,0.3661,0.6979,8.1659,7.5512,0.6146,4.3463,0.0000,0.0000,0.4348,0.6087,2.8261,0.6667,0.3077,0.3239,3.8195,130.9615,0.0000,1.3902,0.4702,1.7374,0.2886
268,2019,160,4,1,803,208,895,278,194,164,48,79,91,85,231,211,3396,2,23,23,10,13,5,138,40,2,5,4,12,1,0,3,14,6,23,12,7,5,0,70,0,3,18,6,7,12.0335,0.2416,0.3124,0.3462,0.6586,8.3674,7.0735,0.5176,3.4073,0.0000,0.0000,0.3043,0.4348,2.0870,1.0000,0.0000,0.3286,3.6661,121.2857,0.0000,1.3083,0.5226,2.0759,0.2880
269,2019,160,4,1,793,205,912,288,215,154,53,85,109,91,211,216,3358,2,23,23,11,12,5,162,38,7,9,10,5,1,0,2,7,18,23,18,7,8,3,56,0,2,18,10,6,13.9157,0.2711,0.3514,0.3632,0.7146,9.4084,6.7391,0.2188,3.7196,0.0000,0.0000,0.3043,0.4783,2.3043,0.6250,0.3750,0.4107,3.9822,129.1538,0.0000,1.4587,0.4941,1.8118,0.3266
270,2019,160,4,1,760,204,853,266,176,192,85,68,74,70,183,213,3165,1,23,23,16,7,12,120,38,6,5,2,16,0,0,2,10,14,23,14,12,14,1,53,0,1,16,8,13,11.3638,0.2316,0.3046,0.3500,0.6546,7.7520,8.4568,0.7047,2.9951,0.0000,0.0000,0.5217,0.6957,3.6957,0.9231,0.0714,0.4340,3.0832,126.6000,0.0000,1.1941,0.4621,2.8235,0.2873
271,2019,160,4,1,745,194,845,286,199,156,53,74,101,98,168,228,3041,2,22,22,9,13,5,146,34,7,5,4,15,0,0,0,6,14,22,21,5,12,7,66,0,0,14,7,10,13.2688,0.2671,0.3425,0.3839,0.7264,9.2003,7.2123,0.6935,3.4212,0.0000,0.0000,0.2273,0.4091,2.4091,0.4167,0.5833,0.3333,4.5308,126.7083,0.0000,1.4024,0.4242,2.1081,0.3178
272,2019,160,4,1,778,206,857,270,179,224,54,57,71,65,188,185,3242,1,23,23,13,10,9,118,43,2,4,6,12,0,0,4,6,16,23,13,8,14,4,58,0,3,10,6,10,10.9919,0.2301,0.2947,0.3470,0.6418,7.8078,9.7706,0.5234,2.4863,0.0000,0.0000,0.3478,0.5652,2.3478,0.6923,0.2857,0.3966,2.8352,129.6800,0.0000,1.1438,0.5040,3.9298,0.3059
273,2019,159,4,1,794,202,893,315,217,170,66,72,109,102,216,198,3322,0,23,23,13,10,9,158,38,7,9,3,18,0,0,0,13,11,23,15,2,14,3,60,0,0,14,4,8,13.3663,0.2733,0.3386,0.3967,0.7353,9.6683,7.5743,0.8020,3.2079,0.0000,0.0000,0.0870,0.5652,2.8696,0.7500,0.2143,0.3833,4.5446,132.8800,0.0000,1.4307,0.5217,2.3611,0.3236
274,2019,160,4,1,809,210,903,301,222,152,47,71,96,87,230,210,3214,2,23,23,11,12,3,164,46,7,6,3,9,1,0,3,8,10,23,26,2,8,5,69,0,1,19,8,9,12.9446,0.2744,0.3382,0.3721,0.7102,9.4842,6.4937,0.3845,3.0332,0.0000,0.0000,0.0870,0.4783,2.0435,0.3750,0.6250,0.3333,3.7168,123.6154,0.0000,1.3908,0.5227,2.1408,0.3257
275,2019,160,4,1,779,205,864,276,185,162,52,65,83,74,226,204,3237,1,23,23,11,12,3,137,23,4,5,7,18,0,0,3,8,11,23,17,6,7,4,55,0,2,10,5,5,11.4399,0.2375,0.3035,0.3543,0.6578,8.1088,7.1006,0.7890,2.8490,0.0000,0.0000,0.2609,0.4783,2.2609,0.4286,0.5714,0.4182,3.2435,124.5000,0.0000,1.2175,0.5256,2.4923,0.2765
276,2019,160,4,1,764,202,874,279,182,197,70,78,96,91,192,198,3288,1,23,23,12,11,6,123,36,6,8,8,15,0,0,0,10,18,23,12,9,9,3,56,0,3,17,4,10,12.3657,0.2382,0.3203,0.3652,0.6855,8.0956,8.7628,0.6672,3.4695,0.0000,0.0000,0.3913,0.5217,3.0435,0.6667,0.3333,0.4107,4.0478,131.5200,0.0000,1.2850,0.4923,2.5256,0.2982
277,0,0,0,0,0,0,0,0,0,0,0,0,0,0,0,0,0,0,0,0,0,0,0,0,0,0,0,0,0,0,0,0,0,0,0,0,0,0,0,0,0,0,0,0,0,0.0000,0.0000,0.0000,0.0000,0.0000,0.0000,0.0000,0.0000,0.0000,0.0000,0.0000,0.0000,0.0000,0.0000,0.0000,0.0000,0.0000,0.0000,0.0000,0.0000,0.0000,0.0000,0.0000,0.0000
278,0,0,0,0,0,0,0,0,0,0,0,0,0,0,0,0,0,0,0,0,0,0,0,0,0,0,0,0,0,0,0,0,0,0,0,0,0,0,0,0,0,0,0,0,0,0.0000,0.0000,0.0000,0.0000,0.0000,0.0000,0.0000,0.0000,0.0000,0.0000,0.0000,0.0000,0.0000,0.0000,0.0000,0.0000,0.0000,0.0000,0.0000,0.0000,0.0000,0.0000,0.0000,0.0000
279,0,0,0,0,0,0,0,0,0,0,0,0,0,0,0,0,0,0,0,0,0,0,0,0,0,0,0,0,0,0,0,0,0,0,0,0,0,0,0,0,0,0,0,0,0,0.0000,0.0000,0.0000,0.0000,0.0000,0.0000,0.0000,0.0000,0.0000,0.0000,0.0000,0.0000,0.0000,0.0000,0.0000,0.0000,0.0000,0.0000,0.0000,0.0000,0.0000,0.0000,0.0000,0.0000
280,0,0,0,0,0,0,0,0,0,0,0,0,0,0,0,0,0,0,0,0,0,0,0,0,0,0,0,0,0,0,0,0,0,0,0,0,0,0,0,0,0,0,0,0,0,0.0000,0.0000,0.0000,0.0000,0.0000,0.0000,0.0000,0.0000,0.0000,0.0000,0.0000,0.0000,0.0000,0.0000,0.0000,0.0000,0.0000,0.0000,0.0000,0.0000,0.0000,0.0000,0.0000,0.0000
281,0,0,0,0,0,0,0,0,0,0,0,0,0,0,0,0,0,0,0,0,0,0,0,0,0,0,0,0,0,0,0,0,0,0,0,0,0,0,0,0,0,0,0,0,0,0.0000,0.0000,0.0000,0.0000,0.0000,0.0000,0.0000,0.0000,0.0000,0.0000,0.0000,0.0000,0.0000,0.0000,0.0000,0.0000,0.0000,0.0000,0.0000,0.0000,0.0000,0.0000,0.0000,0.0000
282,0,0,0,0,0,0,0,0,0,0,0,0,0,0,0,0,0,0,0,0,0,0,0,0,0,0,0,0,0,0,0,0,0,0,0,0,0,0,0,0,0,0,0,0,0,0.0000,0.0000,0.0000,0.0000,0.0000,0.0000,0.0000,0.0000,0.0000,0.0000,0.0000,0.0000,0.0000,0.0000,0.0000,0.0000,0.0000,0.0000,0.0000,0.0000,0.0000,0.0000,0.0000,0.0000
283,0,0,0,0,0,0,0,0,0,0,0,0,0,0,0,0,0,0,0,0,0,0,0,0,0,0,0,0,0,0,0,0,0,0,0,0,0,0,0,0,0,0,0,0,0,0.0000,0.0000,0.0000,0.0000,0.0000,0.0000,0.0000,0.0000,0.0000,0.0000,0.0000,0.0000,0.0000,0.0000,0.0000,0.0000,0.0000,0.0000,0.0000,0.0000,0.0000,0.0000,0.0000,0.0000
284,0,0,0,0,0,0,0,0,0,0,0,0,0,0,0,0,0,0,0,0,0,0,0,0,0,0,0,0,0,0,0,0,0,0,0,0,0,0,0,0,0,0,0,0,0,0.0000,0.0000,0.0000,0.0000,0.0000,0.0000,0.0000,0.0000,0.0000,0.0000,0.0000,0.0000,0.0000,0.0000,0.0000,0.0000,0.0000,0.0000,0.0000,0.0000,0.0000,0.0000,0.0000,0.0000
285,0,0,0,0,0,0,0,0,0,0,0,0,0,0,0,0,0,0,0,0,0,0,0,0,0,0,0,0,0,0,0,0,0,0,0,0,0,0,0,0,0,0,0,0,0,0.0000,0.0000,0.0000,0.0000,0.0000,0.0000,0.0000,0.0000,0.0000,0.0000,0.0000,0.0000,0.0000,0.0000,0.0000,0.0000,0.0000,0.0000,0.0000,0.0000,0.0000,0.0000,0.0000,0.0000
286,0,0,0,0,0,0,0,0,0,0,0,0,0,0,0,0,0,0,0,0,0,0,0,0,0,0,0,0,0,0,0,0,0,0,0,0,0,0,0,0,0,0,0,0,0,0.0000,0.0000,0.0000,0.0000,0.0000,0.0000,0.0000,0.0000,0.0000,0.0000,0.0000,0.0000,0.0000,0.0000,0.0000,0.0000,0.0000,0.0000,0.0000,0.0000,0.0000,0.0000,0.0000,0.0000
287,0,0,0,0,0,0,0,0,0,0,0,0,0,0,0,0,0,0,0,0,0,0,0,0,0,0,0,0,0,0,0,0,0,0,0,0,0,0,0,0,0,0,0,0,0,0.0000,0.0000,0.0000,0.0000,0.0000,0.0000,0.0000,0.0000,0.0000,0.0000,0.0000,0.0000,0.0000,0.0000,0.0000,0.0000,0.0000,0.0000,0.0000,0.0000,0.0000,0.0000,0.0000,0.0000
288,0,0,0,0,0,0,0,0,0,0,0,0,0,0,0,0,0,0,0,0,0,0,0,0,0,0,0,0,0,0,0,0,0,0,0,0,0,0,0,0,0,0,0,0,0,0.0000,0.0000,0.0000,0.0000,0.0000,0.0000,0.0000,0.0000,0.0000,0.0000,0.0000,0.0000,0.0000,0.0000,0.0000,0.0000,0.0000,0.0000,0.0000,0.0000,0.0000,0.0000,0.0000,0.0000
289,0,0,0,0,0,0,0,0,0,0,0,0,0,0,0,0,0,0,0,0,0,0,0,0,0,0,0,0,0,0,0,0,0,0,0,0,0,0,0,0,0,0,0,0,0,0.0000,0.0000,0.0000,0.0000,0.0000,0.0000,0.0000,0.0000,0.0000,0.0000,0.0000,0.0000,0.0000,0.0000,0.0000,0.0000,0.0000,0.0000,0.0000,0.0000,0.0000,0.0000,0.0000,0.0000
290,0,0,0,0,0,0,0,0,0,0,0,0,0,0,0,0,0,0,0,0,0,0,0,0,0,0,0,0,0,0,0,0,0,0,0,0,0,0,0,0,0,0,0,0,0,0.0000,0.0000,0.0000,0.0000,0.0000,0.0000,0.0000,0.0000,0.0000,0.0000,0.0000,0.0000,0.0000,0.0000,0.0000,0.0000,0.0000,0.0000,0.0000,0.0000,0.0000,0.0000,0.0000,0.0000
291,0,0,0,0,0,0,0,0,0,0,0,0,0,0,0,0,0,0,0,0,0,0,0,0,0,0,0,0,0,0,0,0,0,0,0,0,0,0,0,0,0,0,0,0,0,0.0000,0.0000,0.0000,0.0000,0.0000,0.0000,0.0000,0.0000,0.0000,0.0000,0.0000,0.0000,0.0000,0.0000,0.0000,0.0000,0.0000,0.0000,0.0000,0.0000,0.0000,0.0000,0.0000,0.0000
292,0,0,0,0,0,0,0,0,0,0,0,0,0,0,0,0,0,0,0,0,0,0,0,0,0,0,0,0,0,0,0,0,0,0,0,0,0,0,0,0,0,0,0,0,0,0.0000,0.0000,0.0000,0.0000,0.0000,0.0000,0.0000,0.0000,0.0000,0.0000,0.0000,0.0000,0.0000,0.0000,0.0000,0.0000,0.0000,0.0000,0.0000,0.0000,0.0000,0.0000,0.0000,0.0000
293,0,0,0,0,0,0,0,0,0,0,0,0,0,0,0,0,0,0,0,0,0,0,0,0,0,0,0,0,0,0,0,0,0,0,0,0,0,0,0,0,0,0,0,0,0,0.0000,0.0000,0.0000,0.0000,0.0000,0.0000,0.0000,0.0000,0.0000,0.0000,0.0000,0.0000,0.0000,0.0000,0.0000,0.0000,0.0000,0.0000,0.0000,0.0000,0.0000,0.0000,0.0000,0.0000
294,0,0,0,0,0,0,0,0,0,0,0,0,0,0,0,0,0,0,0,0,0,0,0,0,0,0,0,0,0,0,0,0,0,0,0,0,0,0,0,0,0,0,0,0,0,0.0000,0.0000,0.0000,0.0000,0.0000,0.0000,0.0000,0.0000,0.0000,0.0000,0.0000,0.0000,0.0000,0.0000,0.0000,0.0000,0.0000,0.0000,0.0000,0.0000,0.0000,0.0000,0.0000,0.0000
295,0,0,0,0,0,0,0,0,0,0,0,0,0,0,0,0,0,0,0,0,0,0,0,0,0,0,0,0,0,0,0,0,0,0,0,0,0,0,0,0,0,0,0,0,0,0.0000,0.0000,0.0000,0.0000,0.0000,0.0000,0.0000,0.0000,0.0000,0.0000,0.0000,0.0000,0.0000,0.0000,0.0000,0.0000,0.0000,0.0000,0.0000,0.0000,0.0000,0.0000,0.0000,0.0000
296,0,0,0,0,0,0,0,0,0,0,0,0,0,0,0,0,0,0,0,0,0,0,0,0,0,0,0,0,0,0,0,0,0,0,0,0,0,0,0,0,0,0,0,0,0,0.0000,0.0000,0.0000,0.0000,0.0000,0.0000,0.0000,0.0000,0.0000,0.0000,0.0000,0.0000,0.0000,0.0000,0.0000,0.0000,0.0000,0.0000,0.0000,0.0000,0.0000,0.0000,0.0000,0.0000
297,0,0,0,0,0,0,0,0,0,0,0,0,0,0,0,0,0,0,0,0,0,0,0,0,0,0,0,0,0,0,0,0,0,0,0,0,0,0,0,0,0,0,0,0,0,0.0000,0.0000,0.0000,0.0000,0.0000,0.0000,0.0000,0.0000,0.0000,0.0000,0.0000,0.0000,0.0000,0.0000,0.0000,0.0000,0.0000,0.0000,0.0000,0.0000,0.0000,0.0000,0.0000,0.0000
298,0,0,0,0,0,0,0,0,0,0,0,0,0,0,0,0,0,0,0,0,0,0,0,0,0,0,0,0,0,0,0,0,0,0,0,0,0,0,0,0,0,0,0,0,0,0.0000,0.0000,0.0000,0.0000,0.0000,0.0000,0.0000,0.0000,0.0000,0.0000,0.0000,0.0000,0.0000,0.0000,0.0000,0.0000,0.0000,0.0000,0.0000,0.0000,0.0000,0.0000,0.0000,0.0000
299,0,0,0,0,0,0,0,0,0,0,0,0,0,0,0,0,0,0,0,0,0,0,0,0,0,0,0,0,0,0,0,0,0,0,0,0,0,0,0,0,0,0,0,0,0,0.0000,0.0000,0.0000,0.0000,0.0000,0.0000,0.0000,0.0000,0.0000,0.0000,0.0000,0.0000,0.0000,0.0000,0.0000,0.0000,0.0000,0.0000,0.0000,0.0000,0.0000,0.0000,0.0000,0.0000
300,0,0,0,0,0,0,0,0,0,0,0,0,0,0,0,0,0,0,0,0,0,0,0,0,0,0,0,0,0,0,0,0,0,0,0,0,0,0,0,0,0,0,0,0,0,0.0000,0.0000,0.0000,0.0000,0.0000,0.0000,0.0000,0.0000,0.0000,0.0000,0.0000,0.0000,0.0000,0.0000,0.0000,0.0000,0.0000,0.0000,0.0000,0.0000,0.0000,0.0000,0.0000,0.0000
301,0,0,0,0,0,0,0,0,0,0,0,0,0,0,0,0,0,0,0,0,0,0,0,0,0,0,0,0,0,0,0,0,0,0,0,0,0,0,0,0,0,0,0,0,0,0.0000,0.0000,0.0000,0.0000,0.0000,0.0000,0.0000,0.0000,0.0000,0.0000,0.0000,0.0000,0.0000,0.0000,0.0000,0.0000,0.0000,0.0000,0.0000,0.0000,0.0000,0.0000,0.0000,0.0000
302,0,0,0,0,0,0,0,0,0,0,0,0,0,0,0,0,0,0,0,0,0,0,0,0,0,0,0,0,0,0,0,0,0,0,0,0,0,0,0,0,0,0,0,0,0,0.0000,0.0000,0.0000,0.0000,0.0000,0.0000,0.0000,0.0000,0.0000,0.0000,0.0000,0.0000,0.0000,0.0000,0.0000,0.0000,0.0000,0.0000,0.0000,0.0000,0.0000,0.0000,0.0000,0.0000
303,0,0,0,0,0,0,0,0,0,0,0,0,0,0,0,0,0,0,0,0,0,0,0,0,0,0,0,0,0,0,0,0,0,0,0,0,0,0,0,0,0,0,0,0,0,0.0000,0.0000,0.0000,0.0000,0.0000,0.0000,0.0000,0.0000,0.0000,0.0000,0.0000,0.0000,0.0000,0.0000,0.0000,0.0000,0.0000,0.0000,0.0000,0.0000,0.0000,0.0000,0.0000,0.0000
304,0,0,0,0,0,0,0,0,0,0,0,0,0,0,0,0,0,0,0,0,0,0,0,0,0,0,0,0,0,0,0,0,0,0,0,0,0,0,0,0,0,0,0,0,0,0.0000,0.0000,0.0000,0.0000,0.0000,0.0000,0.0000,0.0000,0.0000,0.0000,0.0000,0.0000,0.0000,0.0000,0.0000,0.0000,0.0000,0.0000,0.0000,0.0000,0.0000,0.0000,0.0000,0.0000
305,0,0,0,0,0,0,0,0,0,0,0,0,0,0,0,0,0,0,0,0,0,0,0,0,0,0,0,0,0,0,0,0,0,0,0,0,0,0,0,0,0,0,0,0,0,0.0000,0.0000,0.0000,0.0000,0.0000,0.0000,0.0000,0.0000,0.0000,0.0000,0.0000,0.0000,0.0000,0.0000,0.0000,0.0000,0.0000,0.0000,0.0000,0.0000,0.0000,0.0000,0.0000,0.0000
306,0,0,0,0,0,0,0,0,0,0,0,0,0,0,0,0,0,0,0,0,0,0,0,0,0,0,0,0,0,0,0,0,0,0,0,0,0,0,0,0,0,0,0,0,0,0.0000,0.0000,0.0000,0.0000,0.0000,0.0000,0.0000,0.0000,0.0000,0.0000,0.0000,0.0000,0.0000,0.0000,0.0000,0.0000,0.0000,0.0000,0.0000,0.0000,0.0000,0.0000,0.0000,0.0000
307,0,0,0,0,0,0,0,0,0,0,0,0,0,0,0,0,0,0,0,0,0,0,0,0,0,0,0,0,0,0,0,0,0,0,0,0,0,0,0,0,0,0,0,0,0,0.0000,0.0000,0.0000,0.0000,0.0000,0.0000,0.0000,0.0000,0.0000,0.0000,0.0000,0.0000,0.0000,0.0000,0.0000,0.0000,0.0000,0.0000,0.0000,0.0000,0.0000,0.0000,0.0000,0.0000
308,0,0,0,0,0,0,0,0,0,0,0,0,0,0,0,0,0,0,0,0,0,0,0,0,0,0,0,0,0,0,0,0,0,0,0,0,0,0,0,0,0,0,0,0,0,0.0000,0.0000,0.0000,0.0000,0.0000,0.0000,0.0000,0.0000,0.0000,0.0000,0.0000,0.0000,0.0000,0.0000,0.0000,0.0000,0.0000,0.0000,0.0000,0.0000,0.0000,0.0000,0.0000,0.0000
309,0,0,0,0,0,0,0,0,0,0,0,0,0,0,0,0,0,0,0,0,0,0,0,0,0,0,0,0,0,0,0,0,0,0,0,0,0,0,0,0,0,0,0,0,0,0.0000,0.0000,0.0000,0.0000,0.0000,0.0000,0.0000,0.0000,0.0000,0.0000,0.0000,0.0000,0.0000,0.0000,0.0000,0.0000,0.0000,0.0000,0.0000,0.0000,0.0000,0.0000,0.0000,0.0000
310,0,0,0,0,0,0,0,0,0,0,0,0,0,0,0,0,0,0,0,0,0,0,0,0,0,0,0,0,0,0,0,0,0,0,0,0,0,0,0,0,0,0,0,0,0,0.0000,0.0000,0.0000,0.0000,0.0000,0.0000,0.0000,0.0000,0.0000,0.0000,0.0000,0.0000,0.0000,0.0000,0.0000,0.0000,0.0000,0.0000,0.0000,0.0000,0.0000,0.0000,0.0000,0.0000
312,0,0,0,0,0,0,0,0,0,0,0,0,0,0,0,0,0,0,0,0,0,0,0,0,0,0,0,0,0,0,0,0,0,0,0,0,0,0,0,0,0,0,0,0,0,0.0000,0.0000,0.0000,0.0000,0.0000,0.0000,0.0000,0.0000,0.0000,0.0000,0.0000,0.0000,0.0000,0.0000,0.0000,0.0000,0.0000,0.0000,0.0000,0.0000,0.0000,0.0000,0.0000,0.0000
313,0,0,0,0,0,0,0,0,0,0,0,0,0,0,0,0,0,0,0,0,0,0,0,0,0,0,0,0,0,0,0,0,0,0,0,0,0,0,0,0,0,0,0,0,0,0.0000,0.0000,0.0000,0.0000,0.0000,0.0000,0.0000,0.0000,0.0000,0.0000,0.0000,0.0000,0.0000,0.0000,0.0000,0.0000,0.0000,0.0000,0.0000,0.0000,0.0000,0.0000,0.0000,0.0000
314,0,0,0,0,0,0,0,0,0,0,0,0,0,0,0,0,0,0,0,0,0,0,0,0,0,0,0,0,0,0,0,0,0,0,0,0,0,0,0,0,0,0,0,0,0,0.0000,0.0000,0.0000,0.0000,0.0000,0.0000,0.0000,0.0000,0.0000,0.0000,0.0000,0.0000,0.0000,0.0000,0.0000,0.0000,0.0000,0.0000,0.0000,0.0000,0.0000,0.0000,0.0000,0.0000
315,0,0,0,0,0,0,0,0,0,0,0,0,0,0,0,0,0,0,0,0,0,0,0,0,0,0,0,0,0,0,0,0,0,0,0,0,0,0,0,0,0,0,0,0,0,0.0000,0.0000,0.0000,0.0000,0.0000,0.0000,0.0000,0.0000,0.0000,0.0000,0.0000,0.0000,0.0000,0.0000,0.0000,0.0000,0.0000,0.0000,0.0000,0.0000,0.0000,0.0000,0.0000,0.0000
316,0,0,0,0,0,0,0,0,0,0,0,0,0,0,0,0,0,0,0,0,0,0,0,0,0,0,0,0,0,0,0,0,0,0,0,0,0,0,0,0,0,0,0,0,0,0.0000,0.0000,0.0000,0.0000,0.0000,0.0000,0.0000,0.0000,0.0000,0.0000,0.0000,0.0000,0.0000,0.0000,0.0000,0.0000,0.0000,0.0000,0.0000,0.0000,0.0000,0.0000,0.0000,0.0000
317,0,0,0,0,0,0,0,0,0,0,0,0,0,0,0,0,0,0,0,0,0,0,0,0,0,0,0,0,0,0,0,0,0,0,0,0,0,0,0,0,0,0,0,0,0,0.0000,0.0000,0.0000,0.0000,0.0000,0.0000,0.0000,0.0000,0.0000,0.0000,0.0000,0.0000,0.0000,0.0000,0.0000,0.0000,0.0000,0.0000,0.0000,0.0000,0.0000,0.0000,0.0000,0.0000
318,0,0,0,0,0,0,0,0,0,0,0,0,0,0,0,0,0,0,0,0,0,0,0,0,0,0,0,0,0,0,0,0,0,0,0,0,0,0,0,0,0,0,0,0,0,0.0000,0.0000,0.0000,0.0000,0.0000,0.0000,0.0000,0.0000,0.0000,0.0000,0.0000,0.0000,0.0000,0.0000,0.0000,0.0000,0.0000,0.0000,0.0000,0.0000,0.0000,0.0000,0.0000,0.0000
319,0,0,0,0,0,0,0,0,0,0,0,0,0,0,0,0,0,0,0,0,0,0,0,0,0,0,0,0,0,0,0,0,0,0,0,0,0,0,0,0,0,0,0,0,0,0.0000,0.0000,0.0000,0.0000,0.0000,0.0000,0.0000,0.0000,0.0000,0.0000,0.0000,0.0000,0.0000,0.0000,0.0000,0.0000,0.0000,0.0000,0.0000,0.0000,0.0000,0.0000,0.0000,0.0000
320,0,0,0,0,0,0,0,0,0,0,0,0,0,0,0,0,0,0,0,0,0,0,0,0,0,0,0,0,0,0,0,0,0,0,0,0,0,0,0,0,0,0,0,0,0,0.0000,0.0000,0.0000,0.0000,0.0000,0.0000,0.0000,0.0000,0.0000,0.0000,0.0000,0.0000,0.0000,0.0000,0.0000,0.0000,0.0000,0.0000,0.0000,0.0000,0.0000,0.0000,0.0000,0.0000
322,0,0,0,0,0,0,0,0,0,0,0,0,0,0,0,0,0,0,0,0,0,0,0,0,0,0,0,0,0,0,0,0,0,0,0,0,0,0,0,0,0,0,0,0,0,0.0000,0.0000,0.0000,0.0000,0.0000,0.0000,0.0000,0.0000,0.0000,0.0000,0.0000,0.0000,0.0000,0.0000,0.0000,0.0000,0.0000,0.0000,0.0000,0.0000,0.0000,0.0000,0.0000,0.0000
323,0,0,0,0,0,0,0,0,0,0,0,0,0,0,0,0,0,0,0,0,0,0,0,0,0,0,0,0,0,0,0,0,0,0,0,0,0,0,0,0,0,0,0,0,0,0.0000,0.0000,0.0000,0.0000,0.0000,0.0000,0.0000,0.0000,0.0000,0.0000,0.0000,0.0000,0.0000,0.0000,0.0000,0.0000,0.0000,0.0000,0.0000,0.0000,0.0000,0.0000,0.0000,0.0000
324,0,0,0,0,0,0,0,0,0,0,0,0,0,0,0,0,0,0,0,0,0,0,0,0,0,0,0,0,0,0,0,0,0,0,0,0,0,0,0,0,0,0,0,0,0,0.0000,0.0000,0.0000,0.0000,0.0000,0.0000,0.0000,0.0000,0.0000,0.0000,0.0000,0.0000,0.0000,0.0000,0.0000,0.0000,0.0000,0.0000,0.0000,0.0000,0.0000,0.0000,0.0000,0.0000
325,0,0,0,0,0,0,0,0,0,0,0,0,0,0,0,0,0,0,0,0,0,0,0,0,0,0,0,0,0,0,0,0,0,0,0,0,0,0,0,0,0,0,0,0,0,0.0000,0.0000,0.0000,0.0000,0.0000,0.0000,0.0000,0.0000,0.0000,0.0000,0.0000,0.0000,0.0000,0.0000,0.0000,0.0000,0.0000,0.0000,0.0000,0.0000,0.0000,0.0000,0.0000,0.0000
326,0,0,0,0,0,0,0,0,0,0,0,0,0,0,0,0,0,0,0,0,0,0,0,0,0,0,0,0,0,0,0,0,0,0,0,0,0,0,0,0,0,0,0,0,0,0.0000,0.0000,0.0000,0.0000,0.0000,0.0000,0.0000,0.0000,0.0000,0.0000,0.0000,0.0000,0.0000,0.0000,0.0000,0.0000,0.0000,0.0000,0.0000,0.0000,0.0000,0.0000,0.0000,0.0000
327,0,0,0,0,0,0,0,0,0,0,0,0,0,0,0,0,0,0,0,0,0,0,0,0,0,0,0,0,0,0,0,0,0,0,0,0,0,0,0,0,0,0,0,0,0,0.0000,0.0000,0.0000,0.0000,0.0000,0.0000,0.0000,0.0000,0.0000,0.0000,0.0000,0.0000,0.0000,0.0000,0.0000,0.0000,0.0000,0.0000,0.0000,0.0000,0.0000,0.0000,0.0000,0.0000
328,0,0,0,0,0,0,0,0,0,0,0,0,0,0,0,0,0,0,0,0,0,0,0,0,0,0,0,0,0,0,0,0,0,0,0,0,0,0,0,0,0,0,0,0,0,0.0000,0.0000,0.0000,0.0000,0.0000,0.0000,0.0000,0.0000,0.0000,0.0000,0.0000,0.0000,0.0000,0.0000,0.0000,0.0000,0.0000,0.0000,0.0000,0.0000,0.0000,0.0000,0.0000,0.0000
329,0,0,0,0,0,0,0,0,0,0,0,0,0,0,0,0,0,0,0,0,0,0,0,0,0,0,0,0,0,0,0,0,0,0,0,0,0,0,0,0,0,0,0,0,0,0.0000,0.0000,0.0000,0.0000,0.0000,0.0000,0.0000,0.0000,0.0000,0.0000,0.0000,0.0000,0.0000,0.0000,0.0000,0.0000,0.0000,0.0000,0.0000,0.0000,0.0000,0.0000,0.0000,0.0000
330,0,0,0,0,0,0,0,0,0,0,0,0,0,0,0,0,0,0,0,0,0,0,0,0,0,0,0,0,0,0,0,0,0,0,0,0,0,0,0,0,0,0,0,0,0,0.0000,0.0000,0.0000,0.0000,0.0000,0.0000,0.0000,0.0000,0.0000,0.0000,0.0000,0.0000,0.0000,0.0000,0.0000,0.0000,0.0000,0.0000,0.0000,0.0000,0.0000,0.0000,0.0000,0.0000
331,0,0,0,0,0,0,0,0,0,0,0,0,0,0,0,0,0,0,0,0,0,0,0,0,0,0,0,0,0,0,0,0,0,0,0,0,0,0,0,0,0,0,0,0,0,0.0000,0.0000,0.0000,0.0000,0.0000,0.0000,0.0000,0.0000,0.0000,0.0000,0.0000,0.0000,0.0000,0.0000,0.0000,0.0000,0.0000,0.0000,0.0000,0.0000,0.0000,0.0000,0.0000,0.0000
332,0,0,0,0,0,0,0,0,0,0,0,0,0,0,0,0,0,0,0,0,0,0,0,0,0,0,0,0,0,0,0,0,0,0,0,0,0,0,0,0,0,0,0,0,0,0.0000,0.0000,0.0000,0.0000,0.0000,0.0000,0.0000,0.0000,0.0000,0.0000,0.0000,0.0000,0.0000,0.0000,0.0000,0.0000,0.0000,0.0000,0.0000,0.0000,0.0000,0.0000,0.0000,0.0000
333,0,0,0,0,0,0,0,0,0,0,0,0,0,0,0,0,0,0,0,0,0,0,0,0,0,0,0,0,0,0,0,0,0,0,0,0,0,0,0,0,0,0,0,0,0,0.0000,0.0000,0.0000,0.0000,0.0000,0.0000,0.0000,0.0000,0.0000,0.0000,0.0000,0.0000,0.0000,0.0000,0.0000,0.0000,0.0000,0.0000,0.0000,0.0000,0.0000,0.0000,0.0000,0.0000
334,0,0,0,0,0,0,0,0,0,0,0,0,0,0,0,0,0,0,0,0,0,0,0,0,0,0,0,0,0,0,0,0,0,0,0,0,0,0,0,0,0,0,0,0,0,0.0000,0.0000,0.0000,0.0000,0.0000,0.0000,0.0000,0.0000,0.0000,0.0000,0.0000,0.0000,0.0000,0.0000,0.0000,0.0000,0.0000,0.0000,0.0000,0.0000,0.0000,0.0000,0.0000,0.0000
335,0,0,0,0,0,0,0,0,0,0,0,0,0,0,0,0,0,0,0,0,0,0,0,0,0,0,0,0,0,0,0,0,0,0,0,0,0,0,0,0,0,0,0,0,0,0.0000,0.0000,0.0000,0.0000,0.0000,0.0000,0.0000,0.0000,0.0000,0.0000,0.0000,0.0000,0.0000,0.0000,0.0000,0.0000,0.0000,0.0000,0.0000,0.0000,0.0000,0.0000,0.0000,0.0000
336,0,0,0,0,0,0,0,0,0,0,0,0,0,0,0,0,0,0,0,0,0,0,0,0,0,0,0,0,0,0,0,0,0,0,0,0,0,0,0,0,0,0,0,0,0,0.0000,0.0000,0.0000,0.0000,0.0000,0.0000,0.0000,0.0000,0.0000,0.0000,0.0000,0.0000,0.0000,0.0000,0.0000,0.0000,0.0000,0.0000,0.0000,0.0000,0.0000,0.0000,0.0000,0.0000
337,0,0,0,0,0,0,0,0,0,0,0,0,0,0,0,0,0,0,0,0,0,0,0,0,0,0,0,0,0,0,0,0,0,0,0,0,0,0,0,0,0,0,0,0,0,0.0000,0.0000,0.0000,0.0000,0.0000,0.0000,0.0000,0.0000,0.0000,0.0000,0.0000,0.0000,0.0000,0.0000,0.0000,0.0000,0.0000,0.0000,0.0000,0.0000,0.0000,0.0000,0.0000,0.0000
338,0,0,0,0,0,0,0,0,0,0,0,0,0,0,0,0,0,0,0,0,0,0,0,0,0,0,0,0,0,0,0,0,0,0,0,0,0,0,0,0,0,0,0,0,0,0.0000,0.0000,0.0000,0.0000,0.0000,0.0000,0.0000,0.0000,0.0000,0.0000,0.0000,0.0000,0.0000,0.0000,0.0000,0.0000,0.0000,0.0000,0.0000,0.0000,0.0000,0.0000,0.0000,0.0000
339,0,0,0,0,0,0,0,0,0,0,0,0,0,0,0,0,0,0,0,0,0,0,0,0,0,0,0,0,0,0,0,0,0,0,0,0,0,0,0,0,0,0,0,0,0,0.0000,0.0000,0.0000,0.0000,0.0000,0.0000,0.0000,0.0000,0.0000,0.0000,0.0000,0.0000,0.0000,0.0000,0.0000,0.0000,0.0000,0.0000,0.0000,0.0000,0.0000,0.0000,0.0000,0.0000
340,0,0,0,0,0,0,0,0,0,0,0,0,0,0,0,0,0,0,0,0,0,0,0,0,0,0,0,0,0,0,0,0,0,0,0,0,0,0,0,0,0,0,0,0,0,0.0000,0.0000,0.0000,0.0000,0.0000,0.0000,0.0000,0.0000,0.0000,0.0000,0.0000,0.0000,0.0000,0.0000,0.0000,0.0000,0.0000,0.0000,0.0000,0.0000,0.0000,0.0000,0.0000,0.0000
343,0,0,0,0,0,0,0,0,0,0,0,0,0,0,0,0,0,0,0,0,0,0,0,0,0,0,0,0,0,0,0,0,0,0,0,0,0,0,0,0,0,0,0,0,0,0.0000,0.0000,0.0000,0.0000,0.0000,0.0000,0.0000,0.0000,0.0000,0.0000,0.0000,0.0000,0.0000,0.0000,0.0000,0.0000,0.0000,0.0000,0.0000,0.0000,0.0000,0.0000,0.0000,0.0000
344,0,0,0,0,0,0,0,0,0,0,0,0,0,0,0,0,0,0,0,0,0,0,0,0,0,0,0,0,0,0,0,0,0,0,0,0,0,0,0,0,0,0,0,0,0,0.0000,0.0000,0.0000,0.0000,0.0000,0.0000,0.0000,0.0000,0.0000,0.0000,0.0000,0.0000,0.0000,0.0000,0.0000,0.0000,0.0000,0.0000,0.0000,0.0000,0.0000,0.0000,0.0000,0.0000
345,0,0,0,0,0,0,0,0,0,0,0,0,0,0,0,0,0,0,0,0,0,0,0,0,0,0,0,0,0,0,0,0,0,0,0,0,0,0,0,0,0,0,0,0,0,0.0000,0.0000,0.0000,0.0000,0.0000,0.0000,0.0000,0.0000,0.0000,0.0000,0.0000,0.0000,0.0000,0.0000,0.0000,0.0000,0.0000,0.0000,0.0000,0.0000,0.0000,0.0000,0.0000,0.0000
346,0,0,0,0,0,0,0,0,0,0,0,0,0,0,0,0,0,0,0,0,0,0,0,0,0,0,0,0,0,0,0,0,0,0,0,0,0,0,0,0,0,0,0,0,0,0.0000,0.0000,0.0000,0.0000,0.0000,0.0000,0.0000,0.0000,0.0000,0.0000,0.0000,0.0000,0.0000,0.0000,0.0000,0.0000,0.0000,0.0000,0.0000,0.0000,0.0000,0.0000,0.0000,0.0000
347,0,0,0,0,0,0,0,0,0,0,0,0,0,0,0,0,0,0,0,0,0,0,0,0,0,0,0,0,0,0,0,0,0,0,0,0,0,0,0,0,0,0,0,0,0,0.0000,0.0000,0.0000,0.0000,0.0000,0.0000,0.0000,0.0000,0.0000,0.0000,0.0000,0.0000,0.0000,0.0000,0.0000,0.0000,0.0000,0.0000,0.0000,0.0000,0.0000,0.0000,0.0000,0.0000
348,0,0,0,0,0,0,0,0,0,0,0,0,0,0,0,0,0,0,0,0,0,0,0,0,0,0,0,0,0,0,0,0,0,0,0,0,0,0,0,0,0,0,0,0,0,0.0000,0.0000,0.0000,0.0000,0.0000,0.0000,0.0000,0.0000,0.0000,0.0000,0.0000,0.0000,0.0000,0.0000,0.0000,0.0000,0.0000,0.0000,0.0000,0.0000,0.0000,0.0000,0.0000,0.0000
349,0,0,0,0,0,0,0,0,0,0,0,0,0,0,0,0,0,0,0,0,0,0,0,0,0,0,0,0,0,0,0,0,0,0,0,0,0,0,0,0,0,0,0,0,0,0.0000,0.0000,0.0000,0.0000,0.0000,0.0000,0.0000,0.0000,0.0000,0.0000,0.0000,0.0000,0.0000,0.0000,0.0000,0.0000,0.0000,0.0000,0.0000,0.0000,0.0000,0.0000,0.0000,0.0000
350,0,0,0,0,0,0,0,0,0,0,0,0,0,0,0,0,0,0,0,0,0,0,0,0,0,0,0,0,0,0,0,0,0,0,0,0,0,0,0,0,0,0,0,0,0,0.0000,0.0000,0.0000,0.0000,0.0000,0.0000,0.0000,0.0000,0.0000,0.0000,0.0000,0.0000,0.0000,0.0000,0.0000,0.0000,0.0000,0.0000,0.0000,0.0000,0.0000,0.0000,0.0000,0.0000
351,0,0,0,0,0,0,0,0,0,0,0,0,0,0,0,0,0,0,0,0,0,0,0,0,0,0,0,0,0,0,0,0,0,0,0,0,0,0,0,0,0,0,0,0,0,0.0000,0.0000,0.0000,0.0000,0.0000,0.0000,0.0000,0.0000,0.0000,0.0000,0.0000,0.0000,0.0000,0.0000,0.0000,0.0000,0.0000,0.0000,0.0000,0.0000,0.0000,0.0000,0.0000,0.0000
352,0,0,0,0,0,0,0,0,0,0,0,0,0,0,0,0,0,0,0,0,0,0,0,0,0,0,0,0,0,0,0,0,0,0,0,0,0,0,0,0,0,0,0,0,0,0.0000,0.0000,0.0000,0.0000,0.0000,0.0000,0.0000,0.0000,0.0000,0.0000,0.0000,0.0000,0.0000,0.0000,0.0000,0.0000,0.0000,0.0000,0.0000,0.0000,0.0000,0.0000,0.0000,0.0000
353,0,0,0,0,0,0,0,0,0,0,0,0,0,0,0,0,0,0,0,0,0,0,0,0,0,0,0,0,0,0,0,0,0,0,0,0,0,0,0,0,0,0,0,0,0,0.0000,0.0000,0.0000,0.0000,0.0000,0.0000,0.0000,0.0000,0.0000,0.0000,0.0000,0.0000,0.0000,0.0000,0.0000,0.0000,0.0000,0.0000,0.0000,0.0000,0.0000,0.0000,0.0000,0.0000
354,0,0,0,0,0,0,0,0,0,0,0,0,0,0,0,0,0,0,0,0,0,0,0,0,0,0,0,0,0,0,0,0,0,0,0,0,0,0,0,0,0,0,0,0,0,0.0000,0.0000,0.0000,0.0000,0.0000,0.0000,0.0000,0.0000,0.0000,0.0000,0.0000,0.0000,0.0000,0.0000,0.0000,0.0000,0.0000,0.0000,0.0000,0.0000,0.0000,0.0000,0.0000,0.0000
355,0,0,0,0,0,0,0,0,0,0,0,0,0,0,0,0,0,0,0,0,0,0,0,0,0,0,0,0,0,0,0,0,0,0,0,0,0,0,0,0,0,0,0,0,0,0.0000,0.0000,0.0000,0.0000,0.0000,0.0000,0.0000,0.0000,0.0000,0.0000,0.0000,0.0000,0.0000,0.0000,0.0000,0.0000,0.0000,0.0000,0.0000,0.0000,0.0000,0.0000,0.0000,0.0000
356,0,0,0,0,0,0,0,0,0,0,0,0,0,0,0,0,0,0,0,0,0,0,0,0,0,0,0,0,0,0,0,0,0,0,0,0,0,0,0,0,0,0,0,0,0,0.0000,0.0000,0.0000,0.0000,0.0000,0.0000,0.0000,0.0000,0.0000,0.0000,0.0000,0.0000,0.0000,0.0000,0.0000,0.0000,0.0000,0.0000,0.0000,0.0000,0.0000,0.0000,0.0000,0.0000
357,0,0,0,0,0,0,0,0,0,0,0,0,0,0,0,0,0,0,0,0,0,0,0,0,0,0,0,0,0,0,0,0,0,0,0,0,0,0,0,0,0,0,0,0,0,0.0000,0.0000,0.0000,0.0000,0.0000,0.0000,0.0000,0.0000,0.0000,0.0000,0.0000,0.0000,0.0000,0.0000,0.0000,0.0000,0.0000,0.0000,0.0000,0.0000,0.0000,0.0000,0.0000,0.0000
358,0,0,0,0,0,0,0,0,0,0,0,0,0,0,0,0,0,0,0,0,0,0,0,0,0,0,0,0,0,0,0,0,0,0,0,0,0,0,0,0,0,0,0,0,0,0.0000,0.0000,0.0000,0.0000,0.0000,0.0000,0.0000,0.0000,0.0000,0.0000,0.0000,0.0000,0.0000,0.0000,0.0000,0.0000,0.0000,0.0000,0.0000,0.0000,0.0000,0.0000,0.0000,0.0000
359,0,0,0,0,0,0,0,0,0,0,0,0,0,0,0,0,0,0,0,0,0,0,0,0,0,0,0,0,0,0,0,0,0,0,0,0,0,0,0,0,0,0,0,0,0,0.0000,0.0000,0.0000,0.0000,0.0000,0.0000,0.0000,0.0000,0.0000,0.0000,0.0000,0.0000,0.0000,0.0000,0.0000,0.0000,0.0000,0.0000,0.0000,0.0000,0.0000,0.0000,0.0000,0.0000
360,0,0,0,0,0,0,0,0,0,0,0,0,0,0,0,0,0,0,0,0,0,0,0,0,0,0,0,0,0,0,0,0,0,0,0,0,0,0,0,0,0,0,0,0,0,0.0000,0.0000,0.0000,0.0000,0.0000,0.0000,0.0000,0.0000,0.0000,0.0000,0.0000,0.0000,0.0000,0.0000,0.0000,0.0000,0.0000,0.0000,0.0000,0.0000,0.0000,0.0000,0.0000,0.0000
361,0,0,0,0,0,0,0,0,0,0,0,0,0,0,0,0,0,0,0,0,0,0,0,0,0,0,0,0,0,0,0,0,0,0,0,0,0,0,0,0,0,0,0,0,0,0.0000,0.0000,0.0000,0.0000,0.0000,0.0000,0.0000,0.0000,0.0000,0.0000,0.0000,0.0000,0.0000,0.0000,0.0000,0.0000,0.0000,0.0000,0.0000,0.0000,0.0000,0.0000,0.0000,0.0000
403,0,0,0,0,0,0,0,0,0,0,0,0,0,0,0,0,0,0,0,0,0,0,0,0,0,0,0,0,0,0,0,0,0,0,0,0,0,0,0,0,0,0,0,0,0,0.0000,0.0000,0.0000,0.0000,0.0000,0.0000,0.0000,0.0000,0.0000,0.0000,0.0000,0.0000,0.0000,0.0000,0.0000,0.0000,0.0000,0.0000,0.0000,0.0000,0.0000,0.0000,0.0000,0.0000
404,0,0,0,0,0,0,0,0,0,0,0,0,0,0,0,0,0,0,0,0,0,0,0,0,0,0,0,0,0,0,0,0,0,0,0,0,0,0,0,0,0,0,0,0,0,0.0000,0.0000,0.0000,0.0000,0.0000,0.0000,0.0000,0.0000,0.0000,0.0000,0.0000,0.0000,0.0000,0.0000,0.0000,0.0000,0.0000,0.0000,0.0000,0.0000,0.0000,0.0000,0.0000,0.0000
405,0,0,0,0,0,0,0,0,0,0,0,0,0,0,0,0,0,0,0,0,0,0,0,0,0,0,0,0,0,0,0,0,0,0,0,0,0,0,0,0,0,0,0,0,0,0.0000,0.0000,0.0000,0.0000,0.0000,0.0000,0.0000,0.0000,0.0000,0.0000,0.0000,0.0000,0.0000,0.0000,0.0000,0.0000,0.0000,0.0000,0.0000,0.0000,0.0000,0.0000,0.0000,0.0000
406,0,0,0,0,0,0,0,0,0,0,0,0,0,0,0,0,0,0,0,0,0,0,0,0,0,0,0,0,0,0,0,0,0,0,0,0,0,0,0,0,0,0,0,0,0,0.0000,0.0000,0.0000,0.0000,0.0000,0.0000,0.0000,0.0000,0.0000,0.0000,0.0000,0.0000,0.0000,0.0000,0.0000,0.0000,0.0000,0.0000,0.0000,0.0000,0.0000,0.0000,0.0000,0.0000
408,0,0,0,0,0,0,0,0,0,0,0,0,0,0,0,0,0,0,0,0,0,0,0,0,0,0,0,0,0,0,0,0,0,0,0,0,0,0,0,0,0,0,0,0,0,0.0000,0.0000,0.0000,0.0000,0.0000,0.0000,0.0000,0.0000,0.0000,0.0000,0.0000,0.0000,0.0000,0.0000,0.0000,0.0000,0.0000,0.0000,0.0000,0.0000,0.0000,0.0000,0.0000,0.0000
409,0,0,0,0,0,0,0,0,0,0,0,0,0,0,0,0,0,0,0,0,0,0,0,0,0,0,0,0,0,0,0,0,0,0,0,0,0,0,0,0,0,0,0,0,0,0.0000,0.0000,0.0000,0.0000,0.0000,0.0000,0.0000,0.0000,0.0000,0.0000,0.0000,0.0000,0.0000,0.0000,0.0000,0.0000,0.0000,0.0000,0.0000,0.0000,0.0000,0.0000,0.0000,0.0000
410,0,0,0,0,0,0,0,0,0,0,0,0,0,0,0,0,0,0,0,0,0,0,0,0,0,0,0,0,0,0,0,0,0,0,0,0,0,0,0,0,0,0,0,0,0,0.0000,0.0000,0.0000,0.0000,0.0000,0.0000,0.0000,0.0000,0.0000,0.0000,0.0000,0.0000,0.0000,0.0000,0.0000,0.0000,0.0000,0.0000,0.0000,0.0000,0.0000,0.0000,0.0000,0.0000
584,0,0,0,0,0,0,0,0,0,0,0,0,0,0,0,0,0,0,0,0,0,0,0,0,0,0,0,0,0,0,0,0,0,0,0,0,0,0,0,0,0,0,0,0,0,0.0000,0.0000,0.0000,0.0000,0.0000,0.0000,0.0000,0.0000,0.0000,0.0000,0.0000,0.0000,0.0000,0.0000,0.0000,0.0000,0.0000,0.0000,0.0000,0.0000,0.0000,0.0000,0.0000,0.0000
585,0,0,0,0,0,0,0,0,0,0,0,0,0,0,0,0,0,0,0,0,0,0,0,0,0,0,0,0,0,0,0,0,0,0,0,0,0,0,0,0,0,0,0,0,0,0.0000,0.0000,0.0000,0.0000,0.0000,0.0000,0.0000,0.0000,0.0000,0.0000,0.0000,0.0000,0.0000,0.0000,0.0000,0.0000,0.0000,0.0000,0.0000,0.0000,0.0000,0.0000,0.0000,0.0000
586,0,0,0,0,0,0,0,0,0,0,0,0,0,0,0,0,0,0,0,0,0,0,0,0,0,0,0,0,0,0,0,0,0,0,0,0,0,0,0,0,0,0,0,0,0,0.0000,0.0000,0.0000,0.0000,0.0000,0.0000,0.0000,0.0000,0.0000,0.0000,0.0000,0.0000,0.0000,0.0000,0.0000,0.0000,0.0000,0.0000,0.0000,0.0000,0.0000,0.0000,0.0000,0.0000
587,0,0,0,0,0,0,0,0,0,0,0,0,0,0,0,0,0,0,0,0,0,0,0,0,0,0,0,0,0,0,0,0,0,0,0,0,0,0,0,0,0,0,0,0,0,0.0000,0.0000,0.0000,0.0000,0.0000,0.0000,0.0000,0.0000,0.0000,0.0000,0.0000,0.0000,0.0000,0.0000,0.0000,0.0000,0.0000,0.0000,0.0000,0.0000,0.0000,0.0000,0.0000,0.0000
588,0,0,0,0,0,0,0,0,0,0,0,0,0,0,0,0,0,0,0,0,0,0,0,0,0,0,0,0,0,0,0,0,0,0,0,0,0,0,0,0,0,0,0,0,0,0.0000,0.0000,0.0000,0.0000,0.0000,0.0000,0.0000,0.0000,0.0000,0.0000,0.0000,0.0000,0.0000,0.0000,0.0000,0.0000,0.0000,0.0000,0.0000,0.0000,0.0000,0.0000,0.0000,0.0000
589,0,0,0,0,0,0,0,0,0,0,0,0,0,0,0,0,0,0,0,0,0,0,0,0,0,0,0,0,0,0,0,0,0,0,0,0,0,0,0,0,0,0,0,0,0,0.0000,0.0000,0.0000,0.0000,0.0000,0.0000,0.0000,0.0000,0.0000,0.0000,0.0000,0.0000,0.0000,0.0000,0.0000,0.0000,0.0000,0.0000,0.0000,0.0000,0.0000,0.0000,0.0000,0.0000
590,0,0,0,0,0,0,0,0,0,0,0,0,0,0,0,0,0,0,0,0,0,0,0,0,0,0,0,0,0,0,0,0,0,0,0,0,0,0,0,0,0,0,0,0,0,0.0000,0.0000,0.0000,0.0000,0.0000,0.0000,0.0000,0.0000,0.0000,0.0000,0.0000,0.0000,0.0000,0.0000,0.0000,0.0000,0.0000,0.0000,0.0000,0.0000,0.0000,0.0000,0.0000,0.0000
591,0,0,0,0,0,0,0,0,0,0,0,0,0,0,0,0,0,0,0,0,0,0,0,0,0,0,0,0,0,0,0,0,0,0,0,0,0,0,0,0,0,0,0,0,0,0.0000,0.0000,0.0000,0.0000,0.0000,0.0000,0.0000,0.0000,0.0000,0.0000,0.0000,0.0000,0.0000,0.0000,0.0000,0.0000,0.0000,0.0000,0.0000,0.0000,0.0000,0.0000,0.0000,0.0000
592,0,0,0,0,0,0,0,0,0,0,0,0,0,0,0,0,0,0,0,0,0,0,0,0,0,0,0,0,0,0,0,0,0,0,0,0,0,0,0,0,0,0,0,0,0,0.0000,0.0000,0.0000,0.0000,0.0000,0.0000,0.0000,0.0000,0.0000,0.0000,0.0000,0.0000,0.0000,0.0000,0.0000,0.0000,0.0000,0.0000,0.0000,0.0000,0.0000,0.0000,0.0000,0.0000
593,0,0,0,0,0,0,0,0,0,0,0,0,0,0,0,0,0,0,0,0,0,0,0,0,0,0,0,0,0,0,0,0,0,0,0,0,0,0,0,0,0,0,0,0,0,0.0000,0.0000,0.0000,0.0000,0.0000,0.0000,0.0000,0.0000,0.0000,0.0000,0.0000,0.0000,0.0000,0.0000,0.0000,0.0000,0.0000,0.0000,0.0000,0.0000,0.0000,0.0000,0.0000,0.0000
594,0,0,0,0,0,0,0,0,0,0,0,0,0,0,0,0,0,0,0,0,0,0,0,0,0,0,0,0,0,0,0,0,0,0,0,0,0,0,0,0,0,0,0,0,0,0.0000,0.0000,0.0000,0.0000,0.0000,0.0000,0.0000,0.0000,0.0000,0.0000,0.0000,0.0000,0.0000,0.0000,0.0000,0.0000,0.0000,0.0000,0.0000,0.0000,0.0000,0.0000,0.0000,0.0000
595,0,0,0,0,0,0,0,0,0,0,0,0,0,0,0,0,0,0,0,0,0,0,0,0,0,0,0,0,0,0,0,0,0,0,0,0,0,0,0,0,0,0,0,0,0,0.0000,0.0000,0.0000,0.0000,0.0000,0.0000,0.0000,0.0000,0.0000,0.0000,0.0000,0.0000,0.0000,0.0000,0.0000,0.0000,0.0000,0.0000,0.0000,0.0000,0.0000,0.0000,0.0000,0.0000
596,0,0,0,0,0,0,0,0,0,0,0,0,0,0,0,0,0,0,0,0,0,0,0,0,0,0,0,0,0,0,0,0,0,0,0,0,0,0,0,0,0,0,0,0,0,0.0000,0.0000,0.0000,0.0000,0.0000,0.0000,0.0000,0.0000,0.0000,0.0000,0.0000,0.0000,0.0000,0.0000,0.0000,0.0000,0.0000,0.0000,0.0000,0.0000,0.0000,0.0000,0.0000,0.0000
597,0,0,0,0,0,0,0,0,0,0,0,0,0,0,0,0,0,0,0,0,0,0,0,0,0,0,0,0,0,0,0,0,0,0,0,0,0,0,0,0,0,0,0,0,0,0.0000,0.0000,0.0000,0.0000,0.0000,0.0000,0.0000,0.0000,0.0000,0.0000,0.0000,0.0000,0.0000,0.0000,0.0000,0.0000,0.0000,0.0000,0.0000,0.0000,0.0000,0.0000,0.0000,0.0000
598,0,0,0,0,0,0,0,0,0,0,0,0,0,0,0,0,0,0,0,0,0,0,0,0,0,0,0,0,0,0,0,0,0,0,0,0,0,0,0,0,0,0,0,0,0,0.0000,0.0000,0.0000,0.0000,0.0000,0.0000,0.0000,0.0000,0.0000,0.0000,0.0000,0.0000,0.0000,0.0000,0.0000,0.0000,0.0000,0.0000,0.0000,0.0000,0.0000,0.0000,0.0000,0.0000
599,0,0,0,0,0,0,0,0,0,0,0,0,0,0,0,0,0,0,0,0,0,0,0,0,0,0,0,0,0,0,0,0,0,0,0,0,0,0,0,0,0,0,0,0,0,0.0000,0.0000,0.0000,0.0000,0.0000,0.0000,0.0000,0.0000,0.0000,0.0000,0.0000,0.0000,0.0000,0.0000,0.0000,0.0000,0.0000,0.0000,0.0000,0.0000,0.0000,0.0000,0.0000,0.0000
600,0,0,0,0,0,0,0,0,0,0,0,0,0,0,0,0,0,0,0,0,0,0,0,0,0,0,0,0,0,0,0,0,0,0,0,0,0,0,0,0,0,0,0,0,0,0.0000,0.0000,0.0000,0.0000,0.0000,0.0000,0.0000,0.0000,0.0000,0.0000,0.0000,0.0000,0.0000,0.0000,0.0000,0.0000,0.0000,0.0000,0.0000,0.0000,0.0000,0.0000,0.0000,0.0000
601,0,0,0,0,0,0,0,0,0,0,0,0,0,0,0,0,0,0,0,0,0,0,0,0,0,0,0,0,0,0,0,0,0,0,0,0,0,0,0,0,0,0,0,0,0,0.0000,0.0000,0.0000,0.0000,0.0000,0.0000,0.0000,0.0000,0.0000,0.0000,0.0000,0.0000,0.0000,0.0000,0.0000,0.0000,0.0000,0.0000,0.0000,0.0000,0.0000,0.0000,0.0000,0.0000
602,0,0,0,0,0,0,0,0,0,0,0,0,0,0,0,0,0,0,0,0,0,0,0,0,0,0,0,0,0,0,0,0,0,0,0,0,0,0,0,0,0,0,0,0,0,0.0000,0.0000,0.0000,0.0000,0.0000,0.0000,0.0000,0.0000,0.0000,0.0000,0.0000,0.0000,0.0000,0.0000,0.0000,0.0000,0.0000,0.0000,0.0000,0.0000,0.0000,0.0000,0.0000,0.0000
603,0,0,0,0,0,0,0,0,0,0,0,0,0,0,0,0,0,0,0,0,0,0,0,0,0,0,0,0,0,0,0,0,0,0,0,0,0,0,0,0,0,0,0,0,0,0.0000,0.0000,0.0000,0.0000,0.0000,0.0000,0.0000,0.0000,0.0000,0.0000,0.0000,0.0000,0.0000,0.0000,0.0000,0.0000,0.0000,0.0000,0.0000,0.0000,0.0000,0.0000,0.0000,0.0000
604,0,0,0,0,0,0,0,0,0,0,0,0,0,0,0,0,0,0,0,0,0,0,0,0,0,0,0,0,0,0,0,0,0,0,0,0,0,0,0,0,0,0,0,0,0,0.0000,0.0000,0.0000,0.0000,0.0000,0.0000,0.0000,0.0000,0.0000,0.0000,0.0000,0.0000,0.0000,0.0000,0.0000,0.0000,0.0000,0.0000,0.0000,0.0000,0.0000,0.0000,0.0000,0.0000
605,0,0,0,0,0,0,0,0,0,0,0,0,0,0,0,0,0,0,0,0,0,0,0,0,0,0,0,0,0,0,0,0,0,0,0,0,0,0,0,0,0,0,0,0,0,0.0000,0.0000,0.0000,0.0000,0.0000,0.0000,0.0000,0.0000,0.0000,0.0000,0.0000,0.0000,0.0000,0.0000,0.0000,0.0000,0.0000,0.0000,0.0000,0.0000,0.0000,0.0000,0.0000,0.0000
606,0,0,0,0,0,0,0,0,0,0,0,0,0,0,0,0,0,0,0,0,0,0,0,0,0,0,0,0,0,0,0,0,0,0,0,0,0,0,0,0,0,0,0,0,0,0.0000,0.0000,0.0000,0.0000,0.0000,0.0000,0.0000,0.0000,0.0000,0.0000,0.0000,0.0000,0.0000,0.0000,0.0000,0.0000,0.0000,0.0000,0.0000,0.0000,0.0000,0.0000,0.0000,0.0000
607,0,0,0,0,0,0,0,0,0,0,0,0,0,0,0,0,0,0,0,0,0,0,0,0,0,0,0,0,0,0,0,0,0,0,0,0,0,0,0,0,0,0,0,0,0,0.0000,0.0000,0.0000,0.0000,0.0000,0.0000,0.0000,0.0000,0.0000,0.0000,0.0000,0.0000,0.0000,0.0000,0.0000,0.0000,0.0000,0.0000,0.0000,0.0000,0.0000,0.0000,0.0000,0.0000
608,0,0,0,0,0,0,0,0,0,0,0,0,0,0,0,0,0,0,0,0,0,0,0,0,0,0,0,0,0,0,0,0,0,0,0,0,0,0,0,0,0,0,0,0,0,0.0000,0.0000,0.0000,0.0000,0.0000,0.0000,0.0000,0.0000,0.0000,0.0000,0.0000,0.0000,0.0000,0.0000,0.0000,0.0000,0.0000,0.0000,0.0000,0.0000,0.0000,0.0000,0.0000,0.0000
609,0,0,0,0,0,0,0,0,0,0,0,0,0,0,0,0,0,0,0,0,0,0,0,0,0,0,0,0,0,0,0,0,0,0,0,0,0,0,0,0,0,0,0,0,0,0.0000,0.0000,0.0000,0.0000,0.0000,0.0000,0.0000,0.0000,0.0000,0.0000,0.0000,0.0000,0.0000,0.0000,0.0000,0.0000,0.0000,0.0000,0.0000,0.0000,0.0000,0.0000,0.0000,0.0000
611,0,0,0,0,0,0,0,0,0,0,0,0,0,0,0,0,0,0,0,0,0,0,0,0,0,0,0,0,0,0,0,0,0,0,0,0,0,0,0,0,0,0,0,0,0,0.0000,0.0000,0.0000,0.0000,0.0000,0.0000,0.0000,0.0000,0.0000,0.0000,0.0000,0.0000,0.0000,0.0000,0.0000,0.0000,0.0000,0.0000,0.0000,0.0000,0.0000,0.0000,0.0000,0.0000
613,0,0,0,0,0,0,0,0,0,0,0,0,0,0,0,0,0,0,0,0,0,0,0,0,0,0,0,0,0,0,0,0,0,0,0,0,0,0,0,0,0,0,0,0,0,0.0000,0.0000,0.0000,0.0000,0.0000,0.0000,0.0000,0.0000,0.0000,0.0000,0.0000,0.0000,0.0000,0.0000,0.0000,0.0000,0.0000,0.0000,0.0000,0.0000,0.0000,0.0000,0.0000,0.0000
614,0,0,0,0,0,0,0,0,0,0,0,0,0,0,0,0,0,0,0,0,0,0,0,0,0,0,0,0,0,0,0,0,0,0,0,0,0,0,0,0,0,0,0,0,0,0.0000,0.0000,0.0000,0.0000,0.0000,0.0000,0.0000,0.0000,0.0000,0.0000,0.0000,0.0000,0.0000,0.0000,0.0000,0.0000,0.0000,0.0000,0.0000,0.0000,0.0000,0.0000,0.0000,0.0000
615,0,0,0,0,0,0,0,0,0,0,0,0,0,0,0,0,0,0,0,0,0,0,0,0,0,0,0,0,0,0,0,0,0,0,0,0,0,0,0,0,0,0,0,0,0,0.0000,0.0000,0.0000,0.0000,0.0000,0.0000,0.0000,0.0000,0.0000,0.0000,0.0000,0.0000,0.0000,0.0000,0.0000,0.0000,0.0000,0.0000,0.0000,0.0000,0.0000,0.0000,0.0000,0.0000
616,0,0,0,0,0,0,0,0,0,0,0,0,0,0,0,0,0,0,0,0,0,0,0,0,0,0,0,0,0,0,0,0,0,0,0,0,0,0,0,0,0,0,0,0,0,0.0000,0.0000,0.0000,0.0000,0.0000,0.0000,0.0000,0.0000,0.0000,0.0000,0.0000,0.0000,0.0000,0.0000,0.0000,0.0000,0.0000,0.0000,0.0000,0.0000,0.0000,0.0000,0.0000,0.0000
617,0,0,0,0,0,0,0,0,0,0,0,0,0,0,0,0,0,0,0,0,0,0,0,0,0,0,0,0,0,0,0,0,0,0,0,0,0,0,0,0,0,0,0,0,0,0.0000,0.0000,0.0000,0.0000,0.0000,0.0000,0.0000,0.0000,0.0000,0.0000,0.0000,0.0000,0.0000,0.0000,0.0000,0.0000,0.0000,0.0000,0.0000,0.0000,0.0000,0.0000,0.0000,0.0000
619,0,0,0,0,0,0,0,0,0,0,0,0,0,0,0,0,0,0,0,0,0,0,0,0,0,0,0,0,0,0,0,0,0,0,0,0,0,0,0,0,0,0,0,0,0,0.0000,0.0000,0.0000,0.0000,0.0000,0.0000,0.0000,0.0000,0.0000,0.0000,0.0000,0.0000,0.0000,0.0000,0.0000,0.0000,0.0000,0.0000,0.0000,0.0000,0.0000,0.0000,0.0000,0.0000
620,0,0,0,0,0,0,0,0,0,0,0,0,0,0,0,0,0,0,0,0,0,0,0,0,0,0,0,0,0,0,0,0,0,0,0,0,0,0,0,0,0,0,0,0,0,0.0000,0.0000,0.0000,0.0000,0.0000,0.0000,0.0000,0.0000,0.0000,0.0000,0.0000,0.0000,0.0000,0.0000,0.0000,0.0000,0.0000,0.0000,0.0000,0.0000,0.0000,0.0000,0.0000,0.0000
651,0,0,0,0,0,0,0,0,0,0,0,0,0,0,0,0,0,0,0,0,0,0,0,0,0,0,0,0,0,0,0,0,0,0,0,0,0,0,0,0,0,0,0,0,0,0.0000,0.0000,0.0000,0.0000,0.0000,0.0000,0.0000,0.0000,0.0000,0.0000,0.0000,0.0000,0.0000,0.0000,0.0000,0.0000,0.0000,0.0000,0.0000,0.0000,0.0000,0.0000,0.0000,0.0000
736,0,0,0,0,0,0,0,0,0,0,0,0,0,0,0,0,0,0,0,0,0,0,0,0,0,0,0,0,0,0,0,0,0,0,0,0,0,0,0,0,0,0,0,0,0,0.0000,0.0000,0.0000,0.0000,0.0000,0.0000,0.0000,0.0000,0.0000,0.0000,0.0000,0.0000,0.0000,0.0000,0.0000,0.0000,0.0000,0.0000,0.0000,0.0000,0.0000,0.0000,0.0000,0.0000
742,0,0,0,0,0,0,0,0,0,0,0,0,0,0,0,0,0,0,0,0,0,0,0,0,0,0,0,0,0,0,0,0,0,0,0,0,0,0,0,0,0,0,0,0,0,0.0000,0.0000,0.0000,0.0000,0.0000,0.0000,0.0000,0.0000,0.0000,0.0000,0.0000,0.0000,0.0000,0.0000,0.0000,0.0000,0.0000,0.0000,0.0000,0.0000,0.0000,0.0000,0.0000,0.0000
745,0,0,0,0,0,0,0,0,0,0,0,0,0,0,0,0,0,0,0,0,0,0,0,0,0,0,0,0,0,0,0,0,0,0,0,0,0,0,0,0,0,0,0,0,0,0.0000,0.0000,0.0000,0.0000,0.0000,0.0000,0.0000,0.0000,0.0000,0.0000,0.0000,0.0000,0.0000,0.0000,0.0000,0.0000,0.0000,0.0000,0.0000,0.0000,0.0000,0.0000,0.0000,0.0000
751,0,0,0,0,0,0,0,0,0,0,0,0,0,0,0,0,0,0,0,0,0,0,0,0,0,0,0,0,0,0,0,0,0,0,0,0,0,0,0,0,0,0,0,0,0,0.0000,0.0000,0.0000,0.0000,0.0000,0.0000,0.0000,0.0000,0.0000,0.0000,0.0000,0.0000,0.0000,0.0000,0.0000,0.0000,0.0000,0.0000,0.0000,0.0000,0.0000,0.0000,0.0000,0.0000
753,0,0,0,0,0,0,0,0,0,0,0,0,0,0,0,0,0,0,0,0,0,0,0,0,0,0,0,0,0,0,0,0,0,0,0,0,0,0,0,0,0,0,0,0,0,0.0000,0.0000,0.0000,0.0000,0.0000,0.0000,0.0000,0.0000,0.0000,0.0000,0.0000,0.0000,0.0000,0.0000,0.0000,0.0000,0.0000,0.0000,0.0000,0.0000,0.0000,0.0000,0.0000,0.0000
754,0,0,0,0,0,0,0,0,0,0,0,0,0,0,0,0,0,0,0,0,0,0,0,0,0,0,0,0,0,0,0,0,0,0,0,0,0,0,0,0,0,0,0,0,0,0.0000,0.0000,0.0000,0.0000,0.0000,0.0000,0.0000,0.0000,0.0000,0.0000,0.0000,0.0000,0.0000,0.0000,0.0000,0.0000,0.0000,0.0000,0.0000,0.0000,0.0000,0.0000,0.0000,0.0000
755,0,0,0,0,0,0,0,0,0,0,0,0,0,0,0,0,0,0,0,0,0,0,0,0,0,0,0,0,0,0,0,0,0,0,0,0,0,0,0,0,0,0,0,0,0,0.0000,0.0000,0.0000,0.0000,0.0000,0.0000,0.0000,0.0000,0.0000,0.0000,0.0000,0.0000,0.0000,0.0000,0.0000,0.0000,0.0000,0.0000,0.0000,0.0000,0.0000,0.0000,0.0000,0.0000
756,2019,157,4,1,755,205,844,265,169,193,64,70,82,75,190,203,3124,2,23,23,15,8,7,110,38,1,7,5,16,2,0,0,12,11,23,24,10,8,1,45,0,2,6,4,8,10.9400,0.2238,0.2966,0.3510,0.6476,7.3955,8.4457,0.7002,3.0632,0.0000,0.0000,0.4348,0.6522,2.7826,0.8750,0.1250,0.5111,3.2820,130.1667,0.0000,1.1621,0.4835,2.7571,0.2767
757,2019,158,4,1,754,190,848,302,200,154,47,73,114,104,195,207,3030,2,22,22,6,16,6,134,43,4,10,10,13,0,0,1,10,7,22,12,5,11,5,58,0,0,9,1,10,13.2168,0.2653,0.3318,0.4005,0.7323,9.4406,7.2692,0.6136,3.4458,0.0000,0.0000,0.2273,0.2727,2.1364,0.5455,0.4545,0.3793,4.9091,121.2000,0.0000,1.4318,0.4851,2.1096,0.3132
758,2019,157,4,1,774,202,861,297,197,182,47,74,89,80,194,195,3098,1,23,23,7,16,6,134,40,2,4,9,14,0,0,1,8,7,23,19,11,10,4,57,0,3,6,10,12,12.3657,0.2545,0.3236,0.3837,0.7074,8.7628,8.0956,0.6227,3.2916,0.0000,0.0000,0.4783,0.3043,2.0435,0.6000,0.4000,0.4035,3.5585,129.0833,0.0000,1.3394,0.4987,2.4595,0.3144
785,0,0,0,0,0,0,0,0,0,0,0,0,0,0,0,0,0,0,0,0,0,0,0,0,0,0,0,0,0,0,0,0,0,0,0,0,0,0,0,0,0,0,0,0,0,0.0000,0.0000,0.0000,0.0000,0.0000,0.0000,0.0000,0.0000,0.0000,0.0000,0.0000,0.0000,0.0000,0.0000,0.0000,0.0000,0.0000,0.0000,0.0000,0.0000,0.0000,0.0000,0.0000,0.0000
792,0,0,0,0,0,0,0,0,0,0,0,0,0,0,0,0,0,0,0,0,0,0,0,0,0,0,0,0,0,0,0,0,0,0,0,0,0,0,0,0,0,0,0,0,0,0.0000,0.0000,0.0000,0.0000,0.0000,0.0000,0.0000,0.0000,0.0000,0.0000,0.0000,0.0000,0.0000,0.0000,0.0000,0.0000,0.0000,0.0000,0.0000,0.0000,0.0000,0.0000,0.0000,0.0000
793,0,0,0,0,0,0,0,0,0,0,0,0,0,0,0,0,0,0,0,0,0,0,0,0,0,0,0,0,0,0,0,0,0,0,0,0,0,0,0,0,0,0,0,0,0,0.0000,0.0000,0.0000,0.0000,0.0000,0.0000,0.0000,0.0000,0.0000,0.0000,0.0000,0.0000,0.0000,0.0000,0.0000,0.0000,0.0000,0.0000,0.0000,0.0000,0.0000,0.0000,0.0000,0.0000
794,0,0,0,0,0,0,0,0,0,0,0,0,0,0,0,0,0,0,0,0,0,0,0,0,0,0,0,0,0,0,0,0,0,0,0,0,0,0,0,0,0,0,0,0,0,0.0000,0.0000,0.0000,0.0000,0.0000,0.0000,0.0000,0.0000,0.0000,0.0000,0.0000,0.0000,0.0000,0.0000,0.0000,0.0000,0.0000,0.0000,0.0000,0.0000,0.0000,0.0000,0.0000,0.0000
795,0,0,0,0,0,0,0,0,0,0,0,0,0,0,0,0,0,0,0,0,0,0,0,0,0,0,0,0,0,0,0,0,0,0,0,0,0,0,0,0,0,0,0,0,0,0.0000,0.0000,0.0000,0.0000,0.0000,0.0000,0.0000,0.0000,0.0000,0.0000,0.0000,0.0000,0.0000,0.0000,0.0000,0.0000,0.0000,0.0000,0.0000,0.0000,0.0000,0.0000,0.0000,0.0000
796,0,0,0,0,0,0,0,0,0,0,0,0,0,0,0,0,0,0,0,0,0,0,0,0,0,0,0,0,0,0,0,0,0,0,0,0,0,0,0,0,0,0,0,0,0,0.0000,0.0000,0.0000,0.0000,0.0000,0.0000,0.0000,0.0000,0.0000,0.0000,0.0000,0.0000,0.0000,0.0000,0.0000,0.0000,0.0000,0.0000,0.0000,0.0000,0.0000,0.0000,0.0000,0.0000
797,0,0,0,0,0,0,0,0,0,0,0,0,0,0,0,0,0,0,0,0,0,0,0,0,0,0,0,0,0,0,0,0,0,0,0,0,0,0,0,0,0,0,0,0,0,0.0000,0.0000,0.0000,0.0000,0.0000,0.0000,0.0000,0.0000,0.0000,0.0000,0.0000,0.0000,0.0000,0.0000,0.0000,0.0000,0.0000,0.0000,0.0000,0.0000,0.0000,0.0000,0.0000,0.0000
798,0,0,0,0,0,0,0,0,0,0,0,0,0,0,0,0,0,0,0,0,0,0,0,0,0,0,0,0,0,0,0,0,0,0,0,0,0,0,0,0,0,0,0,0,0,0.0000,0.0000,0.0000,0.0000,0.0000,0.0000,0.0000,0.0000,0.0000,0.0000,0.0000,0.0000,0.0000,0.0000,0.0000,0.0000,0.0000,0.0000,0.0000,0.0000,0.0000,0.0000,0.0000,0.0000
799,0,0,0,0,0,0,0,0,0,0,0,0,0,0,0,0,0,0,0,0,0,0,0,0,0,0,0,0,0,0,0,0,0,0,0,0,0,0,0,0,0,0,0,0,0,0.0000,0.0000,0.0000,0.0000,0.0000,0.0000,0.0000,0.0000,0.0000,0.0000,0.0000,0.0000,0.0000,0.0000,0.0000,0.0000,0.0000,0.0000,0.0000,0.0000,0.0000,0.0000,0.0000,0.0000
800,0,0,0,0,0,0,0,0,0,0,0,0,0,0,0,0,0,0,0,0,0,0,0,0,0,0,0,0,0,0,0,0,0,0,0,0,0,0,0,0,0,0,0,0,0,0.0000,0.0000,0.0000,0.0000,0.0000,0.0000,0.0000,0.0000,0.0000,0.0000,0.0000,0.0000,0.0000,0.0000,0.0000,0.0000,0.0000,0.0000,0.0000,0.0000,0.0000,0.0000,0.0000,0.0000
809,0,0,0,0,0,0,0,0,0,0,0,0,0,0,0,0,0,0,0,0,0,0,0,0,0,0,0,0,0,0,0,0,0,0,0,0,0,0,0,0,0,0,0,0,0,0.0000,0.0000,0.0000,0.0000,0.0000,0.0000,0.0000,0.0000,0.0000,0.0000,0.0000,0.0000,0.0000,0.0000,0.0000,0.0000,0.0000,0.0000,0.0000,0.0000,0.0000,0.0000,0.0000,0.0000
812,0,0,0,0,0,0,0,0,0,0,0,0,0,0,0,0,0,0,0,0,0,0,0,0,0,0,0,0,0,0,0,0,0,0,0,0,0,0,0,0,0,0,0,0,0,0.0000,0.0000,0.0000,0.0000,0.0000,0.0000,0.0000,0.0000,0.0000,0.0000,0.0000,0.0000,0.0000,0.0000,0.0000,0.0000,0.0000,0.0000,0.0000,0.0000,0.0000,0.0000,0.0000,0.0000
813,0,0,0,0,0,0,0,0,0,0,0,0,0,0,0,0,0,0,0,0,0,0,0,0,0,0,0,0,0,0,0,0,0,0,0,0,0,0,0,0,0,0,0,0,0,0.0000,0.0000,0.0000,0.0000,0.0000,0.0000,0.0000,0.0000,0.0000,0.0000,0.0000,0.0000,0.0000,0.0000,0.0000,0.0000,0.0000,0.0000,0.0000,0.0000,0.0000,0.0000,0.0000,0.0000
814,0,0,0,0,0,0,0,0,0,0,0,0,0,0,0,0,0,0,0,0,0,0,0,0,0,0,0,0,0,0,0,0,0,0,0,0,0,0,0,0,0,0,0,0,0,0.0000,0.0000,0.0000,0.0000,0.0000,0.0000,0.0000,0.0000,0.0000,0.0000,0.0000,0.0000,0.0000,0.0000,0.0000,0.0000,0.0000,0.0000,0.0000,0.0000,0.0000,0.0000,0.0000,0.0000
815,0,0,0,0,0,0,0,0,0,0,0,0,0,0,0,0,0,0,0,0,0,0,0,0,0,0,0,0,0,0,0,0,0,0,0,0,0,0,0,0,0,0,0,0,0,0.0000,0.0000,0.0000,0.0000,0.0000,0.0000,0.0000,0.0000,0.0000,0.0000,0.0000,0.0000,0.0000,0.0000,0.0000,0.0000,0.0000,0.0000,0.0000,0.0000,0.0000,0.0000,0.0000,0.0000
816,0,0,0,0,0,0,0,0,0,0,0,0,0,0,0,0,0,0,0,0,0,0,0,0,0,0,0,0,0,0,0,0,0,0,0,0,0,0,0,0,0,0,0,0,0,0.0000,0.0000,0.0000,0.0000,0.0000,0.0000,0.0000,0.0000,0.0000,0.0000,0.0000,0.0000,0.0000,0.0000,0.0000,0.0000,0.0000,0.0000,0.0000,0.0000,0.0000,0.0000,0.0000,0.0000
